{
"type": "FeatureCollection",
"name": "Kenya_adm1_twende",
"crs": { "type": "name", "properties": { "name": "urn:ogc:def:crs:OGC:1.3:CRS84" } },
"features": [
{ "type": "Feature", "properties": { "ADM1_EN": "Garissa", "pop2009": 623060.0, "ADM0_EN": "Kenya", "longitude": 40.183100584565729, "latitude": -0.48197339687773399, "area": 44384.0, "landscape": "Mid-Tana" }, "geometry": { "type": "Polygon", "coordinates": [ [ [ 40.4008607, 0.1807285 ], [ 40.3936056, 0.1841289 ], [ 40.3853982, 0.1901591 ], [ 40.3737447, 0.1941036 ], [ 40.3496498, 0.1957415 ], [ 40.3333938, 0.1960135 ], [ 40.3285986, 0.1977138 ], [ 40.305881, 0.213798 ], [ 40.277586, 0.2277399 ], [ 40.2638466, 0.2329766 ], [ 40.2539162, 0.2377032 ], [ 40.2381023, 0.2476326 ], [ 40.2215402, 0.2607584 ], [ 40.2118907, 0.2705555 ], [ 40.1903811, 0.2954321 ], [ 40.1654264, 0.3201645 ], [ 40.156924300000014, 0.3265574 ], [ 40.143559, 0.3315561 ], [ 40.127099, 0.3414514 ], [ 40.0912103, 0.3687545 ], [ 40.091567400000017, 0.3690898 ], [ 40.0612138, 0.38952 ], [ 40.0610656, 0.3890475 ], [ 40.050342, 0.3928665 ], [ 40.0373849, 0.3937166 ], [ 40.0225912, 0.3942947 ], [ 40.004260699999989, 0.3978652 ], [ 39.9822573, 0.4054822 ], [ 39.96578, 0.4134943 ], [ 39.9661987, 0.4138983 ], [ 39.9450392, 0.4275603 ], [ 39.9261453, 0.4421137 ], [ 39.9153141, 0.4529401 ], [ 39.905629, 0.4601248 ], [ 39.8999001, 0.4599948 ], [ 39.8990296, 0.4597251 ], [ 39.8943023, 0.4594628 ], [ 39.8938445, 0.4596828 ], [ 39.890346, 0.4609063 ], [ 39.886723700000012, 0.4602952 ], [ 39.8787145, 0.456347 ], [ 39.8738491, 0.4571428 ], [ 39.8731383, 0.4575556 ], [ 39.8687443, 0.4611641 ], [ 39.8680652, 0.4621703 ], [ 39.8646358, 0.4640069 ], [ 39.857238900000013, 0.4682908 ], [ 39.8568546, 0.4689012 ], [ 39.8542003, 0.4732696 ], [ 39.8537636, 0.4735874 ], [ 39.8532667, 0.4738836 ], [ 39.852708299999989, 0.4741588 ], [ 39.8520838, 0.4744157 ], [ 39.851181, 0.4747213 ], [ 39.8406216, 0.476158 ], [ 39.8398952, 0.4766575 ], [ 39.8375163, 0.4779411 ], [ 39.8364272, 0.4780596 ], [ 39.8306938, 0.4772135 ], [ 39.8275121, 0.4768981 ], [ 39.819292, 0.4807225 ], [ 39.801028, 0.4817651 ], [ 39.8004284, 0.4820473 ], [ 39.7936455, 0.4868223 ], [ 39.7839614, 0.4897618 ], [ 39.77858, 0.4931049 ], [ 39.7772239, 0.4935264 ], [ 39.7758175, 0.4952752 ], [ 39.7745496, 0.4983094 ], [ 39.770332, 0.5022829 ], [ 39.769507, 0.5025143 ], [ 39.7653164, 0.5053779 ], [ 39.7648546, 0.5060702 ], [ 39.7637036, 0.5093556 ], [ 39.760697300000025, 0.510129 ], [ 39.7585104, 0.5106957 ], [ 39.7553834, 0.5131216 ], [ 39.7543663, 0.513345 ], [ 39.7472003, 0.5169171 ], [ 39.7405507, 0.5221582 ], [ 39.736768199999986, 0.5217052 ], [ 39.733085, 0.5237622 ], [ 39.7328981, 0.5244012 ], [ 39.7322669, 0.5300509 ], [ 39.727578199999989, 0.5368639 ], [ 39.7220818, 0.5449827 ], [ 39.718510699999989, 0.5438778 ], [ 39.7170821, 0.5493973 ], [ 39.716591, 0.5499735 ], [ 39.7118119, 0.555875 ], [ 39.7109945, 0.5560089 ], [ 39.7066325, 0.5599526 ], [ 39.6997705, 0.5683365 ], [ 39.6980456, 0.5726434 ], [ 39.6928359, 0.576135 ], [ 39.69063520000001, 0.5779705 ], [ 39.687337400000011, 0.5848954 ], [ 39.6860555, 0.5844259 ], [ 39.6808327, 0.588982 ], [ 39.6790955, 0.5930195 ], [ 39.6764192, 0.5966345 ], [ 39.675621, 0.599686 ], [ 39.6669818, 0.6099675 ], [ 39.6644463, 0.6132069 ], [ 39.6620987, 0.6195448 ], [ 39.6560419, 0.6274319 ], [ 39.6543985, 0.6319388 ], [ 39.6537881, 0.6359294 ], [ 39.6510649, 0.6416569 ], [ 39.6466983, 0.6546614 ], [ 39.6357584, 0.6643325 ], [ 39.632237, 0.665647 ], [ 39.6279173, 0.6676188 ], [ 39.6275417, 0.6705765 ], [ 39.6242072, 0.6751778 ], [ 39.6186433, 0.6782412 ], [ 39.614276700000012, 0.6829242 ], [ 39.6111779, 0.6894029 ], [ 39.6057901, 0.6947901 ], [ 39.6010714, 0.7009519 ], [ 39.5989585, 0.706656 ], [ 39.5977612, 0.7105996 ], [ 39.5934298, 0.7122545 ], [ 39.5832529, 0.7232754 ], [ 39.580647, 0.7257753 ], [ 39.5798723, 0.7275359 ], [ 39.5773721, 0.7288034 ], [ 39.5700123, 0.742113 ], [ 39.5642019, 0.7455636 ], [ 39.5612439, 0.7494368 ], [ 39.5607509, 0.7542958 ], [ 39.5610327, 0.7567606 ], [ 39.559448, 0.7615844 ], [ 39.5593072, 0.7725349 ], [ 39.5563492, 0.7771122 ], [ 39.555011, 0.7783094 ], [ 39.55207, 0.7912216 ], [ 39.5502497, 0.8047714 ], [ 39.534924899999979, 0.8486991 ], [ 39.5353929, 0.8489291 ], [ 39.5281883, 0.8673556 ], [ 39.5193042, 0.8909242 ], [ 39.5102149, 0.9066344 ], [ 39.5004247, 0.9278472 ], [ 39.4971321, 0.9396595 ], [ 39.4952019, 0.9535987 ], [ 39.4884672, 0.967848 ], [ 39.4809538, 0.9777064 ], [ 39.47962050000001, 0.9787306 ], [ 39.4739938, 0.9819319 ], [ 39.472627100000018, 0.9823747 ], [ 39.466155, 0.986018 ], [ 39.4622254, 0.9918377 ], [ 39.4579136, 0.9877936 ], [ 39.445287, 0.9831299 ], [ 39.4355293, 0.9801282 ], [ 39.3999963, 0.9670867 ], [ 39.3614497, 0.9512342 ], [ 39.3524309, 0.9463647 ], [ 39.332393499999988, 0.9323815 ], [ 39.3140002, 0.9224545 ], [ 39.2897905, 0.896509 ], [ 39.2808052, 0.8875067 ], [ 39.2683377, 0.8736926 ], [ 39.2491645, 0.8562886 ], [ 39.2355833, 0.8392048 ], [ 39.2350622, 0.8378077 ], [ 39.2301493, 0.8267153 ], [ 39.22792, 0.8202584 ], [ 39.2136852, 0.8008872 ], [ 39.2042875, 0.7927974 ], [ 39.1943963, 0.7770322 ], [ 39.1878343, 0.7625091 ], [ 39.1840248, 0.7550756 ], [ 39.182998, 0.7549983 ], [ 39.174396200000018, 0.7488669 ], [ 39.1735152, 0.7447849 ], [ 39.1735272, 0.7426192 ], [ 39.1690862, 0.7409715 ], [ 39.1683563, 0.7390008 ], [ 39.1735531, 0.7279097 ], [ 39.1722324, 0.7227929 ], [ 39.1732763, 0.7214588 ], [ 39.1720508, 0.719727 ], [ 39.161422, 0.712895 ], [ 39.161558600000014, 0.7123561 ], [ 39.1542203, 0.7085708 ], [ 39.152089, 0.7070154 ], [ 39.1485643, 0.7058771 ], [ 39.1445433, 0.6993267 ], [ 39.1433697, 0.6906274 ], [ 39.1338386, 0.6874826 ], [ 39.1189597, 0.6898866 ], [ 39.1121781, 0.6891511 ], [ 39.1070121, 0.6895352 ], [ 39.1008816, 0.6878902 ], [ 39.0975535, 0.685597 ], [ 39.0982084, 0.6815961 ], [ 39.0972226, 0.6802606 ], [ 39.0968145, 0.677592 ], [ 39.0886343, 0.6775145 ], [ 39.0844703, 0.6746538 ], [ 39.0694906, 0.6786479 ], [ 39.0661171, 0.6817367 ], [ 39.0596715, 0.6823226 ], [ 39.0564575, 0.6843123 ], [ 39.0498052, 0.6837987 ], [ 39.0480191, 0.6814175 ], [ 39.0473047, 0.6776671 ], [ 39.0425883, 0.6741849 ], [ 39.039803, 0.6705235 ], [ 39.0370363, 0.668263 ], [ 39.0368166, 0.6662857 ], [ 39.0323085, 0.6643513 ], [ 39.0262098, 0.6643513 ], [ 39.0249189, 0.6605225 ], [ 39.0239068, 0.657546 ], [ 39.0218825, 0.6542718 ], [ 39.0226565, 0.6507596 ], [ 39.0236686, 0.6495689 ], [ 39.0235496, 0.6448065 ], [ 39.022234, 0.6420429 ], [ 39.0186969, 0.6399209 ], [ 39.0165281, 0.6403211 ], [ 39.0126386, 0.6381998 ], [ 39.0116917, 0.6342731 ], [ 39.0130919, 0.6295128 ], [ 39.0119565, 0.6266771 ], [ 39.0122921, 0.6247036 ], [ 39.0003251, 0.6226688 ], [ 38.9882566, 0.6247601 ], [ 38.9845404, 0.6235194 ], [ 38.9794189, 0.6201932 ], [ 38.9789271, 0.6201329 ], [ 38.9684418, 0.6215197 ], [ 38.9600369, 0.6226017 ], [ 38.9524034, 0.6253998 ], [ 38.9478191, 0.6241496 ], [ 38.9412322, 0.6260476 ], [ 38.9393712, 0.625598 ], [ 38.9371258, 0.6242509 ], [ 38.9282191, 0.6074124 ], [ 38.9223812, 0.6017248 ], [ 38.9154205, 0.5994796 ], [ 38.9131751, 0.5972345 ], [ 38.9065887, 0.5962616 ], [ 38.9040439, 0.5945404 ], [ 38.90224760000001, 0.594241 ], [ 38.8973827, 0.5956629 ], [ 38.8953618, 0.5952139 ], [ 38.89364040000001, 0.5925946 ], [ 38.8911705, 0.5921456 ], [ 38.8869043, 0.5929688 ], [ 38.8779228, 0.5919211 ], [ 38.8750038, 0.5946152 ], [ 38.8738062, 0.5982074 ], [ 38.8726836, 0.5990306 ], [ 38.860898, 0.5980389 ], [ 38.8565225, 0.5952369 ], [ 38.8519012, 0.5910094 ], [ 38.8432977, 0.5872734 ], [ 38.8414295, 0.5838815 ], [ 38.8390205, 0.582456 ], [ 38.8354316, 0.582161 ], [ 38.828747, 0.5785932 ], [ 38.8242377, 0.5728924 ], [ 38.8191063, 0.5693682 ], [ 38.8173959, 0.5633564 ], [ 38.8150116, 0.5614389 ], [ 38.8123682, 0.5603505 ], [ 38.8106578, 0.5533022 ], [ 38.80143180000001, 0.5415377 ], [ 38.7935534, 0.5366661 ], [ 38.7886294, 0.5275965 ], [ 38.7836535, 0.521222 ], [ 38.7775892, 0.5168686 ], [ 38.7703328, 0.5139663 ], [ 38.7673784, 0.5105458 ], [ 38.7649315, 0.5102944 ], [ 38.7639901, 0.5108146 ], [ 38.7587225, 0.5129816 ], [ 38.7556564, 0.5155447 ], [ 38.7551081, 0.5204311 ], [ 38.7520468, 0.5234292 ], [ 38.7513263, 0.5236302 ], [ 38.7430746, 0.5217313 ], [ 38.7368043, 0.5189388 ], [ 38.7331002, 0.5190006 ], [ 38.7263408, 0.5228123 ], [ 38.7233573, 0.5231013 ], [ 38.7212062, 0.5206928 ], [ 38.7210637, 0.5200075 ], [ 38.7209129, 0.5188496 ], [ 38.7216661, 0.5154648 ], [ 38.7221667, 0.5148238 ], [ 38.7223547, 0.5116801 ], [ 38.7226663, 0.5106511 ], [ 38.7219554, 0.5112666 ], [ 38.718952, 0.5104008 ], [ 38.7178763, 0.5105692 ], [ 38.71067390000001, 0.5112456 ], [ 38.7086266, 0.5095943 ], [ 38.7081043, 0.5085424 ], [ 38.7051915, 0.5066375 ], [ 38.7045311, 0.5065141 ], [ 38.7036532, 0.5064195 ], [ 38.6988648, 0.5073297 ], [ 38.6975865, 0.5081091 ], [ 38.6909495, 0.5091033 ], [ 38.6850666, 0.5084901 ], [ 38.684344, 0.5081246 ], [ 38.6799166, 0.5069355 ], [ 38.6693487, 0.5080091 ], [ 38.6628998, 0.5088153 ], [ 38.661057100000022, 0.5087486 ], [ 38.6603588, 0.5076315 ], [ 38.6604674, 0.5056623 ], [ 38.6621865, 0.5049944 ], [ 38.6628328, 0.5031441 ], [ 38.6661338, 0.4994434 ], [ 38.673276199999989, 0.4980382 ], [ 38.6761824, 0.4942373 ], [ 38.6771872, 0.4879412 ], [ 38.6786804, 0.4740256 ], [ 38.6892159, 0.4495931 ], [ 38.6896409, 0.4483836 ], [ 38.6950169, 0.4233355 ], [ 38.7052456, 0.3850331 ], [ 38.707407499999974, 0.3754102 ], [ 38.7080199, 0.3753827 ], [ 38.71843430000002, 0.3370093 ], [ 38.726728, 0.3026588 ], [ 38.7332192, 0.2818452 ], [ 38.7542694, 0.1964121 ], [ 38.7534084, 0.1967713 ], [ 38.755189, 0.1904125 ], [ 38.7564391, 0.1727546 ], [ 38.7561583, 0.1703077 ], [ 38.7369328, 0.1476016 ], [ 38.735223, 0.1444183 ], [ 38.7346556, 0.1408249 ], [ 38.7335684, 0.139554 ], [ 38.732569500000011, 0.1327623 ], [ 38.7333653, 0.1290131 ], [ 38.7311373, 0.1190462 ], [ 38.7313258, 0.1009931 ], [ 38.7320833, 0.0988735 ], [ 38.7319894, 0.0901369 ], [ 38.7284775, 0.0841462 ], [ 38.7290793, 0.0790916 ], [ 38.7303145, 0.0774924 ], [ 38.73020260000002, 0.0716707 ], [ 38.7288789, 0.0665885 ], [ 38.7290124, 0.0630225 ], [ 38.730897, 0.0588327 ], [ 38.7304584, 0.0505493 ], [ 38.7311174, 0.0460453 ], [ 38.7330533, 0.0433731 ], [ 38.7318053, 0.0383618 ], [ 38.73369970000001, 0.0345264 ], [ 38.7336765, 0.0311893 ], [ 38.7353375, 0.0289508 ], [ 38.7361413, 0.0257522 ], [ 38.7366074, 0.0259853 ], [ 38.7401138, 0.0141627 ], [ 38.7401138, 0.0095228 ], [ 38.7386673, 0.0076109 ], [ 38.7380323, 0.0045887 ], [ 38.7332033, -0.0015627 ], [ 38.7325909, -0.0095157 ], [ 38.728621, -0.0215505 ], [ 38.7341484, -0.0335198 ], [ 38.7285793, -0.0634557 ], [ 38.7281444, -0.0633253 ], [ 38.7277123, -0.0680553 ], [ 38.7291371, -0.0672412 ], [ 38.7366678, -0.0733466 ], [ 38.7401279, -0.0743641 ], [ 38.7454198, -0.0731431 ], [ 38.7492869, -0.0757887 ], [ 38.758853, -0.0774168 ], [ 38.76485730000001, -0.0739571 ], [ 38.7702509, -0.0733466 ], [ 38.7736093, -0.07528 ], [ 38.7834807, -0.0826064 ], [ 38.7867372, -0.0842345 ], [ 38.7940644, -0.084438 ], [ 38.8017987, -0.0884065 ], [ 38.80821, -0.0882029 ], [ 38.8113648, -0.0906451 ], [ 38.8148249, -0.0912556 ], [ 38.822165, -0.0951161 ], [ 38.8315002, -0.0989819 ], [ 38.8328475, -0.0974664 ], [ 38.8370578, -0.0974664 ], [ 38.8394156, -0.0988135 ], [ 38.8422786, -0.0988346 ], [ 38.8484678, -0.1003501 ], [ 38.8502361, -0.0999713 ], [ 38.8499835, -0.0982031 ], [ 38.8554148, -0.0963087 ], [ 38.8580673, -0.0966876 ], [ 38.8590778, -0.0958035 ], [ 38.8622355, -0.0960561 ], [ 38.8680458, -0.0992135 ], [ 38.877266400000018, -0.0997187 ], [ 38.8797926, -0.1004764 ], [ 38.8853502, -0.0990872 ], [ 38.8936866, -0.1000975 ], [ 38.9051808, -0.0969402 ], [ 38.9160434, -0.0893624 ], [ 38.9178118, -0.0878469 ], [ 38.9198327, -0.0902465 ], [ 38.9194538, -0.0915094 ], [ 38.9218537, -0.0934039 ], [ 38.9251377, -0.0988346 ], [ 38.93259, -0.1045179 ], [ 38.9391581, -0.1045179 ], [ 38.9467367, -0.0966876 ], [ 38.9584835, -0.0923935 ], [ 38.966441, -0.0853209 ], [ 38.970104, -0.0844211 ], [ 38.9701987, -0.0835686 ], [ 38.9724723, -0.0827161 ], [ 38.9771142, -0.0845158 ], [ 38.9795772, -0.0838527 ], [ 38.9811876, -0.0841369 ], [ 38.9833665, -0.085463 ], [ 38.9847163, -0.0811282 ], [ 38.9800799, -0.0801911 ], [ 38.9778561, -0.0790275 ], [ 38.9772089, -0.0749489 ], [ 38.9786299, -0.0722967 ], [ 38.9776826, -0.0705917 ], [ 38.9776826, -0.0678448 ], [ 38.980998199999988, -0.0648137 ], [ 38.9847875, -0.0637717 ], [ 38.993408100000011, -0.0564781 ], [ 39.0007972, -0.0556256 ], [ 39.0013656, -0.054489 ], [ 39.0045865, -0.0580884 ], [ 39.0075232, -0.0587515 ], [ 39.0082811, -0.0578042 ], [ 39.009323099999989, -0.0581831 ], [ 39.0121651, -0.0536365 ], [ 39.0152913, -0.0533523 ], [ 39.01927, -0.0440696 ], [ 39.0229646, -0.0435012 ], [ 39.027417, -0.0467218 ], [ 39.0287432, -0.0479532 ], [ 39.0294064, -0.0499423 ], [ 39.0330062, -0.0539206 ], [ 39.0400164, -0.0570465 ], [ 39.0452266, -0.0562887 ], [ 39.0485423, -0.0542048 ], [ 39.0551735, -0.0537312 ], [ 39.059341800000013, -0.0513632 ], [ 39.0627521, -0.051079 ], [ 39.0708991, -0.0547731 ], [ 39.072699, -0.056857 ], [ 39.0736463, -0.0612142 ], [ 39.07402530000001, -0.0642453 ], [ 39.0767725, -0.0672764 ], [ 39.0775027, -0.0670594 ], [ 39.08473, -0.0724861 ], [ 39.0882351, -0.0802533 ], [ 39.0932559, -0.0852736 ], [ 39.1007397, -0.0901991 ], [ 39.1048132, -0.0971138 ], [ 39.1048132, -0.0989135 ], [ 39.1111603, -0.1070596 ], [ 39.1163358, -0.1094659 ], [ 39.1183599, -0.1115115 ], [ 39.1233808, -0.1145426 ], [ 39.1252754, -0.1161529 ], [ 39.1252754, -0.119847 ], [ 39.1236649, -0.1246779 ], [ 39.1278332, -0.1247726 ], [ 39.1316225, -0.1224045 ], [ 39.1354117, -0.1221204 ], [ 39.1383484, -0.126004 ], [ 39.1380643, -0.1279931 ], [ 39.1364538, -0.1301717 ], [ 39.1351276, -0.1328239 ], [ 39.1351276, -0.1354761 ], [ 39.1373064, -0.1384125 ], [ 39.1398432, -0.1400094 ], [ 39.1410644, -0.1403146 ], [ 39.1436595, -0.1410015 ], [ 39.1462545, -0.1403146 ], [ 39.148697, -0.1377198 ], [ 39.1493839, -0.1348198 ], [ 39.151521, -0.1334461 ], [ 39.154345, -0.1320724 ], [ 39.1564821, -0.1300118 ], [ 39.1652595, -0.1300882 ], [ 39.1668624, -0.131004 ], [ 39.1719762, -0.132225 ], [ 39.176174, -0.1361172 ], [ 39.1779295, -0.1390172 ], [ 39.1838829, -0.1395515 ], [ 39.1865543, -0.1387883 ], [ 39.194873699999988, -0.1442068 ], [ 39.1977741, -0.1445884 ], [ 39.2016667, -0.1441305 ], [ 39.2056356, -0.1438252 ], [ 39.2105967, -0.1450463 ], [ 39.2141077, -0.1442068 ], [ 39.2170844, -0.1381777 ], [ 39.2171607, -0.1358119 ], [ 39.2221982, -0.1319961 ], [ 39.2273119, -0.1373383 ], [ 39.2306703, -0.1390935 ], [ 39.2363947, -0.1426041 ], [ 39.2393713, -0.1443594 ], [ 39.2465459, -0.143062 ], [ 39.2506675, -0.1458857 ], [ 39.2538731, -0.1456568 ], [ 39.2566972, -0.144512 ], [ 39.2596739, -0.1474121 ], [ 39.2628795, -0.14787 ], [ 39.274023, -0.146191 ], [ 39.280129, -0.1426804 ], [ 39.2879905, -0.1417646 ], [ 39.2900513, -0.1443594 ], [ 39.2934096, -0.1442831 ], [ 39.2959283, -0.1454278 ], [ 39.2970732, -0.1453515 ], [ 39.299286599999988, -0.1427568 ], [ 39.3002789, -0.1403146 ], [ 39.3055453, -0.1406199 ], [ 39.3073008, -0.1441305 ], [ 39.3121856, -0.1455042 ], [ 39.318139, -0.1409251 ], [ 39.3195128, -0.1403909 ], [ 39.3211157, -0.141841 ], [ 39.3221079, -0.1449699 ], [ 39.3298931, -0.1510753 ], [ 39.3320302, -0.1556543 ], [ 39.3306563, -0.1642781 ], [ 39.3345489, -0.1661097 ], [ 39.3393574, -0.1643544 ], [ 39.3401207, -0.1643544 ], [ 39.3414945, -0.1692387 ], [ 39.3457687, -0.1723677 ], [ 39.3505009, -0.1663387 ], [ 39.3523327, -0.163286 ], [ 39.3546702, -0.1621004 ], [ 39.3566069, -0.1620649 ], [ 39.3598889, -0.1646597 ], [ 39.3634762, -0.169315 ], [ 39.3649264, -0.1694676 ], [ 39.3701928, -0.1751914 ], [ 39.372940500000013, -0.178473 ], [ 39.3736274, -0.1804573 ], [ 39.3798098, -0.1851126 ], [ 39.3817179, -0.1873258 ], [ 39.3831681, -0.1919811 ], [ 39.3879766, -0.1957206 ], [ 39.393701, -0.1969417 ], [ 39.3980515, -0.1906074 ], [ 39.4000784, -0.190402 ], [ 39.4049418, -0.1926904 ], [ 39.410162799999988, -0.1970527 ], [ 39.412523, -0.1963376 ], [ 39.4122369, -0.1951218 ], [ 39.4155984, -0.1926904 ], [ 39.4235371, -0.1916892 ], [ 39.4284005, -0.1926189 ], [ 39.4329778, -0.1978393 ], [ 39.4333354, -0.1999847 ], [ 39.437126, -0.2038464 ], [ 39.4394147, -0.2050621 ], [ 39.4428477, -0.2101395 ], [ 39.4433343, -0.2127886 ], [ 39.4468528, -0.2158605 ], [ 39.4517162, -0.215932 ], [ 39.4560074, -0.2151454 ], [ 39.45801, -0.2145733 ], [ 39.4587252, -0.2155029 ], [ 39.4586224, -0.2188291 ], [ 39.4582945, -0.2193156 ], [ 39.4604417, -0.2234408 ], [ 39.4625158, -0.2250141 ], [ 39.4649475, -0.2256577 ], [ 39.4680229, -0.2250141 ], [ 39.4715274, -0.2263728 ], [ 39.4714413, -0.2317497 ], [ 39.4735299, -0.2338817 ], [ 39.4763908, -0.244394 ], [ 39.4797522, -0.2483272 ], [ 39.4886208, -0.2469685 ], [ 39.4915531, -0.2509016 ], [ 39.4923398, -0.2535476 ], [ 39.4959874, -0.2534761 ], [ 39.4991343, -0.2523319 ], [ 39.501566, -0.2543342 ], [ 39.5024242, -0.2573378 ], [ 39.506447200000018, -0.2628621 ], [ 39.5065724, -0.2687083 ], [ 39.5075022, -0.2708537 ], [ 39.5132953, -0.2752874 ], [ 39.5130807, -0.2760026 ], [ 39.5130092, -0.2777189 ], [ 39.511364300000018, -0.2788631 ], [ 39.510506, -0.2800073 ], [ 39.5109351, -0.2823672 ], [ 39.5125086, -0.2839405 ], [ 39.5187309, -0.2832968 ], [ 39.5198037, -0.2850847 ], [ 39.5195176, -0.2866579 ], [ 39.518587799999985, -0.2875161 ], [ 39.5178726, -0.2905911 ], [ 39.514868799999988, -0.2938807 ], [ 39.5130808, -0.3008889 ], [ 39.5146542, -0.3033919 ], [ 39.5175865, -0.3036064 ], [ 39.5224499, -0.301032 ], [ 39.5246671, -0.2965267 ], [ 39.5267412, -0.2919499 ], [ 39.5287437, -0.2913062 ], [ 39.5322482, -0.2944528 ], [ 39.5338932, -0.298386 ], [ 39.5356812, -0.3000308 ], [ 39.5376838, -0.3003168 ], [ 39.5397579, -0.2991011 ], [ 39.541617400000021, -0.2950249 ], [ 39.543691499999973, -0.2950249 ], [ 39.5520594, -0.3057518 ], [ 39.5526316, -0.3085408 ], [ 39.5515587, -0.3122594 ], [ 39.5529176, -0.3157635 ], [ 39.554062, -0.3169077 ], [ 39.5591399, -0.3177659 ], [ 39.5579956, -0.3194107 ], [ 39.554062, -0.3204119 ], [ 39.55256, -0.3224857 ], [ 39.5529892, -0.3259898 ], [ 39.5553493, -0.3269195 ], [ 39.5587108, -0.3264189 ], [ 39.5600697, -0.326991 ], [ 39.5606418, -0.3291364 ], [ 39.559426, -0.3307812 ], [ 39.559569, -0.3323545 ], [ 39.5626444, -0.3348574 ], [ 39.5647185, -0.335501 ], [ 39.5696534, -0.335215 ], [ 39.57287179999998, -0.3383615 ], [ 39.5740162, -0.3399348 ], [ 39.5793802, -0.3425808 ], [ 39.5805245, -0.3463709 ], [ 39.5801669, -0.3485163 ], [ 39.5810252, -0.3505902 ], [ 39.5853164, -0.3506617 ], [ 39.5889639, -0.3455843 ], [ 39.5902513, -0.3457273 ], [ 39.5911811, -0.3486593 ], [ 39.5872475, -0.3524495 ], [ 39.587462, -0.35531 ], [ 39.5898937, -0.3574554 ], [ 39.5957584, -0.3580275 ], [ 39.596116, -0.3596007 ], [ 39.5954008, -0.3601013 ], [ 39.5956153, -0.3628903 ], [ 39.5989768, -0.36382 ], [ 39.5992629, -0.3648212 ], [ 39.593898900000013, -0.3692549 ], [ 39.5946141, -0.3722585 ], [ 39.5981186, -0.3729736 ], [ 39.599620500000022, -0.3730451 ], [ 39.6006218, -0.3742608 ], [ 39.5998351, -0.3763347 ], [ 39.5982616, -0.3770498 ], [ 39.5960445, -0.3772643 ], [ 39.5940419, -0.3784801 ], [ 39.5941134, -0.3819842 ], [ 39.596979, -0.3838383 ], [ 39.6007695, -0.3850137 ], [ 39.6012253, -0.3866689 ], [ 39.6010094, -0.3874125 ], [ 39.5986344, -0.3935774 ], [ 39.5998099, -0.3990706 ], [ 39.6040802, -0.3998382 ], [ 39.607534800000025, -0.4011335 ], [ 39.6080866, -0.4028847 ], [ 39.6052797, -0.408234 ], [ 39.6055196, -0.4113284 ], [ 39.6059515, -0.4118081 ], [ 39.6062394, -0.4124798 ], [ 39.6087344, -0.4135832 ], [ 39.6132206, -0.4132714 ], [ 39.6137244, -0.4129356 ], [ 39.6164833, -0.4131515 ], [ 39.617323, -0.4150225 ], [ 39.6116612, -0.421907 ], [ 39.6134716, -0.4281646 ], [ 39.6130527, -0.4349804 ], [ 39.6110135, -0.4391543 ], [ 39.6101258, -0.4448155 ], [ 39.6115892, -0.4473342 ], [ 39.615067900000028, -0.4483657 ], [ 39.6206097, -0.4475021 ], [ 39.6216892, -0.4502847 ], [ 39.6186185, -0.4544106 ], [ 39.619914, -0.457649 ], [ 39.622433, -0.4578409 ], [ 39.6265113, -0.4546265 ], [ 39.6278788, -0.4546265 ], [ 39.6297868, -0.4606609 ], [ 39.6346052, -0.4629734 ], [ 39.63576, -0.4647653 ], [ 39.6339898, -0.4675581 ], [ 39.6331281, -0.4683581 ], [ 39.6293738, -0.4719889 ], [ 39.6285737, -0.475989 ], [ 39.6307894, -0.4824506 ], [ 39.63002, -0.4890046 ], [ 39.6291276, -0.4897738 ], [ 39.6308509, -0.4959893 ], [ 39.6344206, -0.4998663 ], [ 39.6412522, -0.5003278 ], [ 39.6432833, -0.5026355 ], [ 39.642452399999989, -0.5058971 ], [ 39.6373748, -0.5116511 ], [ 39.6391289, -0.5144819 ], [ 39.6412215, -0.515405 ], [ 39.6441737, -0.515485 ], [ 39.6458311, -0.5145649 ], [ 39.6564583, -0.5096863 ], [ 39.6644789, -0.5072804 ], [ 39.6862681, -0.4956519 ], [ 39.6940213, -0.4953177 ], [ 39.7023092, -0.5034042 ], [ 39.7086588, -0.5156342 ], [ 39.7148634, -0.5203296 ], [ 39.7202494, -0.5241311 ], [ 39.7235761, -0.5275629 ], [ 39.7270611, -0.5359578 ], [ 39.7263219, -0.5469398 ], [ 39.7267443, -0.547943 ], [ 39.7312326, -0.5483654 ], [ 39.744064, -0.5461478 ], [ 39.7488163, -0.5457782 ], [ 39.7511721, -0.5472842 ], [ 39.7530131, -0.5473798 ], [ 39.755898, -0.5489824 ], [ 39.7599583, -0.5500507 ], [ 39.774778499999989, -0.5628852 ], [ 39.8107078, -0.5847049 ], [ 39.8182429, -0.5943348 ], [ 39.8215365, -0.6021686 ], [ 39.8224347, -0.6124472 ], [ 39.82048850000001, -0.6227258 ], [ 39.8219099, -0.6295177 ], [ 39.82354680000001, -0.6337263 ], [ 39.8286637, -0.6375026 ], [ 39.8353643, -0.6446898 ], [ 39.8426742, -0.6574806 ], [ 39.8443798, -0.6736823 ], [ 39.849984, -0.6842804 ], [ 39.8537608, -0.6880567 ], [ 39.8563192, -0.6925639 ], [ 39.8582685, -0.7007257 ], [ 39.8587558, -0.7205819 ], [ 39.8620452, -0.7255764 ], [ 39.8654565, -0.7292309 ], [ 39.8677713, -0.7337381 ], [ 39.8693551, -0.7400726 ], [ 39.8689896, -0.745798 ], [ 39.8641164, -0.7623651 ], [ 39.8665978, -0.7670757 ], [ 39.878898, -0.7839231 ], [ 39.8851424, -0.7967905 ], [ 39.8893777, -0.813567 ], [ 39.8912782, -0.8188335 ], [ 39.8996402, -0.8300721 ], [ 39.9029525, -0.8358815 ], [ 39.905233, -0.8548297 ], [ 39.90469, -0.8655797 ], [ 39.9059932, -0.8770356 ], [ 39.9070792, -0.8806189 ], [ 39.90431, -0.8937578 ], [ 39.9061561, -0.9011416 ], [ 39.906862, -0.9021732 ], [ 39.9122376, -0.9061366 ], [ 39.9202794, -0.9184947 ], [ 39.9242474, -0.9298614 ], [ 39.9270358, -0.9418178 ], [ 39.93204, -0.9516016 ], [ 39.9352936, -0.957152 ], [ 39.9378182, -0.9630936 ], [ 39.9397979, -0.9778479 ], [ 39.9391008, -0.9884103 ], [ 39.9355081, -1.0027258 ], [ 39.9358835, -1.0066398 ], [ 39.9418891, -1.0165873 ], [ 39.9467487, -1.0227029 ], [ 39.9520271, -1.0342639 ], [ 39.9576407, -1.0457411 ], [ 39.9627515, -1.0579723 ], [ 39.973978700000011, -1.0796701 ], [ 39.9888923, -1.1071484 ], [ 39.997187, -1.1225631 ], [ 40.0012087, -1.1336214 ], [ 40.0021303, -1.139737 ], [ 40.0051466, -1.1445122 ], [ 40.0153683, -1.162859 ], [ 40.0335496, -1.193437 ], [ 40.0362307, -1.1992175 ], [ 40.0372361, -1.2000553 ], [ 40.0501389, -1.2370002 ], [ 40.0522336, -1.2472208 ], [ 40.0523174, -1.2525824 ], [ 40.0580985, -1.2527499 ], [ 40.05804, -1.2679323 ], [ 40.0564236, -1.2796186 ], [ 40.0514795, -1.2970671 ], [ 40.0498876, -1.3071201 ], [ 40.0504741, -1.3185974 ], [ 40.0538255, -1.3257183 ], [ 40.0615337, -1.3397925 ], [ 40.0639635, -1.357888 ], [ 40.0858916, -1.4534163 ], [ 40.08830050000001, -1.4797238 ], [ 40.0910845, -1.4869329 ], [ 40.0929405, -1.4897166 ], [ 40.1020779, -1.5051341 ], [ 40.1071462, -1.5196237 ], [ 40.1101858, -1.5352297 ], [ 40.110199, -1.5403726 ], [ 40.1158747, -1.5587276 ], [ 40.1179281, -1.5637671 ], [ 40.1223917, -1.5757157 ], [ 40.12860160000001, -1.589663 ], [ 40.1316199, -1.6028248 ], [ 40.1397178, -1.624984 ], [ 40.145356, -1.6405832 ], [ 40.1506525, -1.6512923 ], [ 40.1565867, -1.6623707 ], [ 40.1565867, -1.6725016 ], [ 40.15508830000001, -1.6793777 ], [ 40.1562808, -1.6925793 ], [ 40.1643751, -1.7117829 ], [ 40.167938, -1.7186109 ], [ 40.170563, -1.7270011 ], [ 40.1701288, -1.7323025 ], [ 40.168129700000023, -1.7377922 ], [ 40.1629573, -1.7474904 ], [ 40.15868540000001, -1.7611591 ], [ 40.1586854, -1.7767074 ], [ 40.1606195, -1.797481 ], [ 40.1616175, -1.8083451 ], [ 40.1621186, -1.8238906 ], [ 40.165192900000015, -1.8327653 ], [ 40.1711745, -1.8409433 ], [ 40.1765384, -1.8466599 ], [ 40.180719200000027, -1.8531365 ], [ 40.1842695, -1.8601277 ], [ 40.1866654, -1.8688049 ], [ 40.1875933, -1.8800632 ], [ 40.18638, -1.8968407 ], [ 40.1866037, -1.907973 ], [ 40.1889595, -1.9256032 ], [ 40.1887419, -1.9284906 ], [ 40.1902666, -1.9320483 ], [ 40.1892719, -1.9431316 ], [ 40.1871402, -1.9525099 ], [ 40.185577, -1.955778 ], [ 40.1858462, -1.9594112 ], [ 40.18661680000001, -1.9591575 ], [ 40.1863726, -1.9606833 ], [ 40.190401, -1.9695326 ], [ 40.1963826, -1.9777716 ], [ 40.1987186, -1.9840152 ], [ 40.1984782, -1.9895431 ], [ 40.1963151, -1.9967535 ], [ 40.1963151, -2.0008393 ], [ 40.203768, -2.0108496 ], [ 40.2126183, -2.034346 ], [ 40.2127373, -2.035258 ], [ 40.2675627, -2.0093246 ], [ 40.2883902, -2.0023556 ], [ 40.362629, -1.9666093 ], [ 40.486888, -1.9084347 ], [ 40.60987140000001, -1.852046 ], [ 40.9051979, -1.7120792 ], [ 41.2012142, -1.6856669 ], [ 41.2774608, -1.6776934 ], [ 41.3512157, -1.6722117 ], [ 41.562490899999986, -1.653219 ], [ 41.5628209, -1.6005113 ], [ 41.4332567, -1.4258749 ], [ 41.4255233, -1.4142166 ], [ 41.3519965, -1.3166082 ], [ 41.0607447, -0.9234977 ], [ 40.9935236, -0.8323726 ], [ 40.9938387, -0.7948817 ], [ 40.9957703, -0.7938236 ], [ 40.9923343, -0.3782514 ], [ 40.9931059, -0.2601516 ], [ 40.9910178, -0.1204937 ], [ 40.9929674, -0.1199385 ], [ 40.9929553, 0.0008919 ], [ 40.9938728, -0.0002051 ], [ 40.994590100000011, 0.4629992 ], [ 40.988596, 0.4570004 ], [ 40.977665099999989, 0.4494885 ], [ 40.9657503, 0.4462167 ], [ 40.9526845, 0.4378337 ], [ 40.9479172, 0.4346179 ], [ 40.92924, 0.4270763 ], [ 40.916861, 0.4180991 ], [ 40.9018589, 0.4024334 ], [ 40.8860588, 0.3885848 ], [ 40.8703857, 0.3799064 ], [ 40.8553743, 0.3719652 ], [ 40.8510676, 0.3703172 ], [ 40.837656700000025, 0.3670292 ], [ 40.8310465, 0.3663037 ], [ 40.8277026, 0.3671361 ], [ 40.8284754, 0.3654468 ], [ 40.7871074, 0.3547352 ], [ 40.7774191, 0.3515189 ], [ 40.7756388, 0.3526884 ], [ 40.7642188, 0.3475231 ], [ 40.7572861, 0.3440572 ], [ 40.7478545, 0.336158 ], [ 40.7402769, 0.3260825 ], [ 40.7351983, 0.322536 ], [ 40.7206881, 0.3193925 ], [ 40.714762300000025, 0.3157311 ], [ 40.7120076, 0.31137 ], [ 40.7072889, 0.2955069 ], [ 40.6959163, 0.2748456 ], [ 40.6951777, 0.2742068 ], [ 40.6855831, 0.2689322 ], [ 40.6844863, 0.2662544 ], [ 40.6846649, 0.2574302 ], [ 40.67773660000001, 0.2496175 ], [ 40.664109100000012, 0.240546 ], [ 40.654159299999989, 0.2338904 ], [ 40.65053750000002, 0.2298609 ], [ 40.6455382, 0.2284327 ], [ 40.6378353, 0.2294783 ], [ 40.6337543, 0.2298354 ], [ 40.622149, 0.2286367 ], [ 40.613502299999986, 0.2295804 ], [ 40.6091918, 0.2267495 ], [ 40.6053093, 0.2222486 ], [ 40.6046715, 0.2221383 ], [ 40.598122, 0.223179 ], [ 40.5963111, 0.2226179 ], [ 40.588659199999981, 0.2124675 ], [ 40.5866697, 0.2119575 ], [ 40.5801146, 0.2146608 ], [ 40.573632, 0.2144982 ], [ 40.5676775, 0.2133635 ], [ 40.563246, 0.2154247 ], [ 40.5586383, 0.219532 ], [ 40.5557306, 0.2208582 ], [ 40.5531293, 0.2221271 ], [ 40.553171, 0.2233309 ], [ 40.5453751, 0.2256273 ], [ 40.5413706, 0.2276931 ], [ 40.5312191, 0.2240971 ], [ 40.5297907, 0.2231535 ], [ 40.5239289, 0.2189454 ], [ 40.5204338, 0.2121583 ], [ 40.513397, 0.2064343 ], [ 40.510822, 0.1997146 ], [ 40.5107654, 0.1977955 ], [ 40.509718799999987, 0.1922953 ], [ 40.5092072, 0.1914414 ], [ 40.5057148, 0.1893949 ], [ 40.5028051, 0.190509 ], [ 40.4990884, 0.1944863 ], [ 40.4985388, 0.1947027 ], [ 40.4944925, 0.194491 ], [ 40.4840753, 0.1854233 ], [ 40.4771538, 0.1835556 ], [ 40.4514768, 0.1828323 ], [ 40.448317, 0.1830592 ], [ 40.4481803, 0.182276 ], [ 40.4285209, 0.187076 ], [ 40.421039, 0.1857158 ], [ 40.4077077, 0.1800937 ], [ 40.4008607, 0.1807285 ] ] ] } },
{ "type": "Feature", "properties": { "ADM1_EN": "Isiolo", "pop2009": 143294.0, "ADM0_EN": "Kenya", "longitude": 38.541008426283469, "latitude": 1.0108940452512971, "area": 25467.0, "landscape": "Sabarwawa" }, "geometry": { "type": "Polygon", "coordinates": [ [ [ 37.5996798, 0.4002939 ], [ 37.585918, 0.4001357 ], [ 37.5856183, 0.4031803 ], [ 37.5851361, 0.403666 ], [ 37.583507, 0.4060547 ], [ 37.5832202, 0.4082988 ], [ 37.5831811, 0.4105559 ], [ 37.5832723, 0.4123668 ], [ 37.5823991, 0.4164351 ], [ 37.5821384, 0.41759 ], [ 37.5825554, 0.4249387 ], [ 37.5826597, 0.4255948 ], [ 37.58189070000001, 0.42902 ], [ 37.58212529999998, 0.4296892 ], [ 37.5823468, 0.4305684 ], [ 37.5818063, 0.438989 ], [ 37.5823185, 0.4399494 ], [ 37.5818645, 0.4417689 ], [ 37.5830244, 0.443199 ], [ 37.5827376, 0.4458236 ], [ 37.5823987, 0.4517749 ], [ 37.5830633, 0.4622861 ], [ 37.586399500000013, 0.4674426 ], [ 37.5867905, 0.4699884 ], [ 37.5864386, 0.4722193 ], [ 37.5875203, 0.4737676 ], [ 37.5874551, 0.4743975 ], [ 37.58725960000001, 0.4751062 ], [ 37.5879496, 0.4786575 ], [ 37.6571335, 0.5020627 ], [ 37.6570934, 0.5025445 ], [ 37.7243668, 0.5258525 ], [ 37.727095, 0.5274414 ], [ 37.7279164, 0.5264816 ], [ 37.7767188, 0.5434299 ], [ 37.7768054, 0.5429753 ], [ 37.8059307, 0.5531804 ], [ 37.8065777, 0.5528293 ], [ 37.806092299999982, 0.5540165 ], [ 37.829254, 0.5614858 ], [ 38.0631896, 0.6685163 ], [ 38.096035799999981, 0.5591503 ], [ 38.176784399999981, 0.3284364 ], [ 38.1794033, 0.3281762 ], [ 38.1975854, 0.3196006 ], [ 38.194167300000011, 0.2717774 ], [ 38.192923, 0.2476922 ], [ 38.192546, 0.2465736 ], [ 38.1924427, 0.2319493 ], [ 38.194617499999985, 0.2295181 ], [ 38.196711, 0.2261881 ], [ 38.2012393, 0.2239489 ], [ 38.2025326, 0.2238311 ], [ 38.203419099999984, 0.2226175 ], [ 38.2050772, 0.2228159 ], [ 38.20758630000001, 0.2215676 ], [ 38.2108881, 0.2203031 ], [ 38.2132185, 0.2200477 ], [ 38.2202042, 0.2150435 ], [ 38.2208092, 0.2142261 ], [ 38.2223018, 0.2144093 ], [ 38.2229137, 0.2139339 ], [ 38.2241843, 0.2132747 ], [ 38.2253825, 0.2137932 ], [ 38.227387100000016, 0.2135018 ], [ 38.2300744, 0.2140747 ], [ 38.2311486, 0.2124872 ], [ 38.2325681, 0.2113901 ], [ 38.235965, 0.2094969 ], [ 38.2360153, 0.2088993 ], [ 38.2398627, 0.2037859 ], [ 38.2402913, 0.2040181 ], [ 38.242066, 0.2039035 ], [ 38.2435091, 0.2046403 ], [ 38.2459859, 0.2034535 ], [ 38.24639950000001, 0.2016428 ], [ 38.2559135, 0.1950777 ], [ 38.2564136, 0.1944695 ], [ 38.258873299999983, 0.1910328 ], [ 38.2632742, 0.1891749 ], [ 38.2635561, 0.1862458 ], [ 38.263118899999988, 0.1858369 ], [ 38.2647669, 0.1813302 ], [ 38.2734509, 0.1738829 ], [ 38.276401, 0.1742347 ], [ 38.2768158, 0.1737847 ], [ 38.2806444, 0.1705699 ], [ 38.2816056, 0.1706487 ], [ 38.28511, 0.1667366 ], [ 38.2858577, 0.1665508 ], [ 38.286863, 0.1655834 ], [ 38.2874893, 0.1622258 ], [ 38.2883031, 0.1620367 ], [ 38.2929064, 0.1596158 ], [ 38.2940203, 0.1583496 ], [ 38.2951657, 0.1582594 ], [ 38.2984138, 0.1556812 ], [ 38.2994775, 0.1527267 ], [ 38.3003625, 0.1469618 ], [ 38.3017536, 0.1431276 ], [ 38.3037819, 0.1394666 ], [ 38.3044071, 0.1358626 ], [ 38.3059042, 0.1290014 ], [ 38.3065425, 0.1258751 ], [ 38.3051542, 0.1187976 ], [ 38.3061929, 0.1143336 ], [ 38.306804700000029, 0.1141441 ], [ 38.3080734, 0.111754 ], [ 38.3079389, 0.1092022 ], [ 38.3102511, 0.106183 ], [ 38.3187169, 0.1050654 ], [ 38.3192497, 0.1040472 ], [ 38.320289400000014, 0.0979335 ], [ 38.3220961, 0.0951122 ], [ 38.3225302, 0.0949165 ], [ 38.3247737, 0.0945263 ], [ 38.3264194, 0.0947487 ], [ 38.3269106, 0.094419 ], [ 38.3283758, 0.0930928 ], [ 38.3283288, 0.0923852 ], [ 38.3292344, 0.0911812 ], [ 38.3283621, 0.0879366 ], [ 38.327999399999989, 0.0874588 ], [ 38.3265797, 0.0855342 ], [ 38.3250766, 0.0791945 ], [ 38.3236585, 0.0754636 ], [ 38.325269399999989, 0.0720907 ], [ 38.3297993, 0.069172 ], [ 38.3375647, 0.0672034 ], [ 38.3413924, 0.0637616 ], [ 38.3411446, 0.0622747 ], [ 38.3403047, 0.0620545 ], [ 38.3382394, 0.0602785 ], [ 38.339038, 0.058475 ], [ 38.3483318, 0.0585439 ], [ 38.3496949, 0.0579243 ], [ 38.3491441, 0.0546065 ], [ 38.3461426, 0.0515364 ], [ 38.3472441, 0.0477367 ], [ 38.3471615, 0.0470896 ], [ 38.344008500000029, 0.042932 ], [ 38.3461426, 0.0402749 ], [ 38.3471202, 0.0403575 ], [ 38.3496811, 0.0406466 ], [ 38.3508514, 0.039091 ], [ 38.3536602, 0.0382374 ], [ 38.35834160000001, 0.0351123 ], [ 38.357722, 0.0331298 ], [ 38.3539356, 0.0291649 ], [ 38.3546791, 0.0237682 ], [ 38.3557531, 0.0196794 ], [ 38.3564002, 0.0190599 ], [ 38.359250300000021, 0.016155 ], [ 38.3644961, 0.012727 ], [ 38.3665614, 0.0117495 ], [ 38.3670571, 0.0095743 ], [ 38.3698796, 0.0076469 ], [ 38.3697549, 0.0057839 ], [ 38.3715319, 0.0029386 ], [ 38.3772458, 0.0022089 ], [ 38.3793937, -0.0002554 ], [ 38.379435, -0.0011915 ], [ 38.3787513, -0.003128 ], [ 38.3887595, -0.0068276 ], [ 38.3938624, -0.0104678 ], [ 38.3943067, -0.0118073 ], [ 38.3959673, -0.0129556 ], [ 38.3954222, -0.0133433 ], [ 38.3976193, -0.0148472 ], [ 38.4010699, -0.0160594 ], [ 38.402048, -0.0186614 ], [ 38.4026377, -0.0191709 ], [ 38.4015751, -0.0205097 ], [ 38.4020873, -0.022604 ], [ 38.4001164, -0.0229359 ], [ 38.4009257, -0.0264858 ], [ 38.4055294, -0.0286683 ], [ 38.4061775, -0.0298039 ], [ 38.4068381, -0.0300214 ], [ 38.4073834, -0.0320798 ], [ 38.4049198, -0.0319671 ], [ 38.4058778, -0.0345416 ], [ 38.4054424, -0.0375639 ], [ 38.4070334, -0.0396206 ], [ 38.4067763, -0.044159 ], [ 38.4117495, -0.0499563 ], [ 38.411352, -0.0520358 ], [ 38.412436, -0.0532856 ], [ 38.4114978, -0.0546917 ], [ 38.4139702, -0.0540556 ], [ 38.4115556, -0.0596385 ], [ 38.4126867, -0.0623584 ], [ 38.4115786, -0.0653096 ], [ 38.4137057, -0.0673752 ], [ 38.4143099, -0.0674887 ], [ 38.4149348, -0.0676625 ], [ 38.4166675, -0.0682103 ], [ 38.4190595, -0.0694339 ], [ 38.4193734, -0.0700908 ], [ 38.4208277, -0.0714114 ], [ 38.4206696, -0.0718886 ], [ 38.431752700000018, -0.0765789 ], [ 38.4334313, -0.0762059 ], [ 38.436621, -0.0731657 ], [ 38.4377213, -0.0730354 ], [ 38.452643, -0.0858106 ], [ 38.4585184, -0.0859039 ], [ 38.4691501, -0.0811481 ], [ 38.4818251, -0.0771529 ], [ 38.4866496, -0.0724589 ], [ 38.4874422, -0.0641806 ], [ 38.489732499999988, -0.0621822 ], [ 38.4902417, -0.0620665 ], [ 38.490953399999988, -0.0619707 ], [ 38.4936568, -0.062527 ], [ 38.4975075, -0.065358 ], [ 38.5036962, -0.0653773 ], [ 38.5105601, -0.0617238 ], [ 38.5174695, -0.0651408 ], [ 38.5182077, -0.0651879 ], [ 38.5226489, -0.0630887 ], [ 38.5288419, -0.0582862 ], [ 38.532257, -0.0559369 ], [ 38.532257, -0.0551951 ], [ 38.5321495, -0.0531799 ], [ 38.530967, -0.0501704 ], [ 38.5308633, -0.0454333 ], [ 38.5335431, -0.0439311 ], [ 38.5341704, -0.0439358 ], [ 38.5348419, -0.0439997 ], [ 38.5359392, -0.0441657 ], [ 38.5406269, -0.0450156 ], [ 38.542268, -0.0416394 ], [ 38.5421731, -0.0407659 ], [ 38.5430022, -0.0314854 ], [ 38.5434274, -0.0307781 ], [ 38.5480839, -0.0243018 ], [ 38.5493108, -0.020073 ], [ 38.5519432, -0.0182503 ], [ 38.5536429, -0.0182777 ], [ 38.559477599999987, -0.0204008 ], [ 38.5663227, -0.0203887 ], [ 38.5836016, -0.0275423 ], [ 38.5849544, -0.0276015 ], [ 38.5896722, -0.028593 ], [ 38.5937425, -0.0329837 ], [ 38.5997974, -0.0352888 ], [ 38.600529, -0.0353085 ], [ 38.6037557, -0.0343418 ], [ 38.6077546, -0.0307669 ], [ 38.6123067, -0.03154 ], [ 38.6139567, -0.0325095 ], [ 38.62656650000001, -0.0426336 ], [ 38.63690720000001, -0.0544776 ], [ 38.6394759, -0.0557088 ], [ 38.6462188, -0.0547342 ], [ 38.6511016, -0.0521479 ], [ 38.6551879, -0.0480434 ], [ 38.6592335, -0.0487051 ], [ 38.674245800000016, -0.0543185 ], [ 38.6812821, -0.0571424 ], [ 38.681976899999988, -0.0571603 ], [ 38.6858887, -0.0556082 ], [ 38.6862371, -0.0551592 ], [ 38.6871101, -0.0510533 ], [ 38.6869421, -0.0446989 ], [ 38.6884263, -0.04303 ], [ 38.6909476, -0.0433976 ], [ 38.6963758, -0.0514933 ], [ 38.7099169, -0.0607799 ], [ 38.7155655, -0.064399 ], [ 38.7255394, -0.0657731 ], [ 38.7275134, -0.0662921 ], [ 38.7281444, -0.0633253 ], [ 38.7285793, -0.0634557 ], [ 38.7341484, -0.0335198 ], [ 38.728621, -0.0215505 ], [ 38.7325909, -0.0095157 ], [ 38.7332033, -0.0015627 ], [ 38.7380323, 0.0045887 ], [ 38.7386673, 0.0076109 ], [ 38.7401138, 0.0095228 ], [ 38.7401138, 0.0141627 ], [ 38.7366074, 0.0259853 ], [ 38.7361413, 0.0257522 ], [ 38.7353375, 0.0289508 ], [ 38.7336765, 0.0311893 ], [ 38.73369970000001, 0.0345264 ], [ 38.7318053, 0.0383618 ], [ 38.7330533, 0.0433731 ], [ 38.7311174, 0.0460453 ], [ 38.7304584, 0.0505493 ], [ 38.7306037, 0.0601584 ], [ 38.7290124, 0.0630225 ], [ 38.7294101, 0.0702863 ], [ 38.73020260000002, 0.0716707 ], [ 38.7303145, 0.0774924 ], [ 38.7284775, 0.0806159 ], [ 38.7288386, 0.0855096 ], [ 38.7319894, 0.0901369 ], [ 38.7320833, 0.0988735 ], [ 38.7308846, 0.1038812 ], [ 38.7311373, 0.1190462 ], [ 38.7333653, 0.1290131 ], [ 38.732569500000011, 0.1327623 ], [ 38.7335684, 0.139554 ], [ 38.7346556, 0.1408249 ], [ 38.735223, 0.1444183 ], [ 38.7391487, 0.1504921 ], [ 38.7561583, 0.1703077 ], [ 38.7563589, 0.1793732 ], [ 38.755189, 0.1904125 ], [ 38.7534084, 0.1967713 ], [ 38.7542694, 0.1964121 ], [ 38.7332192, 0.2818452 ], [ 38.724974, 0.3103104 ], [ 38.7184743, 0.3375193 ], [ 38.7080199, 0.3753827 ], [ 38.7072462, 0.3759313 ], [ 38.706546, 0.3779817 ], [ 38.7035824, 0.3923499 ], [ 38.6949977, 0.4234206 ], [ 38.6886969, 0.4512935 ], [ 38.6784328, 0.474941 ], [ 38.6765602, 0.4930333 ], [ 38.6743094, 0.4972806 ], [ 38.6713354, 0.4987933 ], [ 38.6661338, 0.4994434 ], [ 38.6622012, 0.5037489 ], [ 38.661719, 0.5052133 ], [ 38.6604674, 0.5056623 ], [ 38.6603588, 0.5076315 ], [ 38.661057100000022, 0.5087486 ], [ 38.6632007, 0.5086992 ], [ 38.6699855, 0.508063 ], [ 38.6821653, 0.5071119 ], [ 38.6827115, 0.5073015 ], [ 38.683330399999981, 0.5075853 ], [ 38.684928299999989, 0.5084247 ], [ 38.6940996, 0.5089874 ], [ 38.697824499999989, 0.5079692 ], [ 38.6991296, 0.507179 ], [ 38.70401, 0.5064492 ], [ 38.7076499, 0.5078466 ], [ 38.7098419, 0.511072 ], [ 38.7165744, 0.5109352 ], [ 38.7176202, 0.5106252 ], [ 38.7211195, 0.510772 ], [ 38.7222526, 0.5115653 ], [ 38.7224903, 0.5141193 ], [ 38.722208699999989, 0.5147601 ], [ 38.7208709, 0.5180226 ], [ 38.720895, 0.5186332 ], [ 38.7210008, 0.5195859 ], [ 38.7223878, 0.522518 ], [ 38.7252266, 0.5231498 ], [ 38.7258151, 0.5229897 ], [ 38.726638599999987, 0.5227022 ], [ 38.7345172, 0.518675 ], [ 38.7397675, 0.5200195 ], [ 38.7478863, 0.5232804 ], [ 38.7521488, 0.5233863 ], [ 38.7552217, 0.5201851 ], [ 38.7555758, 0.5191223 ], [ 38.7560273, 0.5148992 ], [ 38.7613252, 0.5116353 ], [ 38.7626455, 0.5110674 ], [ 38.7647506, 0.5108608 ], [ 38.7649315, 0.5102944 ], [ 38.7673784, 0.5105458 ], [ 38.7714213, 0.5145364 ], [ 38.7802845, 0.5184752 ], [ 38.7845865, 0.5222585 ], [ 38.7913764, 0.53252 ], [ 38.7940198, 0.5374435 ], [ 38.80143180000001, 0.5415377 ], [ 38.8106578, 0.5533022 ], [ 38.8123682, 0.5603505 ], [ 38.8173959, 0.5633564 ], [ 38.8191063, 0.5693682 ], [ 38.8256371, 0.5741362 ], [ 38.828747, 0.5785932 ], [ 38.8354316, 0.582161 ], [ 38.8400038, 0.5828492 ], [ 38.8425602, 0.5850613 ], [ 38.8432977, 0.5872734 ], [ 38.8537202, 0.5921892 ], [ 38.8565225, 0.5952369 ], [ 38.860898, 0.5980389 ], [ 38.8726836, 0.5990306 ], [ 38.874405, 0.5968603 ], [ 38.8761265, 0.5931933 ], [ 38.8779228, 0.5919211 ], [ 38.8869264, 0.5929651 ], [ 38.8924428, 0.5920707 ], [ 38.8949128, 0.594241 ], [ 38.8961851, 0.5955881 ], [ 38.9000771, 0.5951391 ], [ 38.90224760000001, 0.594241 ], [ 38.9040439, 0.5945404 ], [ 38.9065887, 0.5962616 ], [ 38.9131751, 0.5972345 ], [ 38.917142, 0.600228 ], [ 38.9223812, 0.6017248 ], [ 38.9282191, 0.6074124 ], [ 38.9380288, 0.6251968 ], [ 38.9386403, 0.6254414 ], [ 38.9403194, 0.6258216 ], [ 38.9454972, 0.6248045 ], [ 38.9466284, 0.6243878 ], [ 38.9489503, 0.6242687 ], [ 38.9524034, 0.6253998 ], [ 38.9623115, 0.6220538 ], [ 38.9764982, 0.6205949 ], [ 38.9771815, 0.6203648 ], [ 38.9805267, 0.6205474 ], [ 38.9812669, 0.6208961 ], [ 38.9870459, 0.6247021 ], [ 38.987995, 0.6247585 ], [ 39.0003251, 0.6226688 ], [ 39.0122921, 0.6247036 ], [ 39.0121251, 0.6277936 ], [ 39.0130919, 0.6295128 ], [ 39.0116423, 0.6351627 ], [ 39.0126386, 0.6381998 ], [ 39.0165281, 0.6403211 ], [ 39.0186969, 0.6399209 ], [ 39.022234, 0.6420429 ], [ 39.0235496, 0.6448065 ], [ 39.0236686, 0.6495689 ], [ 39.021882499999982, 0.6531408 ], [ 39.0222993, 0.6551648 ], [ 39.0248594, 0.6593914 ], [ 39.025692899999989, 0.663618 ], [ 39.0262098, 0.6643513 ], [ 39.0323085, 0.6643513 ], [ 39.0368166, 0.6662857 ], [ 39.0376597, 0.6688567 ], [ 39.0413241, 0.6720782 ], [ 39.0441286, 0.6754722 ], [ 39.0473047, 0.6776671 ], [ 39.0484954, 0.6825486 ], [ 39.0508559, 0.6843123 ], [ 39.0564575, 0.6843123 ], [ 39.0596715, 0.6823226 ], [ 39.0661171, 0.6817367 ], [ 39.0694906, 0.6786479 ], [ 39.0844703, 0.6746538 ], [ 39.0886343, 0.6775145 ], [ 39.0968145, 0.677592 ], [ 39.0977916, 0.6807627 ], [ 39.098327500000011, 0.6829653 ], [ 39.0975535, 0.685597 ], [ 39.1008816, 0.6878902 ], [ 39.1070121, 0.6895352 ], [ 39.1121781, 0.6891511 ], [ 39.1189597, 0.6898866 ], [ 39.1338386, 0.6874826 ], [ 39.1433697, 0.6906274 ], [ 39.1445433, 0.6993267 ], [ 39.1495289, 0.7065987 ], [ 39.1531011, 0.7074917 ], [ 39.1603483, 0.7122048 ], [ 39.161558600000014, 0.7123561 ], [ 39.161422, 0.712895 ], [ 39.1720508, 0.719727 ], [ 39.1732763, 0.7214588 ], [ 39.1721594, 0.7232519 ], [ 39.1723551, 0.7238918 ], [ 39.1727572, 0.7254396 ], [ 39.1735531, 0.7279097 ], [ 39.1683563, 0.7390008 ], [ 39.1694758, 0.7415169 ], [ 39.1735272, 0.7426192 ], [ 39.1737046, 0.7477453 ], [ 39.174396200000018, 0.7488669 ], [ 39.182998, 0.7549983 ], [ 39.1840248, 0.7550756 ], [ 39.1919479, 0.7709161 ], [ 39.1978126, 0.7831497 ], [ 39.2059213, 0.7945761 ], [ 39.215823, 0.8031965 ], [ 39.229052, 0.8224183 ], [ 39.2321974, 0.8320812 ], [ 39.2375392, 0.8421083 ], [ 39.253184, 0.8605417 ], [ 39.27072, 0.8761542 ], [ 39.2814335, 0.8882985 ], [ 39.2986541, 0.9058536 ], [ 39.3143677, 0.9227298 ], [ 39.3395718, 0.9369293 ], [ 39.3566986, 0.9490112 ], [ 39.3996663, 0.9669932 ], [ 39.4252356, 0.976193 ], [ 39.4393749, 0.9817112 ], [ 39.455664500000012, 0.9865797 ], [ 39.46092620000001, 0.9904313 ], [ 39.461748, 0.9912931 ], [ 39.4642338, 0.9946284 ], [ 39.461537, 0.9969159 ], [ 39.447537800000013, 1.0314527 ], [ 39.4437409, 1.0436168 ], [ 39.4430918, 1.0450268 ], [ 39.4352947, 1.0605061 ], [ 39.4063595, 1.1372774 ], [ 39.346534, 1.2903495 ], [ 39.276616, 1.4721034 ], [ 39.2996098, 1.4815499 ], [ 39.3576738, 1.502118 ], [ 39.3670256, 1.506255 ], [ 39.444217, 1.5304709 ], [ 39.4436822, 1.5314941 ], [ 39.445791, 1.532168 ], [ 39.4391287, 1.5370304 ], [ 39.4346548, 1.5396561 ], [ 39.4245155, 1.5470835 ], [ 39.423299700000015, 1.5503049 ], [ 39.4218408, 1.5520676 ], [ 39.4197741, 1.5526146 ], [ 39.4127228, 1.5580241 ], [ 39.4058403, 1.5564583 ], [ 39.4018418, 1.5579633 ], [ 39.3962114, 1.5628333 ], [ 39.3955428, 1.56569 ], [ 39.3942662, 1.5679389 ], [ 39.3942054, 1.5717073 ], [ 39.3918347, 1.5718289 ], [ 39.3886603, 1.5709242 ], [ 39.3870898, 1.5713048 ], [ 39.3861207, 1.5736523 ], [ 39.3852089, 1.5796696 ], [ 39.3804675, 1.583985 ], [ 39.3769419, 1.5847144 ], [ 39.3721701, 1.5932541 ], [ 39.367915, 1.5984812 ], [ 39.3651188, 1.6047416 ], [ 39.3602558, 1.6080238 ], [ 39.3565781, 1.6160165 ], [ 39.3526878, 1.6200888 ], [ 39.351776, 1.6229454 ], [ 39.3460012, 1.6267139 ], [ 39.3441168, 1.6326096 ], [ 39.3399224, 1.6321841 ], [ 39.3371262, 1.6346153 ], [ 39.3350899, 1.638171 ], [ 39.3327192, 1.6398121 ], [ 39.3260933, 1.6404807 ], [ 39.3241482, 1.6413924 ], [ 39.3185557, 1.6520898 ], [ 39.3178263, 1.6523329 ], [ 39.3150383, 1.6496774 ], [ 39.312780900000014, 1.6498409 ], [ 39.308465, 1.6597482 ], [ 39.3072493, 1.6609638 ], [ 39.30151390000001, 1.6605873 ], [ 39.2937545, 1.6635166 ], [ 39.2880405, 1.6675889 ], [ 39.2846364, 1.6694123 ], [ 39.2843325, 1.6734238 ], [ 39.2739499, 1.6794781 ], [ 39.2722881, 1.6808841 ], [ 39.2638512, 1.6801172 ], [ 39.2579709, 1.685443 ], [ 39.2445485, 1.6941772 ], [ 39.2409266, 1.6957111 ], [ 39.2332353, 1.6958176 ], [ 39.2298265, 1.7007599 ], [ 39.2258211, 1.700419 ], [ 39.2179807, 1.7023789 ], [ 39.2155945, 1.7041258 ], [ 39.2089685, 1.7070443 ], [ 39.1996367, 1.7234051 ], [ 39.1979536, 1.7255567 ], [ 39.1975275, 1.7307121 ], [ 39.1920307, 1.7375716 ], [ 39.1870666, 1.7464124 ], [ 39.1807602, 1.7548059 ], [ 39.1772648, 1.7620257 ], [ 39.1771707, 1.7711012 ], [ 39.1704329, 1.790144 ], [ 39.1673562, 1.796881 ], [ 39.1643183, 1.7992954 ], [ 39.1608911, 1.8085248 ], [ 39.1517776, 1.8145608 ], [ 39.1497085, 1.8180208 ], [ 39.1490214, 1.8245279 ], [ 39.1472885, 1.8307699 ], [ 39.1427378, 1.8350788 ], [ 39.1419854, 1.8372833 ], [ 39.1431128, 1.8408741 ], [ 39.1426744, 1.8520012 ], [ 39.137997600000027, 1.8545481 ], [ 39.1362855, 1.8589321 ], [ 39.1302099, 1.8683473 ], [ 39.1283308, 1.8732742 ], [ 39.123695700000013, 1.8770736 ], [ 39.120731, 1.8803721 ], [ 39.1162543, 1.8822432 ], [ 39.1023581, 1.8911914 ], [ 39.0997898, 1.8955492 ], [ 39.0974931, 1.8963008 ], [ 39.094652, 1.8961536 ], [ 39.0899539, 1.8998962 ], [ 39.0872835, 1.9033778 ], [ 39.0843349, 1.9048047 ], [ 39.0766564, 1.9115123 ], [ 39.0728146, 1.915841 ], [ 39.066998, 1.9199494 ], [ 39.0633715, 1.9252034 ], [ 39.0618116, 1.9338991 ], [ 39.0546726, 1.9382331 ], [ 39.048114600000027, 1.9470153 ], [ 39.0464241, 1.9516648 ], [ 39.0442527, 1.9523746 ], [ 39.0336673, 1.9680945 ], [ 39.0328739, 1.9723115 ], [ 39.0284894, 1.9766956 ], [ 39.0266939, 1.9773219 ], [ 39.0225599, 1.9818729 ], [ 39.0193863, 1.9824157 ], [ 39.0155447, 1.9864657 ], [ 39.0079449, 1.9968204 ], [ 39.003207599999982, 1.999831 ], [ 38.9965254, 2.0079678 ], [ 38.9944744, 2.0179569 ], [ 38.9925558, 2.0249691 ], [ 38.995533, 2.0369428 ], [ 38.9914311, 2.0442197 ], [ 38.987263, 2.0485858 ], [ 38.9879907, 2.0662487 ], [ 38.9836242, 2.0716732 ], [ 38.9809116, 2.0756424 ], [ 38.9743618, 2.0821916 ], [ 38.9729062, 2.0854331 ], [ 38.9693997, 2.0880792 ], [ 38.9638423, 2.0946945 ], [ 38.959869700000013, 2.0924022 ], [ 38.9604934, 2.0911413 ], [ 38.386121, 1.7608054 ], [ 38.3868538, 1.760047 ], [ 38.3855611, 1.7598288 ], [ 38.3828958, 1.7506455 ], [ 38.3772033, 1.7257688 ], [ 38.3728995, 1.7129902 ], [ 38.3714942, 1.7011452 ], [ 38.3568648, 1.6390526 ], [ 38.3420565, 1.5760121 ], [ 38.2031273, 1.4652134 ], [ 37.94923150000001, 1.2647804 ], [ 37.946933, 1.2646783 ], [ 37.9496636, 1.1909706 ], [ 38.0320387, 1.0830994 ], [ 38.032778, 1.0802346 ], [ 38.0478135, 0.8025563 ], [ 38.0809049, 0.7807222 ], [ 38.075816, 0.7808568 ], [ 38.0729261, 0.780121 ], [ 38.0715079, 0.7810452 ], [ 38.0641034, 0.7776799 ], [ 38.05958, 0.7765492 ], [ 38.0545587, 0.7766379 ], [ 38.0481619, 0.7811976 ], [ 38.0461172, 0.7853259 ], [ 38.0418283, 0.7872771 ], [ 38.0345447, 0.7884804 ], [ 38.0265783, 0.7933184 ], [ 38.0229075, 0.7966872 ], [ 38.0182494, 0.7955834 ], [ 38.0166835, 0.7943719 ], [ 38.0163041, 0.7957632 ], [ 38.0176975, 0.8026027 ], [ 38.0157341, 0.8037426 ], [ 38.0129473, 0.802666 ], [ 38.008987, 0.7996487 ], [ 38.0093758, 0.794909 ], [ 38.0097805, 0.7909049 ], [ 38.0065854, 0.7875185 ], [ 38.0054991, 0.7863258 ], [ 38.0048388, 0.7862619 ], [ 38.0039228, 0.7862619 ], [ 38.0006851, 0.7857933 ], [ 37.9983208, 0.7801279 ], [ 37.9946996, 0.7763794 ], [ 37.9924844, 0.7766776 ], [ 37.9875213, 0.775634 ], [ 37.9863498, 0.774995 ], [ 37.9863285, 0.7741644 ], [ 37.9848587, 0.7713317 ], [ 37.9839428, 0.7707567 ], [ 37.9795761, 0.7658793 ], [ 37.9790649, 0.764644 ], [ 37.9776804, 0.7623438 ], [ 37.9759124, 0.7603843 ], [ 37.9757633, 0.7598093 ], [ 37.9753799, 0.7592129 ], [ 37.9736332, 0.7564228 ], [ 37.973761, 0.7554431 ], [ 37.972909, 0.7528021 ], [ 37.9677329, 0.7511834 ], [ 37.9671365, 0.7514816 ], [ 37.9640692, 0.7510983 ], [ 37.9601499, 0.7492453 ], [ 37.9575299, 0.7434734 ], [ 37.9546117, 0.7425363 ], [ 37.950543300000014, 0.7427493 ], [ 37.9501812, 0.7423233 ], [ 37.9469434, 0.7421316 ], [ 37.94656, 0.7417483 ], [ 37.9461766, 0.7411945 ], [ 37.938551, 0.7302684 ], [ 37.9342482, 0.7259875 ], [ 37.9313513, 0.7223667 ], [ 37.9299242, 0.7196618 ], [ 37.92658, 0.717532 ], [ 37.9234387, 0.7168557 ], [ 37.9207862, 0.717532 ], [ 37.918507, 0.7156578 ], [ 37.9183579, 0.7148697 ], [ 37.916323, 0.7113831 ], [ 37.9145872, 0.7110928 ], [ 37.9130038, 0.7133093 ], [ 37.9128772, 0.7149559 ], [ 37.9111038, 0.7185656 ], [ 37.9089856, 0.7191507 ], [ 37.9067872, 0.7180502 ], [ 37.9044535, 0.7204021 ], [ 37.9042635, 0.7257217 ], [ 37.9023635, 0.726735 ], [ 37.8979933, 0.7256584 ], [ 37.895269899999988, 0.7286982 ], [ 37.8928631, 0.7346511 ], [ 37.8887463, 0.7383241 ], [ 37.881019400000014, 0.7409839 ], [ 37.8799427, 0.7409839 ], [ 37.8774093, 0.7368676 ], [ 37.8767126, 0.7326246 ], [ 37.876885400000027, 0.7297147 ], [ 37.874521, 0.7264347 ], [ 37.873477300000019, 0.7259662 ], [ 37.8678539, 0.7246031 ], [ 37.867151, 0.7240706 ], [ 37.8631678, 0.7203647 ], [ 37.8597171, 0.7174681 ], [ 37.8591845, 0.7176598 ], [ 37.8585455, 0.7178302 ], [ 37.8578213, 0.7178515 ], [ 37.8552439, 0.715104 ], [ 37.8538381, 0.7146993 ], [ 37.8489602, 0.7123778 ], [ 37.8471283, 0.7075431 ], [ 37.8445083, 0.7038159 ], [ 37.843209, 0.6948493 ], [ 37.845892899999988, 0.6904192 ], [ 37.844082300000018, 0.686692 ], [ 37.8422718, 0.6860743 ], [ 37.8415049, 0.6855206 ], [ 37.8372022, 0.6786625 ], [ 37.8357964, 0.6783643 ], [ 37.8354555, 0.6778531 ], [ 37.8304776, 0.677022 ], [ 37.823101099999988, 0.6771929 ], [ 37.8201403, 0.6763197 ], [ 37.818202, 0.6743815 ], [ 37.8176694, 0.6742537 ], [ 37.8030359, 0.6737639 ], [ 37.79688, 0.6707608 ], [ 37.7938063, 0.6694226 ], [ 37.7853137, 0.6750418 ], [ 37.7765609, 0.6752164 ], [ 37.7729047, 0.672757 ], [ 37.772395, 0.6726905 ], [ 37.7706001, 0.6720258 ], [ 37.7598531, 0.6700318 ], [ 37.7591661, 0.6702533 ], [ 37.7535883, 0.6746156 ], [ 37.7500145, 0.6745738 ], [ 37.748995199999982, 0.6740864 ], [ 37.744785, 0.672048 ], [ 37.7441867, 0.6708959 ], [ 37.7411731, 0.6644483 ], [ 37.7380708, 0.6635178 ], [ 37.7365841, 0.6597967 ], [ 37.731600400000012, 0.6600392 ], [ 37.7295175, 0.6569373 ], [ 37.727877700000015, 0.6533258 ], [ 37.7261006, 0.6532105 ], [ 37.7160936, 0.6578968 ], [ 37.7118502, 0.6651796 ], [ 37.7092534, 0.6660662 ], [ 37.7041211, 0.6647668 ], [ 37.6989693, 0.6616332 ], [ 37.6963925, 0.662152 ], [ 37.6935775, 0.6619521 ], [ 37.691928499999982, 0.6615691 ], [ 37.6915288, 0.66022 ], [ 37.691212299999989, 0.6595372 ], [ 37.6899131, 0.658005 ], [ 37.6856323, 0.655207 ], [ 37.6842998, 0.6517594 ], [ 37.6829506, 0.6471627 ], [ 37.6836336, 0.6430323 ], [ 37.6819846, 0.6402344 ], [ 37.68003, 0.6415858 ], [ 37.6799984, 0.6429431 ], [ 37.6774129, 0.6440139 ], [ 37.6763534, 0.6389557 ], [ 37.6743257, 0.6394523 ], [ 37.6698067, 0.6333711 ], [ 37.6685691, 0.632919 ], [ 37.6633789, 0.6317466 ], [ 37.6611004, 0.6315267 ], [ 37.6599178, 0.6308772 ], [ 37.658242599999973, 0.6298459 ], [ 37.6513152, 0.6300753 ], [ 37.6466652, 0.6254364 ], [ 37.6449024, 0.6201157 ], [ 37.6417044, 0.6202823 ], [ 37.6398222, 0.6200158 ], [ 37.638839399999988, 0.6163351 ], [ 37.6388228, 0.6122047 ], [ 37.6428204, 0.6125378 ], [ 37.6433534, 0.6112721 ], [ 37.637690099999986, 0.6064089 ], [ 37.6369239, 0.6026949 ], [ 37.6371904, 0.5984979 ], [ 37.6369239, 0.5980315 ], [ 37.6365075, 0.5975985 ], [ 37.6360911, 0.5971322 ], [ 37.6356414, 0.5965992 ], [ 37.6331595, 0.5947672 ], [ 37.6305111, 0.5953335 ], [ 37.629311900000012, 0.5974986 ], [ 37.6283958, 0.5982481 ], [ 37.6271095, 0.5985279 ], [ 37.6238485, 0.5961995 ], [ 37.6190015, 0.5982481 ], [ 37.617543499999989, 0.5975447 ], [ 37.6165935, 0.5952015 ], [ 37.6042771, 0.5885217 ], [ 37.5969127, 0.5899751 ], [ 37.5911326, 0.5855756 ], [ 37.5844824, 0.5851323 ], [ 37.5834057, 0.5834857 ], [ 37.5839757, 0.5729732 ], [ 37.5828357, 0.5717066 ], [ 37.5793588, 0.5717004 ], [ 37.5766771, 0.572733 ], [ 37.5722586, 0.5694901 ], [ 37.5667331, 0.5689857 ], [ 37.5662168, 0.5694187 ], [ 37.5654173, 0.5701348 ], [ 37.5638983, 0.5705034 ], [ 37.5628744, 0.5700548 ], [ 37.5584548, 0.5689857 ], [ 37.5535911, 0.5704846 ], [ 37.5490772, 0.573699 ], [ 37.5477621, 0.5755298 ], [ 37.5441376, 0.575063 ], [ 37.5412242, 0.5724665 ], [ 37.5383741, 0.5670836 ], [ 37.534384, 0.5639172 ], [ 37.5291805, 0.565092 ], [ 37.5293197, 0.5660406 ], [ 37.524757, 0.5688568 ], [ 37.5205921, 0.5671195 ], [ 37.5154466, 0.5649938 ], [ 37.5121532, 0.5655637 ], [ 37.5082264, 0.5682869 ], [ 37.5042362, 0.5727832 ], [ 37.49335760000001, 0.5738391 ], [ 37.492024299999983, 0.5762276 ], [ 37.4936019, 0.5819437 ], [ 37.4939184, 0.5852247 ], [ 37.492136099999989, 0.5874898 ], [ 37.4913699, 0.5878062 ], [ 37.4845074, 0.5873732 ], [ 37.4807431, 0.586174 ], [ 37.475946, 0.5874398 ], [ 37.4718818, 0.5914869 ], [ 37.4672346, 0.5907541 ], [ 37.4622043, 0.5839923 ], [ 37.4559914, 0.5829097 ], [ 37.4470135, 0.5789292 ], [ 37.443026, 0.5806992 ], [ 37.4404008, 0.5802616 ], [ 37.4386852, 0.5781798 ], [ 37.4380356, 0.5780465 ], [ 37.4303598, 0.5811436 ], [ 37.4281932, 0.5808381 ], [ 37.4248457, 0.5775678 ], [ 37.4145825, 0.5775608 ], [ 37.4053032, 0.5770842 ], [ 37.403582900000018, 0.5763943 ], [ 37.3996942, 0.5765054 ], [ 37.3923471, 0.574295 ], [ 37.3902596, 0.5748126 ], [ 37.3870948, 0.5786194 ], [ 37.383121099999983, 0.5808797 ], [ 37.3797897, 0.5819813 ], [ 37.3733918, 0.5865927 ], [ 37.3686447, 0.5847607 ], [ 37.3652468, 0.5858551 ], [ 37.3660474, 0.5955272 ], [ 37.3643725, 0.5981789 ], [ 37.3614413, 0.5981789 ], [ 37.358231, 0.5970624 ], [ 37.3552999, 0.5980393 ], [ 37.3548274, 0.6057252 ], [ 37.3536249, 0.6118561 ], [ 37.354602, 0.6184156 ], [ 37.3532121, 0.6217049 ], [ 37.3505542, 0.6238586 ], [ 37.3484605, 0.6306972 ], [ 37.344136, 0.6347047 ], [ 37.3434471, 0.6352057 ], [ 37.3435006, 0.6383091 ], [ 37.3447173, 0.6404194 ], [ 37.3447173, 0.6424313 ], [ 37.3427408, 0.644596 ], [ 37.3346505, 0.6466897 ], [ 37.3329848, 0.6482125 ], [ 37.3325089, 0.65033 ], [ 37.3278148, 0.6569176 ], [ 37.3271788, 0.666723 ], [ 37.3258026, 0.6677823 ], [ 37.3199673, 0.6778421 ], [ 37.3147023, 0.6820839 ], [ 37.3133169, 0.6893873 ], [ 37.3122651, 0.6924255 ], [ 37.3099278, 0.6955805 ], [ 37.30883390000001, 0.6993287 ], [ 37.3060712, 0.7011894 ], [ 37.3064218, 0.7062141 ], [ 37.3043182, 0.7084343 ], [ 37.3011629, 0.7188342 ], [ 37.295670200000011, 0.7259622 ], [ 37.293216, 0.7278318 ], [ 37.2898971, 0.7345525 ], [ 37.2853224, 0.7365817 ], [ 37.2806627, 0.738465 ], [ 37.2797765, 0.7391665 ], [ 37.2740452, 0.7432107 ], [ 37.271712799999989, 0.7501507 ], [ 37.266817, 0.7523205 ], [ 37.2662201, 0.7561102 ], [ 37.2573383, 0.7623034 ], [ 37.2525468, 0.7628877 ], [ 37.2476385, 0.7617191 ], [ 37.2431976, 0.7559933 ], [ 37.241094, 0.7558765 ], [ 37.239341, 0.7548248 ], [ 37.2378218, 0.7508518 ], [ 37.2347833, 0.7485148 ], [ 37.2322122, 0.7485148 ], [ 37.2295243, 0.7471125 ], [ 37.2257846, 0.7430227 ], [ 37.2219281, 0.7386991 ], [ 37.2198245, 0.7376475 ], [ 37.2134983, 0.7378683 ], [ 37.209879, 0.7394902 ], [ 37.2077521, 0.7394902 ], [ 37.205875500000012, 0.7411164 ], [ 37.2051249, 0.7438685 ], [ 37.2031232, 0.7449943 ], [ 37.2003708, 0.7449943 ], [ 37.1974933, 0.7438685 ], [ 37.1917384, 0.7436183 ], [ 37.1847323, 0.7409913 ], [ 37.1818549, 0.740616 ], [ 37.1796169, 0.7411246 ], [ 37.1783206, 0.7432117 ], [ 37.1739418, 0.743587 ], [ 37.1724405, 0.7427114 ], [ 37.1715636, 0.7410851 ], [ 37.1664353, 0.7417106 ], [ 37.1640332, 0.7435883 ], [ 37.1634327, 0.7447129 ], [ 37.1626821, 0.7494664 ], [ 37.16155610000002, 0.7509676 ], [ 37.157928, 0.751593 ], [ 37.1535936, 0.7505202 ], [ 37.1521731, 0.7509676 ], [ 37.1525484, 0.758223 ], [ 37.1518089, 0.7593473 ], [ 37.1466683, 0.7587234 ], [ 37.1442913, 0.7593489 ], [ 37.1414138, 0.7590987 ], [ 37.139287, 0.7574725 ], [ 37.137160099999988, 0.7573474 ], [ 37.1346527, 0.7592521 ], [ 37.1322256, 0.7627734 ], [ 37.1281524, 0.7646028 ], [ 37.1279187, 0.7682457 ], [ 37.1247745, 0.7763617 ], [ 37.1200204, 0.7797392 ], [ 37.1185191, 0.7816156 ], [ 37.1167676, 0.7817407 ], [ 37.1108814, 0.7786192 ], [ 37.108835, 0.7802371 ], [ 37.10801, 0.7849932 ], [ 37.106759, 0.7862441 ], [ 37.1042187, 0.7865183 ], [ 37.0951832, 0.782845 ], [ 37.0923926, 0.7807129 ], [ 37.086182, 0.7806892 ], [ 37.0796106, 0.7784883 ], [ 37.0741059, 0.778113 ], [ 37.071979, 0.7769871 ], [ 37.0704624, 0.7731081 ], [ 37.0705698, 0.7719805 ], [ 37.0710531, 0.7684903 ], [ 37.0711155, 0.7651031 ], [ 37.0679692, 0.7633551 ], [ 37.062268, 0.7659854 ], [ 37.0598819, 0.7703674 ], [ 37.057584, 0.7703674 ], [ 37.0482767, 0.7650301 ], [ 37.0107595, 0.7509785 ], [ 37.0033849, 0.748019 ], [ 36.9961988, 0.7489945 ], [ 36.9937047, 0.7478234 ], [ 36.9935046, 0.7470097 ], [ 36.9907021, 0.7455683 ], [ 36.9798753, 0.7427608 ], [ 36.974541, 0.7453609 ], [ 36.9713329, 0.7423564 ], [ 36.9690384, 0.7417913 ], [ 36.9659858, 0.7404557 ], [ 36.9571034, 0.7423802 ], [ 36.949574399999989, 0.7418836 ], [ 36.9448391, 0.7442153 ], [ 36.942031299999989, 0.7467849 ], [ 36.9401753, 0.7494972 ], [ 36.935797, 0.752733 ], [ 36.9323774, 0.7461825 ], [ 36.9318376, 0.7406637 ], [ 36.9323433, 0.7407939 ], [ 36.9315836, 0.7308626 ], [ 36.9288875, 0.7284698 ], [ 36.9279445, 0.7274259 ], [ 36.92665490000001, 0.7071698 ], [ 36.9261346, 0.6873837 ], [ 36.9264945, 0.6858086 ], [ 36.9273265, 0.6720728 ], [ 36.9248624, 0.669942 ], [ 36.9240614, 0.6634846 ], [ 36.9227944, 0.6592269 ], [ 36.9178773, 0.659034 ], [ 36.9146842, 0.6602908 ], [ 36.9138932, 0.658102 ], [ 36.914228199999989, 0.6569361 ], [ 36.9133985, 0.6559048 ], [ 36.9124842, 0.6553343 ], [ 36.91317320000001, 0.647742 ], [ 36.9115002, 0.646687 ], [ 36.9105171, 0.6469 ], [ 36.9090271, 0.6405246 ], [ 36.9101221, 0.6375849 ], [ 36.9098281, 0.6312794 ], [ 36.9094731, 0.6308235 ], [ 36.9072734, 0.629527 ], [ 36.8983519, 0.6287146 ], [ 36.8966551, 0.628104 ], [ 36.8947429, 0.6205373 ], [ 36.8934858, 0.6201494 ], [ 36.8918112, 0.6224264 ], [ 36.8913551, 0.6224264 ], [ 36.8887925, 0.6077693 ], [ 36.8869286, 0.6082685 ], [ 36.8852101, 0.6111118 ], [ 36.883797699999981, 0.6102664 ], [ 36.8824947, 0.6060104 ], [ 36.8808151, 0.6056886 ], [ 36.879758400000014, 0.6031441 ], [ 36.87611840000001, 0.6031859 ], [ 36.8736126, 0.598367 ], [ 36.8707663, 0.5961005 ], [ 36.8701002, 0.5957458 ], [ 36.8680531, 0.5949361 ], [ 36.8676405, 0.5920481 ], [ 36.866380899999989, 0.5895075 ], [ 36.867967, 0.587731 ], [ 36.868510700000016, 0.583019 ], [ 36.8674232, 0.5780532 ], [ 36.8680032, 0.5755885 ], [ 36.8650307, 0.5713114 ], [ 36.8649792, 0.5690789 ], [ 37.2689055, 0.5206542 ], [ 37.3700103, 0.5102938 ], [ 37.3681435, 0.5059968 ], [ 37.3623428, 0.5015596 ], [ 37.3602339, 0.4977131 ], [ 37.3594498, 0.488509 ], [ 37.3614612, 0.4824412 ], [ 37.3596543, 0.478555 ], [ 37.3597907, 0.4725553 ], [ 37.3581883, 0.471294 ], [ 37.3573019, 0.4641352 ], [ 37.350225, 0.4554116 ], [ 37.3486082, 0.4438521 ], [ 37.3493582, 0.4399319 ], [ 37.3493241, 0.4370343 ], [ 37.3520175, 0.4280006 ], [ 37.3535517, 0.4104106 ], [ 37.3549154, 0.4083993 ], [ 37.3602339, 0.4057745 ], [ 37.362859, 0.4051268 ], [ 37.3662343, 0.3988203 ], [ 37.3675292, 0.3990837 ], [ 37.3697106, 0.3945984 ], [ 37.3705476, 0.3888649 ], [ 37.3708656, 0.3867751 ], [ 37.369970599999988, 0.3841287 ], [ 37.3708656, 0.3817385 ], [ 37.3714826, 0.3814995 ], [ 37.372139600000011, 0.3810416 ], [ 37.3771567, 0.3788918 ], [ 37.3794657, 0.3771999 ], [ 37.3794067, 0.3747511 ], [ 37.3784307, 0.3707695 ], [ 37.3782117, 0.3698146 ], [ 37.3781127, 0.3664299 ], [ 37.3798048, 0.3607764 ], [ 37.3823928, 0.3608964 ], [ 37.3838458, 0.3579696 ], [ 37.383009800000011, 0.3572527 ], [ 37.3843438, 0.3553619 ], [ 37.387449900000021, 0.3555209 ], [ 37.391491, 0.354078 ], [ 37.392268, 0.3508933 ], [ 37.3926563, 0.3455388 ], [ 37.392347, 0.342388 ], [ 37.392915, 0.3419201 ], [ 37.392497, 0.3405262 ], [ 37.392536, 0.3377594 ], [ 37.392198, 0.3368045 ], [ 37.393671, 0.3335298 ], [ 37.392895, 0.331808 ], [ 37.392148, 0.3249396 ], [ 37.391849, 0.3240736 ], [ 37.392337, 0.3235957 ], [ 37.393452, 0.319605 ], [ 37.394069, 0.3169873 ], [ 37.394318, 0.3154444 ], [ 37.3935153, 0.3144249 ], [ 37.3939518, 0.3128472 ], [ 37.392317400000024, 0.3105407 ], [ 37.394099, 0.3103479 ], [ 37.3953431, 0.3062772 ], [ 37.39389, 0.3042972 ], [ 37.39549310000001, 0.2999368 ], [ 37.3963291, 0.2986829 ], [ 37.393004, 0.2942733 ], [ 37.393263, 0.2935914 ], [ 37.3953931, 0.2922775 ], [ 37.394398, 0.2906056 ], [ 37.3945871, 0.2889638 ], [ 37.3878079, 0.2823294 ], [ 37.3874099, 0.2816134 ], [ 37.3867132, 0.2800181 ], [ 37.3891019, 0.2787667 ], [ 37.3873499, 0.2771738 ], [ 37.3872899, 0.2758199 ], [ 37.3869119, 0.275064 ], [ 37.3855189, 0.2736101 ], [ 37.3837668, 0.2734512 ], [ 37.3829108, 0.2727742 ], [ 37.3813819, 0.2729305 ], [ 37.3775872, 0.2701334 ], [ 37.3799775, 0.2678627 ], [ 37.4012326, 0.2823605 ], [ 37.4014557, 0.2931621 ], [ 37.431715, 0.2948689 ], [ 37.4702826, 0.279862 ], [ 37.5286654, 0.2633109 ], [ 37.5368383, 0.2610018 ], [ 37.5388811, 0.2667437 ], [ 37.5416999, 0.269079 ], [ 37.5446797, 0.2716558 ], [ 37.5439903, 0.2727949 ], [ 37.5476064, 0.2760899 ], [ 37.5476826, 0.2792446 ], [ 37.5488372, 0.2796508 ], [ 37.5481744, 0.2825583 ], [ 37.5462821, 0.2831249 ], [ 37.5480888, 0.2884268 ], [ 37.5504835, 0.2935256 ], [ 37.5500024, 0.296027 ], [ 37.549756599999981, 0.300292 ], [ 37.5501414, 0.3013075 ], [ 37.549852800000011, 0.3031675 ], [ 37.5501134, 0.3042926 ], [ 37.549671, 0.3051236 ], [ 37.5486234, 0.3048457 ], [ 37.5482599, 0.3060322 ], [ 37.5484951, 0.3068767 ], [ 37.5472122, 0.3095063 ], [ 37.5486768, 0.3125528 ], [ 37.5504621, 0.3158344 ], [ 37.550537, 0.317224 ], [ 37.5532524, 0.3217991 ], [ 37.5550056, 0.322355 ], [ 37.555401200000013, 0.3243539 ], [ 37.5559785, 0.3262993 ], [ 37.5709024, 0.3261932 ], [ 37.5735033, 0.326552 ], [ 37.5828684, 0.3263691 ], [ 37.590064299999987, 0.3339212 ], [ 37.6058578, 0.3516505 ], [ 37.5996798, 0.4002939 ] ] ] } },
{ "type": "Feature", "properties": { "ADM1_EN": "Kajiado", "pop2009": 687312.0, "ADM0_EN": "Kenya", "longitude": 36.908738003431637, "latitude": -2.1212622771072307, "area": 21985.0, "landscape": "Chyulu" }, "geometry": { "type": "Polygon", "coordinates": [ [ [ 36.822531, -1.3837945 ], [ 36.8208563, -1.3831692 ], [ 36.8207953, -1.3815418 ], [ 36.8158704, -1.3819712 ], [ 36.8124447, -1.3852679 ], [ 36.8124042, -1.3865578 ], [ 36.810709, -1.3860799 ], [ 36.8101864, -1.3855641 ], [ 36.808832099999989, -1.3881756 ], [ 36.8074207, -1.3884003 ], [ 36.8061961, -1.389267 ], [ 36.8060512, -1.3869344 ], [ 36.8047111, -1.387232 ], [ 36.8030566, -1.3888211 ], [ 36.800451100000011, -1.3874987 ], [ 36.7966401, -1.3883089 ], [ 36.7960641, -1.3875308 ], [ 36.7955949, -1.3855415 ], [ 36.7926422, -1.3857557 ], [ 36.7902885, -1.3884114 ], [ 36.78721, -1.3874502 ], [ 36.786077, -1.3885339 ], [ 36.7846426, -1.3887677 ], [ 36.7831167, -1.3891459 ], [ 36.7814877, -1.3880889 ], [ 36.7815967, -1.3863441 ], [ 36.7783416, -1.3865441 ], [ 36.7769376, -1.387464 ], [ 36.7766426, -1.3879569 ], [ 36.7745795, -1.3884479 ], [ 36.7720055, -1.3889638 ], [ 36.770466399999989, -1.3885079 ], [ 36.7688744, -1.3891768 ], [ 36.7680414, -1.3885259 ], [ 36.7676304, -1.3888118 ], [ 36.7665134, -1.3880419 ], [ 36.7664193, -1.387526 ], [ 36.766021, -1.3871487 ], [ 36.7647173, -1.3858561 ], [ 36.764261299999987, -1.3860921 ], [ 36.7614022, -1.3845302 ], [ 36.7588862, -1.3855271 ], [ 36.7557031, -1.3847152 ], [ 36.7548951, -1.3851112 ], [ 36.7542221, -1.3845122 ], [ 36.751119, -1.3844293 ], [ 36.750008, -1.3851162 ], [ 36.7453199, -1.3820275 ], [ 36.7437449, -1.3817925 ], [ 36.7422988, -1.3820805 ], [ 36.7407278, -1.3808736 ], [ 36.7393698, -1.3798357 ], [ 36.737611799999989, -1.3800097 ], [ 36.733446700000016, -1.3781958 ], [ 36.7321636, -1.3771119 ], [ 36.7294916, -1.3754041 ], [ 36.72566650000001, -1.3726713 ], [ 36.7244395, -1.3708115 ], [ 36.7209574, -1.3690786 ], [ 36.7204554, -1.3678308 ], [ 36.719637400000011, -1.3673078 ], [ 36.7188778, -1.3668602 ], [ 36.7131952, -1.3603834 ], [ 36.7089272, -1.3584256 ], [ 36.703306, -1.3526111 ], [ 36.6960349, -1.3533931 ], [ 36.6943108, -1.353798 ], [ 36.6898551, -1.3491263 ], [ 36.6895851, -1.3467478 ], [ 36.686677, -1.3426475 ], [ 36.686558, -1.3417936 ], [ 36.6862059, -1.3395011 ], [ 36.6846106, -1.3368246 ], [ 36.6831366, -1.3374965 ], [ 36.6799695, -1.3297382 ], [ 36.6768565, -1.3311161 ], [ 36.6720274, -1.3273784 ], [ 36.6718604, -1.3257796 ], [ 36.6734474, -1.3246187 ], [ 36.664529, -1.3201086 ], [ 36.6664424, -1.3148964 ], [ 36.6630835, -1.3095102 ], [ 36.6627033, -1.3059617 ], [ 36.6602871, -1.3034146 ], [ 36.4918026, -1.2704526 ], [ 36.5134161, -1.2423684 ], [ 36.537975599999982, -1.1540981 ], [ 36.5362125, -1.1542501 ], [ 36.4944876, -1.121277 ], [ 36.4703411, -1.1096851 ], [ 36.463343, -1.1070063 ], [ 36.3364623, -1.0475217 ], [ 36.3487235, -1.1749348 ], [ 36.1532195, -1.384176 ], [ 36.1528409, -1.383886 ], [ 36.0501575, -1.4926717 ], [ 36.0589397, -1.4980523 ], [ 36.0600537, -1.4994741 ], [ 36.061042799999981, -1.5083793 ], [ 36.0657111, -1.5188354 ], [ 36.0761421, -1.5474898 ], [ 36.0796653, -1.5531728 ], [ 36.0851023, -1.5631114 ], [ 36.084832, -1.5707082 ], [ 36.0862103, -1.5734423 ], [ 36.0830002, -1.5816647 ], [ 36.0803936, -1.5838745 ], [ 36.0791866, -1.5939866 ], [ 36.0761386, -1.5926519 ], [ 36.0754103, -1.591962 ], [ 36.0742109, -1.5922628 ], [ 36.073691, -1.5926877 ], [ 36.073073, -1.5934306 ], [ 36.069796, -1.5999621 ], [ 36.0684339, -1.6056595 ], [ 36.065986, -1.6099829 ], [ 36.0647229, -1.6101121 ], [ 36.0639189, -1.6096482 ], [ 36.0632698, -1.6094942 ], [ 36.0636418, -1.6114069 ], [ 36.0653729, -1.6141168 ], [ 36.0637649, -1.6162816 ], [ 36.0568987, -1.6185694 ], [ 36.057424699999977, -1.6202242 ], [ 36.0587547, -1.6208732 ], [ 36.0590638, -1.622821 ], [ 36.0582597, -1.6252328 ], [ 36.0554427, -1.6341275 ], [ 36.0533116, -1.6375557 ], [ 36.0521366, -1.6411424 ], [ 36.050342600000029, -1.6423482 ], [ 36.052600600000019, -1.644729 ], [ 36.0520436, -1.6483477 ], [ 36.0492916, -1.6476358 ], [ 36.0461635, -1.6501813 ], [ 36.0475366, -1.6513092 ], [ 36.0487036, -1.6512074 ], [ 36.0485495, -1.6522893 ], [ 36.0475285, -1.6538362 ], [ 36.0493846, -1.6547331 ], [ 36.050775600000023, -1.6555371 ], [ 36.0510236, -1.6578248 ], [ 36.0516935, -1.6585759 ], [ 36.0528786, -1.6624014 ], [ 36.051950600000012, -1.6652772 ], [ 36.0525386, -1.666761 ], [ 36.0543627, -1.6665141 ], [ 36.056744699999989, -1.6705487 ], [ 36.0577337, -1.6705487 ], [ 36.0583528, -1.6730225 ], [ 36.0575487, -1.6775061 ], [ 36.0544012, -1.6778758 ], [ 36.0551367, -1.6798259 ], [ 36.0592798, -1.6834745 ], [ 36.0573007, -1.6864123 ], [ 36.0623109, -1.689365 ], [ 36.0645379, -1.6952095 ], [ 36.0651869, -1.6966623 ], [ 36.0648779, -1.6988891 ], [ 36.061537799999989, -1.6993841 ], [ 36.0579198, -1.7032647 ], [ 36.0574248, -1.7069134 ], [ 36.0554147, -1.7099431 ], [ 36.0513326, -1.7057385 ], [ 36.047404499999985, -1.7051196 ], [ 36.0460445, -1.7072224 ], [ 36.0458275, -1.7083973 ], [ 36.045147500000013, -1.7094182 ], [ 36.044343499999989, -1.7094792 ], [ 36.0428895, -1.7109481 ], [ 36.0453945, -1.7184314 ], [ 36.0478376, -1.7201322 ], [ 36.0478686, -1.7257597 ], [ 36.048796600000024, -1.7307693 ], [ 36.0470646, -1.733614 ], [ 36.0452095, -1.7330571 ], [ 36.0434322, -1.7303156 ], [ 36.042673500000014, -1.7315272 ], [ 36.041467399999988, -1.7361338 ], [ 36.0417454, -1.7377426 ], [ 36.040631, -1.7404135 ], [ 36.0398284, -1.7409584 ], [ 36.0356843, -1.7430922 ], [ 36.0352513, -1.7511774 ], [ 36.0332413, -1.7543931 ], [ 36.0363539, -1.7600261 ], [ 36.0364965, -1.7627443 ], [ 36.0346945, -1.7623389 ], [ 36.031627199999988, -1.7604284 ], [ 36.0309232, -1.7608306 ], [ 36.0318802, -1.7647062 ], [ 36.0317882, -1.7681069 ], [ 36.0271802, -1.7719106 ], [ 36.0251081, -1.7745703 ], [ 36.0207007, -1.7762382 ], [ 36.0225101, -1.7788059 ], [ 36.0264991, -1.7797649 ], [ 36.0305812, -1.7803838 ], [ 36.0300562, -1.7812487 ], [ 36.0285475, -1.7819024 ], [ 36.0282328, -1.7912798 ], [ 36.0265124, -1.7908602 ], [ 36.0231554, -1.7924965 ], [ 36.02399470000001, -1.7945524 ], [ 36.0271208, -1.7963356 ], [ 36.0217287, -1.7990209 ], [ 36.0208475, -1.8006152 ], [ 36.0184876, -1.801392 ], [ 36.0178053, -1.8029858 ], [ 36.0168559, -1.8032408 ], [ 36.0168696, -1.8079416 ], [ 36.01948, -1.8077803 ], [ 36.021397, -1.8060485 ], [ 36.0235621, -1.8066664 ], [ 36.0290621, -1.8109261 ], [ 36.030143, -1.8198826 ], [ 36.0306122, -1.8212931 ], [ 36.028389, -1.823443 ], [ 36.0294659, -1.8261348 ], [ 36.0360167, -1.8227252 ], [ 36.0366161, -1.8213504 ], [ 36.0376014, -1.8207981 ], [ 36.039292, -1.8216036 ], [ 36.0414009, -1.8274358 ], [ 36.0385476, -1.8284702 ], [ 36.0441378, -1.8304417 ], [ 36.0438237, -1.8329989 ], [ 36.0416252, -1.8339859 ], [ 36.0413111, -1.8348383 ], [ 36.0432915, -1.8357638 ], [ 36.0462717, -1.8401905 ], [ 36.0496731, -1.8421925 ], [ 36.0485349, -1.8445288 ], [ 36.0481786, -1.8492466 ], [ 36.0494767, -1.8545306 ], [ 36.0508232, -1.8583915 ], [ 36.0490734, -1.8627433 ], [ 36.0493874, -1.8679923 ], [ 36.0521693, -1.8710879 ], [ 36.0474132, -1.8773687 ], [ 36.0452596, -1.8804194 ], [ 36.042253400000021, -1.8786698 ], [ 36.037946, -1.8792979 ], [ 36.037003800000015, -1.8825729 ], [ 36.0379909, -1.8837842 ], [ 36.0377254, -1.88847 ], [ 36.0379114, -1.8895219 ], [ 36.0353754, -1.8924287 ], [ 36.0338903, -1.8915628 ], [ 36.0333246, -1.8886743 ], [ 36.0317991, -1.8879565 ], [ 36.029735099999989, -1.8891678 ], [ 36.0283442, -1.8903791 ], [ 36.0273571, -1.8902894 ], [ 36.0265922, -1.8918788 ], [ 36.0311342, -1.8977869 ], [ 36.0320234, -1.898948 ], [ 36.0323824, -1.9034792 ], [ 36.0361513, -1.9042419 ], [ 36.0378114, -1.906171 ], [ 36.0411317, -1.9075169 ], [ 36.043734, -1.9063505 ], [ 36.0442276, -1.9068888 ], [ 36.0435097, -1.9111957 ], [ 36.0341771, -1.9150091 ], [ 36.0315747, -1.9153231 ], [ 36.0313055, -1.9169831 ], [ 36.0337733, -1.9182392 ], [ 36.0339079, -1.9198543 ], [ 36.0373627, -1.9188225 ], [ 36.0374076, -1.9252828 ], [ 36.0365748, -1.9296178 ], [ 36.0392024, -1.9299934 ], [ 36.0405035, -1.9312945 ], [ 36.0433302, -1.9382034 ], [ 36.0407796, -1.9471872 ], [ 36.0393366, -1.9484297 ], [ 36.0367312, -1.9491511 ], [ 36.0368915, -1.950113 ], [ 36.0394969, -1.9527983 ], [ 36.0417383, -1.9605893 ], [ 36.0391854, -1.9683162 ], [ 36.0398754, -1.9701099 ], [ 36.0376329, -1.9711448 ], [ 36.0369852, -1.9735989 ], [ 36.0378399, -1.9743874 ], [ 36.0399789, -1.9741459 ], [ 36.0399444, -1.9786303 ], [ 36.0387024, -1.9800101 ], [ 36.0381849, -1.984322 ], [ 36.0372189, -1.9855293 ], [ 36.0375639, -1.9883579 ], [ 36.035839, -1.9935322 ], [ 36.0367705, -1.9958089 ], [ 36.0362875, -2.002363 ], [ 36.033891, -2.0010202 ], [ 36.0323901, -2.0025128 ], [ 36.0369325, -2.0060054 ], [ 36.036874, -2.0074683 ], [ 36.0319061, -2.0152297 ], [ 36.031069, -2.0147149 ], [ 36.0308053, -2.0137857 ], [ 36.0300697, -2.0132361 ], [ 36.029215199999989, -2.0139879 ], [ 36.0282723, -2.0176901 ], [ 36.0284907, -2.0210594 ], [ 36.0279732, -2.0237501 ], [ 36.0284562, -2.0263372 ], [ 36.0250931, -2.0238223 ], [ 36.0238678, -2.0289934 ], [ 36.02193590000001, -2.0319944 ], [ 36.023350300000011, -2.0364098 ], [ 36.0230398, -2.0383416 ], [ 36.0216237, -2.0377405 ], [ 36.0226949, -2.0416876 ], [ 36.0247602, -2.0422131 ], [ 36.0259853, -2.0422951 ], [ 36.0273867, -2.0437573 ], [ 36.0273788, -2.0845604 ], [ 36.0010346, -2.0843985 ], [ 36.000615799999984, -2.1072113 ], [ 36.4668446, -2.3692423 ], [ 36.693464399999989, -2.4983094 ], [ 36.778092, -2.5432044 ], [ 37.0363816, -2.687768 ], [ 37.0862486, -2.7165633 ], [ 37.3806898, -2.881562 ], [ 37.5094075, -2.9532864 ], [ 37.5569645, -2.9833456 ], [ 37.580957, -2.9986962 ], [ 37.672929899999986, -3.0610274 ], [ 37.6922804, -3.1809065 ], [ 37.7911567, -3.1732824 ], [ 37.7945745, -3.1760788 ], [ 37.7964705, -3.1751209 ], [ 37.7972986, -3.1734211 ], [ 37.7993466, -3.1724401 ], [ 37.8003926, -3.1713732 ], [ 37.8012856, -3.1716782 ], [ 37.801089600000026, -3.1708503 ], [ 37.8034427, -3.1712863 ], [ 37.8043797, -3.1697174 ], [ 37.8087378, -3.1713512 ], [ 37.80873780000001, -3.1706323 ], [ 37.8119849, -3.1706543 ], [ 37.8155149, -3.1725711 ], [ 37.8164739, -3.1725711 ], [ 37.817672, -3.1749459 ], [ 37.818805, -3.1756868 ], [ 37.820069, -3.1771687 ], [ 37.8225531, -3.1772557 ], [ 37.8307252, -3.1840321 ], [ 37.8314653, -3.1866468 ], [ 37.8321853, -3.1867768 ], [ 37.8341893, -3.1891736 ], [ 37.8351263, -3.1891306 ], [ 37.8403784, -3.1889336 ], [ 37.8419465, -3.1876487 ], [ 37.8477436, -3.1862328 ], [ 37.8498786, -3.1854699 ], [ 37.8495516, -3.1834651 ], [ 37.8530817, -3.1822452 ], [ 37.8541717, -3.1819832 ], [ 37.8535827, -3.1796304 ], [ 37.8528427, -3.1786065 ], [ 37.8537137, -3.173399 ], [ 37.8544987, -3.1723101 ], [ 37.8548427, -3.0821044 ], [ 37.858852699999986, -3.0809625 ], [ 37.8634398, -3.0814724 ], [ 37.870874, -3.0807925 ], [ 37.8956543, -2.8874971 ], [ 37.9185958, -2.8707226 ], [ 37.9384245, -2.7731929 ], [ 37.9365896, -2.7712514 ], [ 37.9320477, -2.7668275 ], [ 37.9293459, -2.7601937 ], [ 37.9272049, -2.7489618 ], [ 37.9272829, -2.7422414 ], [ 37.9299, -2.7400326 ], [ 37.9309376, -2.7231274 ], [ 37.9243662, -2.7091285 ], [ 37.922207, -2.7063972 ], [ 37.9060506, -2.7047915 ], [ 37.9020788, -2.7029095 ], [ 37.8936802, -2.6767159 ], [ 37.8795868, -2.6623372 ], [ 37.8709053, -2.6472197 ], [ 37.8641171, -2.6305794 ], [ 37.8496182, -2.6054959 ], [ 37.7602103, -2.5027083 ], [ 37.7226867, -2.4579205 ], [ 37.7191337, -2.4539239 ], [ 37.5971838, -2.3136631 ], [ 37.5998399, -2.3115418 ], [ 37.6006869, -2.3131237 ], [ 37.602229, -2.3111319 ], [ 37.603883, -2.3114558 ], [ 37.604267, -2.3132357 ], [ 37.6084881, -2.309418 ], [ 37.6087201, -2.3081541 ], [ 37.6069991, -2.3057134 ], [ 37.6082101, -2.3044035 ], [ 37.611174100000014, -2.3035496 ], [ 37.6128152, -2.3011748 ], [ 37.6125902, -2.3005928 ], [ 37.6133582, -2.2992889 ], [ 37.6149662, -2.2993689 ], [ 37.6174673, -2.29878 ], [ 37.6210403, -2.3018557 ], [ 37.6215494, -2.3026836 ], [ 37.6226344, -2.3064873 ], [ 37.6249574, -2.3057264 ], [ 37.6266905, -2.3029016 ], [ 37.631401600000018, -2.3036355 ], [ 37.6328846, -2.3002159 ], [ 37.6317456, -2.2963052 ], [ 37.633578600000014, -2.2960212 ], [ 37.6369137, -2.2993089 ], [ 37.6379987, -2.2997589 ], [ 37.6429678, -2.298965 ], [ 37.6438271, -2.299489 ], [ 37.6439138, -2.3002618 ], [ 37.6464819, -2.3013537 ], [ 37.6476129, -2.298694 ], [ 37.6468789, -2.2975761 ], [ 37.6497899, -2.2927855 ], [ 37.654587, -2.2910787 ], [ 37.6564791, -2.2893318 ], [ 37.657829100000022, -2.2892398 ], [ 37.6586501, -2.2884849 ], [ 37.6623282, -2.2916076 ], [ 37.6644062, -2.2914756 ], [ 37.665623300000014, -2.2920716 ], [ 37.6707714, -2.2897028 ], [ 37.6707454, -2.287453 ], [ 37.6685483, -2.2861691 ], [ 37.6677803, -2.2829544 ], [ 37.6705463, -2.2827694 ], [ 37.6730474, -2.2811646 ], [ 37.6726504, -2.2795367 ], [ 37.6736304, -2.2731263 ], [ 37.673643399999989, -2.2700526 ], [ 37.6749664, -2.2689147 ], [ 37.6757014, -2.2689417 ], [ 37.6785395, -2.2675028 ], [ 37.6792475, -2.265698 ], [ 37.6768925, -2.2625623 ], [ 37.6788905, -2.254623 ], [ 37.6784335, -2.2488435 ], [ 37.6789295, -2.2445499 ], [ 37.6782415, -2.243683 ], [ 37.6762504, -2.2407192 ], [ 37.6763754, -2.2369086 ], [ 37.6762174, -2.2363266 ], [ 37.676713400000018, -2.2342288 ], [ 37.6757204, -2.2332429 ], [ 37.6753764, -2.2297372 ], [ 37.6795985, -2.2292143 ], [ 37.6801205, -2.2295483 ], [ 37.6812455, -2.2270735 ], [ 37.6844216, -2.2261606 ], [ 37.6870534, -2.2227674 ], [ 37.6888024, -2.2177591 ], [ 37.691749500000014, -2.2162192 ], [ 37.6961526, -2.2108959 ], [ 37.696178900000014, -2.2098719 ], [ 37.6981776, -2.2088845 ], [ 37.6986127, -2.2070031 ], [ 37.701005, -2.2052254 ], [ 37.701923, -2.2028604 ], [ 37.703529, -2.2008498 ], [ 37.7067056, -2.1970487 ], [ 37.7137728, -2.1934266 ], [ 37.7187162, -2.1923525 ], [ 37.7203045, -2.1927247 ], [ 37.72481830000001, -2.1931908 ], [ 37.7241734, -2.1905188 ], [ 37.7088561, -2.1847733 ], [ 37.707422, -2.1821925 ], [ 37.706817, -2.1752472 ], [ 37.70143190000001, -2.1674409 ], [ 37.6976398, -2.166517 ], [ 37.6931467, -2.1670589 ], [ 37.6654252, -2.1575958 ], [ 37.6205923, -2.1631083 ], [ 37.5929869, -2.1547622 ], [ 37.5740073, -2.1397865 ], [ 37.5647991, -2.1286355 ], [ 37.550029, -2.1290132 ], [ 37.545521699999973, -2.1270107 ], [ 37.5438957, -2.1240309 ], [ 37.5441037, -2.122773 ], [ 37.5452187, -2.1187264 ], [ 37.5422866, -2.1146328 ], [ 37.5374809, -2.1128595 ], [ 37.5356115, -2.1087383 ], [ 37.5349281, -2.1083779 ], [ 37.4904736, -2.090748 ], [ 37.490564100000022, -2.0913137 ], [ 37.4803767, -2.0872174 ], [ 37.471664, -2.0831945 ], [ 37.4531428, -2.0753924 ], [ 37.4529188, -2.0758473 ], [ 37.3796862, -2.0229052 ], [ 37.3601048, -2.013786 ], [ 37.3145709, -2.0092945 ], [ 37.3111618, -2.0062987 ], [ 37.3096008, -2.0045149 ], [ 37.303705700000023, -2.003782 ], [ 37.300996600000012, -2.0055668 ], [ 37.2973965, -2.0043239 ], [ 37.2830573, -1.9964227 ], [ 37.2808912, -1.9961037 ], [ 37.2759841, -1.9765095 ], [ 37.2680499, -1.9655495 ], [ 37.266360899999988, -1.9602289 ], [ 37.2578537, -1.959401 ], [ 37.2528186, -1.9537295 ], [ 37.2481985, -1.9516267 ], [ 37.2460315, -1.9455733 ], [ 37.2361853, -1.9370031 ], [ 37.22172, -1.9344543 ], [ 37.2146458, -1.9344863 ], [ 37.2134668, -1.9340713 ], [ 37.2111407, -1.9336254 ], [ 37.2061056, -1.9359832 ], [ 37.2050226, -1.9357602 ], [ 37.2005935, -1.9340713 ], [ 37.1988614, -1.9341878 ], [ 37.196483799999989, -1.9355964 ], [ 37.1904616, -1.9364564 ], [ 37.187402299999981, -1.9351233 ], [ 37.1852672, -1.9322875 ], [ 37.1834192, -1.9312356 ], [ 37.1844072, -1.9255971 ], [ 37.174625, -1.9207856 ], [ 37.173955, -1.9201806 ], [ 37.1711199, -1.9180778 ], [ 37.1712149, -1.9145731 ], [ 37.1687619, -1.9118014 ], [ 37.1673918, -1.9091246 ], [ 37.1669138, -1.9089016 ], [ 37.1663078, -1.9085837 ], [ 37.1606837, -1.9006664 ], [ 37.158833300000019, -1.8998542 ], [ 37.1582416, -1.892584 ], [ 37.1572629, -1.8908571 ], [ 37.1544226, -1.8892444 ], [ 37.1543586, -1.8865677 ], [ 37.1560156, -1.8856758 ], [ 37.1566863, -1.8859338 ], [ 37.1595941, -1.8865827 ], [ 37.1611157, -1.8816813 ], [ 37.161115699999989, -1.8764397 ], [ 37.1635672, -1.8746647 ], [ 37.1622992, -1.8688325 ], [ 37.1631446, -1.8664658 ], [ 37.1627397, -1.8581802 ], [ 37.1611777, -1.8572563 ], [ 37.1573226, -1.8511389 ], [ 37.1570676, -1.849578 ], [ 37.1566536, -1.8471882 ], [ 37.1529565, -1.8446395 ], [ 37.1511725, -1.8446395 ], [ 37.1482094, -1.8417397 ], [ 37.1441943, -1.8419947 ], [ 37.14260130000001, -1.8397009 ], [ 37.1448313, -1.8365472 ], [ 37.1489104, -1.8354003 ], [ 37.1495474, -1.8328195 ], [ 37.1481134, -1.8315767 ], [ 37.1449913, -1.8308117 ], [ 37.1439713, -1.8262881 ], [ 37.144385299999989, -1.8236754 ], [ 37.1449273, -1.8231334 ], [ 37.146679399999989, -1.8209676 ], [ 37.1457873, -1.8190558 ], [ 37.1427603, -1.8148822 ], [ 37.1510774, -1.805419 ], [ 37.1533395, -1.8036032 ], [ 37.1538815, -1.8010864 ], [ 37.1520965, -1.7964988 ], [ 37.1611194, -1.7826805 ], [ 37.161177599999988, -1.7798353 ], [ 37.1608906, -1.7793574 ], [ 37.1583736, -1.7790074 ], [ 37.1545825, -1.7799623 ], [ 37.1529255, -1.7781785 ], [ 37.1531485, -1.7761717 ], [ 37.1578636, -1.7688753 ], [ 37.1594256, -1.7668685 ], [ 37.1585016, -1.7647017 ], [ 37.1571626, -1.7640328 ], [ 37.1506944, -1.7625669 ], [ 37.1494524, -1.7601771 ], [ 37.1479544, -1.7542837 ], [ 37.1498664, -1.7437696 ], [ 37.1486733, -1.7401205 ], [ 37.148241400000011, -1.7395948 ], [ 37.147565299999989, -1.7389939 ], [ 37.1429251, -1.7378924 ], [ 37.1392087, -1.7393695 ], [ 37.1353018, -1.7421676 ], [ 37.1246362, -1.7405149 ], [ 37.1165237, -1.7383743 ], [ 37.1118476, -1.7347404 ], [ 37.0070284, -1.5948661 ], [ 37.001159299999983, -1.5998677 ], [ 36.9917431, -1.5875888 ], [ 36.99810320000001, -1.5829792 ], [ 36.9848329, -1.5643399 ], [ 36.9789478, -1.5547828 ], [ 36.9726408, -1.5534942 ], [ 36.972406, -1.555519 ], [ 36.9733177, -1.5567856 ], [ 36.9683738, -1.5559942 ], [ 36.9642157, -1.5533772 ], [ 36.9576848, -1.543579 ], [ 36.9574292, -1.5388952 ], [ 36.959802, -1.5320259 ], [ 36.9633039, -1.532409 ], [ 36.9651251, -1.5259107 ], [ 36.9649756, -1.5171888 ], [ 36.9645246, -1.513414 ], [ 36.9669165, -1.5112101 ], [ 36.969753, -1.5095404 ], [ 36.9719329, -1.5049129 ], [ 36.9755373, -1.5008533 ], [ 36.9744, -1.4972664 ], [ 36.9718989, -1.4936381 ], [ 36.9726629, -1.4902617 ], [ 36.978829499999989, -1.4776585 ], [ 36.9482527, -1.4626138 ], [ 36.9503449, -1.4578181 ], [ 36.9441037, -1.4557889 ], [ 36.9342, -1.4567358 ], [ 36.9315318, -1.4593094 ], [ 36.9288027, -1.4583525 ], [ 36.9277597, -1.4578446 ], [ 36.92423560000001, -1.4593284 ], [ 36.9232162, -1.4590485 ], [ 36.9212771, -1.4621292 ], [ 36.9214601, -1.4625507 ], [ 36.9212766, -1.463867 ], [ 36.9167725, -1.4654106 ], [ 36.91316040000001, -1.4673758 ], [ 36.9100453, -1.4688456 ], [ 36.90884830000001, -1.4709224 ], [ 36.9071688, -1.4710922 ], [ 36.9058077, -1.4729956 ], [ 36.9048702, -1.4735333 ], [ 36.9034482, -1.474886 ], [ 36.9018768, -1.4743232 ], [ 36.9001302, -1.4764265 ], [ 36.898417, -1.4774876 ], [ 36.8948477, -1.4806663 ], [ 36.8941101, -1.4809376 ], [ 36.8898519, -1.4856091 ], [ 36.8888085, -1.4864574 ], [ 36.88458, -1.4868456 ], [ 36.8786698, -1.4778113 ], [ 36.8912313, -1.4129964 ], [ 36.895172, -1.4135695 ], [ 36.8957595, -1.4120512 ], [ 36.8921392, -1.4104295 ], [ 36.8855931, -1.4072863 ], [ 36.884597400000011, -1.4074753 ], [ 36.8805347, -1.4061786 ], [ 36.8794437, -1.40757 ], [ 36.8757509, -1.4062467 ], [ 36.8712495, -1.4077795 ], [ 36.870231, -1.4057715 ], [ 36.8704332, -1.404768 ], [ 36.8693269, -1.4035465 ], [ 36.8670609, -1.4044667 ], [ 36.8663437, -1.4041767 ], [ 36.8636834, -1.4038385 ], [ 36.8622848, -1.4018132 ], [ 36.8568373, -1.398662 ], [ 36.8535604, -1.3980985 ], [ 36.84949, -1.3957169 ], [ 36.8470066, -1.3924148 ], [ 36.8463352, -1.3922334 ], [ 36.8448055, -1.3899356 ], [ 36.845232, -1.3878979 ], [ 36.8440959, -1.3865718 ], [ 36.8413684, -1.3872112 ], [ 36.8403727, -1.3882589 ], [ 36.8380304, -1.3868646 ], [ 36.837380799999984, -1.387189 ], [ 36.836783, -1.3888253 ], [ 36.831511, -1.3874281 ], [ 36.828318, -1.3872896 ], [ 36.824823699999989, -1.3856229 ], [ 36.8242171, -1.3856765 ], [ 36.8225234, -1.3846624 ], [ 36.822531, -1.3837945 ] ] ] } },
{ "type": "Feature", "properties": { "ADM1_EN": "Kitui", "pop2009": 1012709.0, "ADM0_EN": "Kenya", "longitude": 38.407565163170311, "latitude": -1.4916097263530417, "area": 30654.0, "landscape": "Mid-Tana" }, "geometry": { "type": "Polygon", "coordinates": [ [ [ 37.803072, -1.1134805 ], [ 37.8017044, -1.1200894 ], [ 37.7985873, -1.1206485 ], [ 37.7981709, -1.1235036 ], [ 37.794673, -1.1270011 ], [ 37.7765479, -1.1107782 ], [ 37.76893460000003, -1.1039276 ], [ 37.7495426, -1.0868186 ], [ 37.7430446, -1.078909 ], [ 37.7106801, -1.0799825 ], [ 37.7007681, -1.0812747 ], [ 37.6373655, -1.0868245 ], [ 37.6018182, -1.0889478 ], [ 37.5957529, -1.0891656 ], [ 37.5967341, -1.0953546 ], [ 37.5984906, -1.1340993 ], [ 37.6009321, -1.1342214 ], [ 37.6022138, -1.1350758 ], [ 37.6042281, -1.1383103 ], [ 37.6055798, -1.1445723 ], [ 37.607524, -1.1454508 ], [ 37.6088058, -1.1439861 ], [ 37.6127731, -1.1439251 ], [ 37.6138718, -1.1454508 ], [ 37.6145432, -1.1449015 ], [ 37.6164964, -1.1461832 ], [ 37.6185106, -1.1464273 ], [ 37.619182, -1.1460001 ], [ 37.6200365, -1.1467324 ], [ 37.6213793, -1.1472207 ], [ 37.6235766, -1.1496008 ], [ 37.625156, -1.1502073 ], [ 37.6253984, -1.1510069 ], [ 37.6272255, -1.152899 ], [ 37.6272998, -1.1556428 ], [ 37.6298763, -1.1573782 ], [ 37.6302388, -1.1590469 ], [ 37.6359972, -1.1657563 ], [ 37.639941, -1.1727672 ], [ 37.6431693, -1.180848 ], [ 37.643576, -1.1813642 ], [ 37.6442679, -1.1835943 ], [ 37.6455497, -1.1872561 ], [ 37.64646710000001, -1.1879785 ], [ 37.6473198, -1.1901245 ], [ 37.6476806, -1.1906313 ], [ 37.6483112, -1.1917377 ], [ 37.6485967, -1.1941645 ], [ 37.6503814, -1.1988873 ], [ 37.6523858, -1.2016591 ], [ 37.6539117, -1.2019642 ], [ 37.656536300000013, -1.2045885 ], [ 37.656318299999988, -1.2068935 ], [ 37.6598933, -1.211668 ], [ 37.6624812, -1.2142097 ], [ 37.6648983, -1.2189305 ], [ 37.6666683, -1.219907 ], [ 37.667767, -1.2196628 ], [ 37.6664074, -1.2213474 ], [ 37.6693539, -1.2253996 ], [ 37.6702084, -1.2255217 ], [ 37.6715512, -1.2277187 ], [ 37.67279, -1.2280853 ], [ 37.6724513, -1.228842 ], [ 37.6732602, -1.2288173 ], [ 37.6730771, -1.2296717 ], [ 37.6747714, -1.2303528 ], [ 37.6763537, -1.2326964 ], [ 37.6770445, -1.2352864 ], [ 37.6783287, -1.2358132 ], [ 37.6789977, -1.2369342 ], [ 37.686193, -1.2382281 ], [ 37.6862763, -1.2388705 ], [ 37.6887025, -1.2415725 ], [ 37.689984200000012, -1.2434644 ], [ 37.6898011, -1.2444409 ], [ 37.690143, -1.2451161 ], [ 37.6887986, -1.2481853 ], [ 37.6901787, -1.2501958 ], [ 37.6900478, -1.2514211 ], [ 37.6917543, -1.252985 ], [ 37.694372, -1.2522943 ], [ 37.6942596, -1.2554182 ], [ 37.6950737, -1.2598266 ], [ 37.6944975, -1.2602124 ], [ 37.6960345, -1.261369 ], [ 37.6962226, -1.2627225 ], [ 37.6957943, -1.2631864 ], [ 37.6976266, -1.2648638 ], [ 37.698507, -1.2686587 ], [ 37.6973053, -1.2702885 ], [ 37.6992803, -1.2723465 ], [ 37.6993517, -1.2733815 ], [ 37.7012149, -1.2750167 ], [ 37.7034683, -1.2746901 ], [ 37.7032541, -1.2771645 ], [ 37.7051934, -1.2799006 ], [ 37.7058835, -1.281578 ], [ 37.7074658, -1.2827045 ], [ 37.7084057, -1.2856346 ], [ 37.7084057, -1.2881566 ], [ 37.70942890000002, -1.2909284 ], [ 37.7096193, -1.2920824 ], [ 37.7118322, -1.291785 ], [ 37.7124271, -1.2922013 ], [ 37.714652, -1.2931649 ], [ 37.7161689, -1.2944852 ], [ 37.7154975, -1.2968043 ], [ 37.716413, -1.300405 ], [ 37.7154975, -1.3005271 ], [ 37.7159858, -1.3027242 ], [ 37.717947599999988, -1.303134 ], [ 37.7182569, -1.3060961 ], [ 37.718602, -1.3064649 ], [ 37.7202319, -1.3084159 ], [ 37.7227066, -1.3151016 ], [ 37.7271554, -1.3174933 ], [ 37.7260568, -1.3195683 ], [ 37.7265451, -1.3215213 ], [ 37.7278268, -1.3232911 ], [ 37.726237, -1.3255404 ], [ 37.7284982, -1.3275632 ], [ 37.733353699999988, -1.3390108 ], [ 37.73255060000001, -1.3412812 ], [ 37.7337917, -1.3443839 ], [ 37.7357616, -1.345628 ], [ 37.7375316, -1.3445295 ], [ 37.7384493, -1.3457441 ], [ 37.7403054, -1.3482686 ], [ 37.7403515, -1.3492369 ], [ 37.7409394, -1.3506201 ], [ 37.746003, -1.3536668 ], [ 37.7463724, -1.3563309 ], [ 37.7451984, -1.3586126 ], [ 37.746003, -1.3591665 ], [ 37.746688899999974, -1.3588236 ], [ 37.7469923, -1.360031 ], [ 37.7488988, -1.3598055 ], [ 37.7511427, -1.3612516 ], [ 37.7535249, -1.3590656 ], [ 37.7538283, -1.3577119 ], [ 37.7546829, -1.3578339 ], [ 37.7555374, -1.3603361 ], [ 37.7591654, -1.359007 ], [ 37.7601761, -1.3578339 ], [ 37.7643876, -1.3583832 ], [ 37.7660967, -1.3577119 ], [ 37.7655792, -1.3591983 ], [ 37.7662327, -1.3588465 ], [ 37.7662463, -1.3598612 ], [ 37.7684232, -1.3593317 ], [ 37.7747419, -1.3633319 ], [ 37.7770246, -1.3630731 ], [ 37.7779895, -1.3659791 ], [ 37.7823785, -1.3747443 ], [ 37.7833089, -1.3748612 ], [ 37.7837362, -1.3741288 ], [ 37.7845935, -1.3735105 ], [ 37.7850789, -1.3740575 ], [ 37.7849818, -1.3756106 ], [ 37.7858908, -1.37584 ], [ 37.7862879, -1.3782313 ], [ 37.7908152, -1.3780636 ], [ 37.7912299, -1.3790961 ], [ 37.7902277, -1.3797094 ], [ 37.7923122, -1.3846322 ], [ 37.7941585, -1.3848825 ], [ 37.796841, -1.3892822 ], [ 37.7980737, -1.3903043 ], [ 37.7991861, -1.3937014 ], [ 37.800088099999989, -1.3950993 ], [ 37.7989757, -1.3967528 ], [ 37.7990508, -1.3977448 ], [ 37.7997424, -1.3988872 ], [ 37.8010766, -1.397504 ], [ 37.80326010000001, -1.3964221 ], [ 37.8054398, -1.3962116 ], [ 37.8056353, -1.4006909 ], [ 37.806417, -1.4032463 ], [ 37.8061976, -1.4037866 ], [ 37.8057332, -1.4049291 ], [ 37.807996, -1.4117694 ], [ 37.8075348, -1.4132088 ], [ 37.8092259, -1.419819 ], [ 37.8084572, -1.4208392 ], [ 37.8112805, -1.4232988 ], [ 37.8109311, -1.4269043 ], [ 37.8136546, -1.4294758 ], [ 37.8123012, -1.432168 ], [ 37.8140713, -1.4370504 ], [ 37.8140353, -1.440209 ], [ 37.8129726, -1.4410783 ], [ 37.8144986, -1.4418717 ], [ 37.8158414, -1.4426041 ], [ 37.8154141, -1.4436416 ], [ 37.8162686, -1.444496 ], [ 37.8189542, -1.444618 ], [ 37.8167569, -1.4461438 ], [ 37.8167569, -1.4472423 ], [ 37.8195646, -1.448768 ], [ 37.8191412, -1.4496751 ], [ 37.8127895, -1.4503548 ], [ 37.8096767, -1.4504158 ], [ 37.7987752, -1.4588997 ], [ 37.7977044, -1.4607698 ], [ 37.7969335, -1.4612123 ], [ 37.7933642, -1.4642815 ], [ 37.790023399999988, -1.4681645 ], [ 37.7873678, -1.4698061 ], [ 37.7821567, -1.4740745 ], [ 37.7810574, -1.4781002 ], [ 37.7802436, -1.4822258 ], [ 37.7790729, -1.4851094 ], [ 37.7770455, -1.4858946 ], [ 37.774975299999987, -1.489649 ], [ 37.7617021, -1.4908175 ], [ 37.7538742, -1.4935585 ], [ 37.752145, -1.4937437 ], [ 37.749983400000019, -1.4948552 ], [ 37.7378172, -1.4989926 ], [ 37.7330001, -1.4988691 ], [ 37.726519, -1.4962443 ], [ 37.7250199, -1.4967297 ], [ 37.7226858, -1.4955234 ], [ 37.720023, -1.4956876 ], [ 37.7130986, -1.4911194 ], [ 37.7029619, -1.4934892 ], [ 37.696837, -1.5002129 ], [ 37.6958736, -1.5006876 ], [ 37.7008129, -1.5085164 ], [ 37.7029348, -1.5110612 ], [ 37.7044585, -1.5111787 ], [ 37.7061349, -1.5098245 ], [ 37.71474340000001, -1.5125056 ], [ 37.7169809, -1.5173494 ], [ 37.7173338, -1.5180199 ], [ 37.7203338, -1.5228546 ], [ 37.7204161, -1.5234663 ], [ 37.7206161, -1.524172 ], [ 37.7225572, -1.5260777 ], [ 37.7230938, -1.5261722 ], [ 37.723562, -1.5264899 ], [ 37.7247654, -1.5266403 ], [ 37.7258184, -1.5270915 ], [ 37.7266607, -1.5288964 ], [ 37.7271421, -1.5322655 ], [ 37.7289471, -1.5340703 ], [ 37.7337907, -1.5438466 ], [ 37.7347278, -1.5445903 ], [ 37.7345805, -1.545475 ], [ 37.7407827, -1.552393 ], [ 37.7443591, -1.5562617 ], [ 37.74964, -1.5562923 ], [ 37.751781199999989, -1.5602107 ], [ 37.7517511, -1.5634895 ], [ 37.7521422, -1.5641513 ], [ 37.7545517, -1.5688784 ], [ 37.7554991, -1.5698427 ], [ 37.7583615, -1.5725326 ], [ 37.7613421, -1.5791083 ], [ 37.766577, -1.5839382 ], [ 37.7701582, -1.5858892 ], [ 37.771229, -1.5858892 ], [ 37.7733705, -1.5859368 ], [ 37.773679899999983, -1.5882446 ], [ 37.7742509, -1.5909094 ], [ 37.7772253, -1.5936336 ], [ 37.7766424, -1.5963579 ], [ 37.7843203, -1.6086107 ], [ 37.7857678, -1.6144639 ], [ 37.7885042, -1.6158439 ], [ 37.7901617, -1.62004 ], [ 37.7908875, -1.6205431 ], [ 37.79316810000001, -1.6238144 ], [ 37.7933703, -1.6246709 ], [ 37.7935488, -1.6285253 ], [ 37.797248900000014, -1.6298219 ], [ 37.7981293, -1.6337001 ], [ 37.8015201, -1.6364362 ], [ 37.804679899999989, -1.6451818 ], [ 37.8045659, -1.6461793 ], [ 37.8020608, -1.6497531 ], [ 37.8035551, -1.6511156 ], [ 37.8044945, -1.6510686 ], [ 37.8069335, -1.6510567 ], [ 37.8065936, -1.6532863 ], [ 37.806037, -1.6538287 ], [ 37.8054582, -1.6554583 ], [ 37.8097685, -1.6571812 ], [ 37.811659, -1.6613821 ], [ 37.8181172, -1.6657485 ], [ 37.8207585, -1.6659032 ], [ 37.8234711, -1.671661 ], [ 37.8220672, -1.6757652 ], [ 37.8210321, -1.6784894 ], [ 37.8208274, -1.6827063 ], [ 37.8260261, -1.6850019 ], [ 37.827216400000012, -1.6850379 ], [ 37.8317493, -1.6834319 ], [ 37.8324132, -1.6849599 ], [ 37.8315114, -1.6874886 ], [ 37.8344501, -1.6921757 ], [ 37.8383525, -1.6921995 ], [ 37.8389743, -1.6929476 ], [ 37.8376315, -1.6977079 ], [ 37.8391574, -1.7030785 ], [ 37.8358614, -1.7110123 ], [ 37.8360469, -1.7121714 ], [ 37.84198820000001, -1.7125114 ], [ 37.8416508, -1.7133039 ], [ 37.8442234, -1.7132094 ], [ 37.8459935, -1.7147351 ], [ 37.846848, -1.7171763 ], [ 37.8458993, -1.7258299 ], [ 37.85025, -1.7301246 ], [ 37.8521581, -1.7351801 ], [ 37.8525463, -1.7389992 ], [ 37.8530324, -1.7399458 ], [ 37.854783, -1.7434722 ], [ 37.854664, -1.7439361 ], [ 37.8546045, -1.7445547 ], [ 37.8546283, -1.7453161 ], [ 37.8558814, -1.7497051 ], [ 37.8555323, -1.7509744 ], [ 37.8547847, -1.750728 ], [ 37.855398, -1.754035 ], [ 37.8568376, -1.7571161 ], [ 37.854783, -1.7595428 ], [ 37.854442, -1.764078 ], [ 37.8552195, -1.7664784 ], [ 37.8521581, -1.7670986 ], [ 37.8517309, -1.7677699 ], [ 37.8523413, -1.7695397 ], [ 37.8506322, -1.7722861 ], [ 37.8481908, -1.7711875 ], [ 37.8450779, -1.7698449 ], [ 37.8402561, -1.7710655 ], [ 37.8389743, -1.7735067 ], [ 37.840072900000024, -1.7782059 ], [ 37.8389743, -1.7813795 ], [ 37.8391574, -1.7830273 ], [ 37.841782, -1.7864449 ], [ 37.8481908, -1.8001156 ], [ 37.8567969, -1.8079274 ], [ 37.8644875, -1.8162884 ], [ 37.868638, -1.8191568 ], [ 37.8712626, -1.8230627 ], [ 37.8829205, -1.8350855 ], [ 37.8878457, -1.8356191 ], [ 37.894395400000015, -1.8419819 ], [ 37.8943954, -1.8441179 ], [ 37.8928695, -1.8455216 ], [ 37.888658, -1.8460709 ], [ 37.8868492, -1.8517222 ], [ 37.8859248, -1.851476 ], [ 37.8854608, -1.8533556 ], [ 37.887676700000014, -1.858725 ], [ 37.8877959, -1.8593801 ], [ 37.888883, -1.8619114 ], [ 37.8910994, -1.8623658 ], [ 37.8915267, -1.8613893 ], [ 37.8941512, -1.8611452 ], [ 37.902086, -1.8641356 ], [ 37.9034288, -1.8665158 ], [ 37.9012315, -1.8686518 ], [ 37.9007432, -1.8706048 ], [ 37.9016587, -1.8735952 ], [ 37.9034853, -1.8760005 ], [ 37.904941, -1.8834715 ], [ 37.903696, -1.8838592 ], [ 37.9076705, -1.8956273 ], [ 37.9076981, -1.8963445 ], [ 37.9064034, -1.9048011 ], [ 37.909318299999981, -1.906193 ], [ 37.9133623, -1.9056283 ], [ 37.9196299, -1.9043413 ], [ 37.9212808, -1.9054884 ], [ 37.920945, -1.9115874 ], [ 37.9159365, -1.9155882 ], [ 37.9157686, -1.9190294 ], [ 37.9133903, -1.9241492 ], [ 37.9150691, -1.9283458 ], [ 37.9149292, -1.9300244 ], [ 37.912439, -1.9338293 ], [ 37.9128867, -1.9371306 ], [ 37.918063, -1.9433695 ], [ 37.9201056, -1.9511751 ], [ 37.9174755, -1.9572741 ], [ 37.9202554, -1.9620473 ], [ 37.9208901, -1.9645511 ], [ 37.9181013, -1.964638 ], [ 37.918256, -1.9651376 ], [ 37.9183512, -1.9659109 ], [ 37.9239668, -1.9819351 ], [ 37.924216699999988, -1.9828749 ], [ 37.9273219, -1.9904528 ], [ 37.9276789, -1.990774 ], [ 37.9282845, -1.9912671 ], [ 37.9309507, -1.9931532 ], [ 37.9291655, -1.9975535 ], [ 37.9315331, -2.000016 ], [ 37.9320804, -2.0003015 ], [ 37.9331987, -2.0009915 ], [ 37.9368275, -2.0034421 ], [ 37.9383861, -2.0044176 ], [ 37.9377674, -2.0073678 ], [ 37.936887, -2.0100309 ], [ 37.9415453, -2.0121161 ], [ 37.9416817, -2.0163733 ], [ 37.9397545, -2.0205382 ], [ 37.941081, -2.0224614 ], [ 37.9436676, -2.0227267 ], [ 37.9447037, -2.0259735 ], [ 37.943148499999985, -2.0305459 ], [ 37.9427644, -2.032683 ], [ 37.941074900000018, -2.0338131 ], [ 37.9402151, -2.0345517 ], [ 37.9420213, -2.0375763 ], [ 37.9433303, -2.0384924 ], [ 37.9455554, -2.0398012 ], [ 37.9492204, -2.0383616 ], [ 37.9505294, -2.0387542 ], [ 37.9528854, -2.0433349 ], [ 37.9560269, -2.0521038 ], [ 37.9550505, -2.0593086 ], [ 37.9587237, -2.0653423 ], [ 37.9594613, -2.066175 ], [ 37.961138900000016, -2.0774764 ], [ 37.961130599999983, -2.0788024 ], [ 37.9609118, -2.0826102 ], [ 37.9594138, -2.0918351 ], [ 37.9588825, -2.0990472 ], [ 37.960536300000022, -2.104115 ], [ 37.957324, -2.1101464 ], [ 37.9580985, -2.1152665 ], [ 37.9557386, -2.1245221 ], [ 37.9552743, -2.1342042 ], [ 37.955871200000011, -2.1363264 ], [ 37.959320100000014, -2.1383159 ], [ 37.9601159, -2.141698 ], [ 37.9637637, -2.1436211 ], [ 37.9649576, -2.1454117 ], [ 37.9658198, -2.1554917 ], [ 37.966881, -2.159736 ], [ 37.9659524, -2.1641129 ], [ 37.966483, -2.1664339 ], [ 37.968738, -2.1684234 ], [ 37.9710594, -2.1684897 ], [ 37.9760336, -2.1643118 ], [ 37.9843904, -2.1621234 ], [ 37.9895636, -2.1586749 ], [ 37.9997111, -2.1556907 ], [ 38.0061445, -2.1551601 ], [ 38.0133075, -2.1524412 ], [ 38.0198072, -2.1486611 ], [ 38.0225676, -2.1499139 ], [ 38.0229364, -2.1504493 ], [ 38.0234242, -2.1512701 ], [ 38.0264954, -2.1621364 ], [ 38.0299226, -2.1651721 ], [ 38.0343105, -2.1670683 ], [ 38.0376537, -2.168936 ], [ 38.0445081, -2.168817 ], [ 38.0495856, -2.1715521 ], [ 38.0514548, -2.1758001 ], [ 38.05139530000001, -2.1766209 ], [ 38.0489326, -2.1819029 ], [ 38.0490158, -2.1827951 ], [ 38.0530003, -2.1871108 ], [ 38.0534876, -2.187457 ], [ 38.054051799999989, -2.1876749 ], [ 38.0556868, -2.1897603 ], [ 38.0563855, -2.1966112 ], [ 38.0566431, -2.1978477 ], [ 38.0617505, -2.2106346 ], [ 38.065020600000011, -2.2138262 ], [ 38.0709825, -2.2162698 ], [ 38.0710982, -2.2170565 ], [ 38.0687327, -2.219231 ], [ 38.064624799999969, -2.2215072 ], [ 38.0644722, -2.2220668 ], [ 38.0643704, -2.2226899 ], [ 38.0641924, -2.223402 ], [ 38.0648549, -2.2253829 ], [ 38.0697559, -2.2270058 ], [ 38.0727454, -2.2457678 ], [ 38.0731261, -2.2522512 ], [ 38.0775665, -2.2571642 ], [ 38.0774688, -2.2577116 ], [ 38.0772784, -2.2584611 ], [ 38.0762076, -2.2625891 ], [ 38.078194499999988, -2.2634575 ], [ 38.082477600000011, -2.2620775 ], [ 38.0850356, -2.2636954 ], [ 38.0868559, -2.2690487 ], [ 38.0869696, -2.2720103 ], [ 38.0898736, -2.2744297 ], [ 38.0942162, -2.2748461 ], [ 38.0987564, -2.2744745 ], [ 38.0999389, -2.2765948 ], [ 38.1004267, -2.2806514 ], [ 38.1044481, -2.2848746 ], [ 38.111616, -2.286878 ], [ 38.1127819, -2.2893405 ], [ 38.1115328, -2.2918378 ], [ 38.1112675, -2.2993315 ], [ 38.110688, -2.3026524 ], [ 38.1164226, -2.3040323 ], [ 38.1184429, -2.3158742 ], [ 38.1257265, -2.3218626 ], [ 38.1333598, -2.3239881 ], [ 38.1379309, -2.3239325 ], [ 38.1409216, -2.3235053 ], [ 38.1485905, -2.324746 ], [ 38.1530601, -2.3310487 ], [ 38.15892740000001, -2.3335142 ], [ 38.1611247, -2.3347958 ], [ 38.1735723, -2.3405173 ], [ 38.1755592, -2.3418377 ], [ 38.1863327, -2.341448 ], [ 38.1900861, -2.3442646 ], [ 38.1949403, -2.349832 ], [ 38.1971889, -2.3518424 ], [ 38.1995776, -2.3568885 ], [ 38.2109691, -2.3578851 ], [ 38.2128223, -2.3598248 ], [ 38.2127866, -2.3637743 ], [ 38.2135005, -2.3658086 ], [ 38.219601700000027, -2.3864303 ], [ 38.2227715, -2.4007077 ], [ 38.224724699999989, -2.4027217 ], [ 38.2327204, -2.4041254 ], [ 38.2355281, -2.4083974 ], [ 38.236565700000014, -2.4113268 ], [ 38.2377254, -2.4124254 ], [ 38.2455381, -2.4145004 ], [ 38.2511534, -2.4221901 ], [ 38.2555481, -2.4234107 ], [ 38.2609193, -2.4232276 ], [ 38.2659242, -2.4248144 ], [ 38.2737373, -2.4254774 ], [ 38.2758014, -2.4290546 ], [ 38.278934799999988, -2.4416406 ], [ 38.2817389, -2.4516207 ], [ 38.2822744, -2.4523305 ], [ 38.2851507, -2.4630189 ], [ 38.2867377, -2.4727836 ], [ 38.2887519, -2.4816329 ], [ 38.2891791, -2.4846844 ], [ 38.2911323, -2.4868814 ], [ 38.2977242, -2.4906042 ], [ 38.300218199999989, -2.4972548 ], [ 38.3032878, -2.5009426 ], [ 38.3124786, -2.5038556 ], [ 38.3139599, -2.5072043 ], [ 38.3127392, -2.5133072 ], [ 38.3141431, -2.5151991 ], [ 38.317378, -2.51703 ], [ 38.3183546, -2.5200815 ], [ 38.3183546, -2.5263065 ], [ 38.3213454, -2.5289308 ], [ 38.3219557, -2.5343014 ], [ 38.3199415, -2.5380242 ], [ 38.3223219, -2.5413808 ], [ 38.3243361, -2.5435169 ], [ 38.3228738, -2.5485471 ], [ 38.3245913, -2.551058 ], [ 38.3337809, -2.5535041 ], [ 38.33892070000001, -2.5578343 ], [ 38.3387407, -2.5601779 ], [ 38.3355669, -2.5629243 ], [ 38.3331254, -2.5634735 ], [ 38.3323319, -2.5660978 ], [ 38.33575, -2.5717736 ], [ 38.3399615, -2.5878854 ], [ 38.342525, -2.5889839 ], [ 38.34753, -2.5905096 ], [ 38.3505922, -2.6029805 ], [ 38.353755700000015, -2.6085744 ], [ 38.36077490000001, -2.6274935 ], [ 38.3629722, -2.6340847 ], [ 38.3635216, -2.6409811 ], [ 38.3681603, -2.6445208 ], [ 38.3677331, -2.6519664 ], [ 38.3761561, -2.6605105 ], [ 38.3815273, -2.6641113 ], [ 38.3823818, -2.6649657 ], [ 38.3827481, -2.6688716 ], [ 38.3825561, -2.6726874 ], [ 38.3877531, -2.6826643 ], [ 38.3905607, -2.6920018 ], [ 38.39257640000001, -2.6991728 ], [ 38.39935, -2.7133621 ], [ 38.4067098, -2.7329353 ], [ 38.4117404, -2.7402762 ], [ 38.4150537, -2.7536522 ], [ 38.4218673, -2.7633967 ], [ 38.4269975, -2.776937 ], [ 38.4291358, -2.7836072 ], [ 38.4333473, -2.7909917 ], [ 38.432008, -2.7943226 ], [ 38.4246822, -2.7977221 ], [ 38.4228719, -2.8030184 ], [ 38.4229244, -2.8075944 ], [ 38.4189691, -2.8148764 ], [ 38.4209569, -2.8176617 ], [ 38.4266555, -2.8203517 ], [ 38.4280635, -2.8253189 ], [ 38.427732, -2.830661 ], [ 38.4321266, -2.8407919 ], [ 38.4323708, -2.8444536 ], [ 38.4287982, -2.8509499 ], [ 38.4294954, -2.8537439 ], [ 38.4341408, -2.8576971 ], [ 38.4390946, -2.8586479 ], [ 38.4404413, -2.8605859 ], [ 38.4387545, -2.8654859 ], [ 38.4419535, -2.8686824 ], [ 38.4463481, -2.8712456 ], [ 38.4467754, -2.8737478 ], [ 38.4438374, -2.8804127 ], [ 38.4452298, -2.8824871 ], [ 38.452757, -2.8817427 ], [ 38.4541608, -2.8821699 ], [ 38.45593, -2.8859587 ], [ 38.45364, -2.8896643 ], [ 38.451832499999973, -2.891971 ], [ 38.4514677, -2.8954593 ], [ 38.454527, -2.8969391 ], [ 38.459755, -2.8977168 ], [ 38.4622595, -2.9001318 ], [ 38.4617293, -2.9044457 ], [ 38.4631152, -2.9077082 ], [ 38.4675745, -2.9124224 ], [ 38.4711375, -2.9210501 ], [ 38.4753303, -2.9301606 ], [ 38.4767443, -2.9385612 ], [ 38.477965, -2.9394766 ], [ 38.484557, -2.9383781 ], [ 38.4876394, -2.9387279 ], [ 38.4891465, -2.9415087 ], [ 38.488983800000021, -2.9460679 ], [ 38.4941236, -2.9524799 ], [ 38.493290800000011, -2.9550971 ], [ 38.4924103, -2.9566674 ], [ 38.4933462, -2.9584568 ], [ 38.4987785, -2.9579686 ], [ 38.5005336, -2.9606701 ], [ 38.501342, -2.9884834 ], [ 38.5065301, -2.9882393 ], [ 38.511962300000015, -2.9889716 ], [ 38.5136599, -2.9853973 ], [ 38.5151899, -2.9848601 ], [ 38.5151746, -2.9839594 ], [ 38.5201412, -2.9801833 ], [ 38.5243527, -2.9800613 ], [ 38.529785, -2.981465 ], [ 38.536743099999988, -2.979451 ], [ 38.540954600000028, -2.9817701 ], [ 38.5431519, -2.9844554 ], [ 38.5497439, -2.9864694 ], [ 38.5593266, -2.99184 ], [ 38.5825814, -2.9934877 ], [ 38.5871592, -2.9971495 ], [ 38.5927745, -3.0033745 ], [ 38.5961315, -3.004473 ], [ 38.6033338, -3.0032524 ], [ 38.6093456, -3.0009343 ], [ 38.606935, -3.0086841 ], [ 38.6083388, -3.0111863 ], [ 38.6213396, -3.0152753 ], [ 38.6259783, -3.0156414 ], [ 38.6291522, -3.0170451 ], [ 38.640138799999988, -3.016862 ], [ 38.642153, -3.0171672 ], [ 38.6473411, -3.0208289 ], [ 38.6531395, -3.0290679 ], [ 38.6593653, -3.0325466 ], [ 38.6619288, -3.0370628 ], [ 38.6643702, -3.0438371 ], [ 38.6707791, -3.0422503 ], [ 38.6961702, -3.039626 ], [ 38.7055698, -3.0367576 ], [ 38.7255287, -3.0422502 ], [ 38.7347452, -3.048048 ], [ 38.7543379, -3.0512826 ], [ 38.7607467, -3.0506723 ], [ 38.7689866, -3.0497568 ], [ 38.7739306, -3.0503671 ], [ 38.782964, -3.0536627 ], [ 38.794744, -3.0547612 ], [ 38.8085382, -3.0576296 ], [ 38.8103693, -3.0596436 ], [ 38.808118600000014, -3.0622056 ], [ 38.8045699, -3.060306 ], [ 38.800161, -3.0611662 ], [ 38.7989781, -3.0624206 ], [ 38.7987712, -3.0639571 ], [ 38.7979789, -3.0644649 ], [ 38.798589299999982, -3.0684319 ], [ 38.800176199999989, -3.0705679 ], [ 38.8053643, -3.0726429 ], [ 38.8083551, -3.0731311 ], [ 38.8185482, -3.0712392 ], [ 38.8253843, -3.0673333 ], [ 38.8279478, -3.0654414 ], [ 38.8331359, -3.0651362 ], [ 38.8361877, -3.0641598 ], [ 38.840338199999984, -3.0590333 ], [ 38.8445497, -3.0593384 ], [ 38.8472154, -3.0622433 ], [ 38.8475405, -3.0639767 ], [ 38.8493716, -3.0649531 ], [ 38.8565739, -3.0645259 ], [ 38.8649358, -3.0619627 ], [ 38.8817819, -3.0504281 ], [ 38.894355399999981, -3.0433486 ], [ 38.8995434, -3.0432266 ], [ 38.9103469, -3.0479258 ], [ 38.9173661, -3.0490244 ], [ 38.9211503, -3.0485361 ], [ 38.9279864, -3.046156 ], [ 38.932381, -3.0460339 ], [ 38.935738, -3.0417618 ], [ 38.9375691, -3.0405412 ], [ 38.9453818, -3.042067 ], [ 38.9567345, -3.0450574 ], [ 38.9719936, -3.0457287 ], [ 38.9811491, -3.0446302 ], [ 38.9857879, -3.0403581 ], [ 38.9911591, -3.0314478 ], [ 38.996164, -3.0291287 ], [ 39.0015352, -3.0289456 ], [ 39.006174, -3.0301662 ], [ 39.016184, -3.0285794 ], [ 39.0201513, -3.0275419 ], [ 39.0231421, -3.0255279 ], [ 39.0259498, -3.0250397 ], [ 39.0283912, -3.0254669 ], [ 39.0333352, -3.0280301 ], [ 39.0393507, -3.0272433 ], [ 39.0429789, -3.0256499 ], [ 39.043955499999988, -3.0273588 ], [ 39.0441386, -3.03395 ], [ 39.0457866, -3.0357809 ], [ 39.0485943, -3.0366353 ], [ 39.0505475, -3.0364522 ], [ 39.0551862, -3.0391375 ], [ 39.0601912, -3.0449353 ], [ 39.0633651, -3.0455456 ], [ 39.066539, -3.0416397 ], [ 39.054759, -3.0193639 ], [ 39.0009858, -2.9423446 ], [ 38.6249403, -2.4268891 ], [ 38.6289687, -2.4257906 ], [ 38.6321426, -2.4262178 ], [ 38.6341568, -2.4268891 ], [ 38.6355606, -2.4311002 ], [ 38.6391618, -2.4298186 ], [ 38.6435564, -2.4315274 ], [ 38.6455706, -2.4326869 ], [ 38.669557899999987, -2.4317104 ], [ 38.678530300000013, -2.4284148 ], [ 38.688174, -2.4270112 ], [ 38.6907375, -2.4251192 ], [ 38.7009306, -2.4213964 ], [ 38.7053863, -2.4182229 ], [ 38.7061797, -2.4148052 ], [ 38.716739, -2.4094957 ], [ 38.7197298, -2.403942 ], [ 38.7245517, -2.401989 ], [ 38.7265659, -2.3988155 ], [ 38.7307774, -2.3963133 ], [ 38.7357824, -2.3922243 ], [ 38.7367589, -2.3845345 ], [ 38.7389562, -2.3817272 ], [ 38.73938350000001, -2.3806897 ], [ 38.7405432, -2.3789198 ], [ 38.741947, -2.3781875 ], [ 38.7465858, -2.3787367 ], [ 38.7595865, -2.3759294 ], [ 38.7643474, -2.3708029 ], [ 38.7717328, -2.3682396 ], [ 38.7837569, -2.3684227 ], [ 38.7883347, -2.3679345 ], [ 38.7909592, -2.3651271 ], [ 38.7917527, -2.3584138 ], [ 38.79395, -2.3560947 ], [ 38.7985888, -2.3560337 ], [ 38.8001757, -2.3540197 ], [ 38.9337842, -2.0960476 ], [ 38.9349439, -2.0955593 ], [ 38.9705593, -2.0067136 ], [ 38.9720555, -2.0067973 ], [ 39.0171046, -1.916709 ], [ 38.9601078, -1.7063616 ], [ 38.96511630000002, -1.7025007 ], [ 38.9675505, -1.70099 ], [ 38.9704045, -1.6999268 ], [ 38.9756928, -1.6963178 ], [ 38.980085699999989, -1.6962338 ], [ 38.9813448, -1.6950588 ], [ 38.9820723, -1.6924569 ], [ 38.988116, -1.6942475 ], [ 38.9908021, -1.6927087 ], [ 38.9911939, -1.6895753 ], [ 38.992453, -1.6895473 ], [ 38.9931245, -1.6902747 ], [ 38.9956987, -1.6895193 ], [ 38.9986086, -1.6866097 ], [ 38.9991402, -1.6836441 ], [ 39.0013787, -1.6823012 ], [ 38.990242599999988, -1.5312796 ], [ 38.977827, -1.2634002 ], [ 38.9740998, -1.2624518 ], [ 38.9650879, -1.0861817 ], [ 38.9627075, -1.0515747 ], [ 38.8547712, -0.8257878 ], [ 38.8530056, -0.8237282 ], [ 38.8111767, -0.7361684 ], [ 38.6876431, -0.5279711 ], [ 38.6726918, -0.5030468 ], [ 38.6672955, -0.4918346 ], [ 38.6587755, -0.4776226 ], [ 38.6593316, -0.4772841 ], [ 38.5658973, -0.3185574 ], [ 38.565593899999989, -0.3194066 ], [ 38.4202499, -0.0729787 ], [ 38.4180011, -0.0745609 ], [ 38.4158696, -0.0764997 ], [ 38.4128733, -0.0768551 ], [ 38.4118507, -0.0795865 ], [ 38.4106795, -0.0797884 ], [ 38.408944199999986, -0.0784049 ], [ 38.4031363, -0.0788262 ], [ 38.3941796, -0.0761234 ], [ 38.3922167, -0.0778736 ], [ 38.392198400000019, -0.078698 ], [ 38.391484, -0.0838623 ], [ 38.3854267, -0.089904 ], [ 38.384632, -0.090098 ], [ 38.3818335, -0.0899406 ], [ 38.3800795, -0.0867555 ], [ 38.3769281, -0.0836851 ], [ 38.376235, -0.0835371 ], [ 38.370237, -0.0825523 ], [ 38.3650162, -0.0785849 ], [ 38.3603541, -0.0747433 ], [ 38.3471743, -0.0657618 ], [ 38.3399529, -0.0648929 ], [ 38.3369683, -0.0661913 ], [ 38.3330883, -0.0709066 ], [ 38.328352800000019, -0.0706553 ], [ 38.3184649, -0.060021 ], [ 38.3116733, -0.0557028 ], [ 38.3083051, -0.0568908 ], [ 38.3028848, -0.0646761 ], [ 38.301123, -0.0714466 ], [ 38.2925562, -0.0789404 ], [ 38.292079499999986, -0.079011 ], [ 38.2915851, -0.079011 ], [ 38.2896253, -0.0806881 ], [ 38.2875243, -0.0875201 ], [ 38.284183, -0.0868297 ], [ 38.2811811, -0.0864587 ], [ 38.27616170000001, -0.0895971 ], [ 38.2746753, -0.0944657 ], [ 38.2745472, -0.0950551 ], [ 38.2740859, -0.0958495 ], [ 38.272382, -0.0971574 ], [ 38.2663923, -0.0955482 ], [ 38.2614599, -0.0943203 ], [ 38.2598838, -0.0914796 ], [ 38.252409, -0.0884093 ], [ 38.2492556, -0.0892397 ], [ 38.2417726, -0.0950012 ], [ 38.2356702, -0.0966213 ], [ 38.2327471, -0.0984405 ], [ 38.2289639, -0.1034655 ], [ 38.222257899999988, -0.1071037 ], [ 38.2136207, -0.1185311 ], [ 38.2137843, -0.1207326 ], [ 38.2130568, -0.1272044 ], [ 38.2112701, -0.1290479 ], [ 38.2085476, -0.129628 ], [ 38.2070748, -0.1341204 ], [ 38.2067029, -0.1413646 ], [ 38.207536, -0.1447413 ], [ 38.2059591, -0.1476047 ], [ 38.2023511, -0.1484009 ], [ 38.1967479, -0.1490177 ], [ 38.193886299999988, -0.1536951 ], [ 38.1871913, -0.1544767 ], [ 38.18605920000001, -0.1564006 ], [ 38.1844575, -0.1710993 ], [ 38.1852206, -0.1754118 ], [ 38.1835462, -0.189212 ], [ 38.180796, -0.1969364 ], [ 38.1786002, -0.2001346 ], [ 38.1714656, -0.2138323 ], [ 38.1677654, -0.2188526 ], [ 38.1632912, -0.2278632 ], [ 38.1642916, -0.2348402 ], [ 38.1635253, -0.2375847 ], [ 38.161547699999986, -0.2402704 ], [ 38.1527004, -0.2434748 ], [ 38.1512311, -0.2446014 ], [ 38.1479646, -0.2420017 ], [ 38.1446977, -0.243041 ], [ 38.1401359, -0.2479042 ], [ 38.1390229, -0.2508384 ], [ 38.1390222, -0.2540804 ], [ 38.1364731, -0.2597873 ], [ 38.1310003, -0.262403 ], [ 38.1313714, -0.2627229 ], [ 38.1285722, -0.2651225 ], [ 38.126197500000011, -0.2703057 ], [ 38.1161819, -0.2767153 ], [ 38.115267, -0.2790244 ], [ 38.1057936, -0.2784016 ], [ 38.1047308, -0.2815962 ], [ 38.1020754, -0.2816592 ], [ 38.0895451, -0.2766007 ], [ 38.0788876, -0.2769416 ], [ 38.072704700000024, -0.2760473 ], [ 38.0714433, -0.2768208 ], [ 38.0590252, -0.2777178 ], [ 38.0456375, -0.2782054 ], [ 38.035309800000022, -0.2759092 ], [ 38.0322484, -0.275394 ], [ 38.0283948, -0.2706887 ], [ 38.0233461, -0.2690859 ], [ 38.0226949, -0.270474 ], [ 38.0196938, -0.2692263 ], [ 38.0135069, -0.2692461 ], [ 38.0005407, -0.2668756 ], [ 37.9965614, -0.2715551 ], [ 37.993501099999982, -0.2783481 ], [ 37.9931148, -0.2892797 ], [ 37.9871596, -0.2970314 ], [ 37.9867869, -0.2978759 ], [ 37.9839557, -0.3038678 ], [ 37.9837355, -0.304846 ], [ 37.9822661, -0.3109147 ], [ 37.9815635, -0.3116828 ], [ 37.9800054, -0.3143419 ], [ 37.9814785, -0.3169953 ], [ 37.9853196, -0.3193896 ], [ 37.986918100000011, -0.3239022 ], [ 37.985542800000012, -0.3274906 ], [ 37.98124210000001, -0.328183 ], [ 37.9794655, -0.3321111 ], [ 37.9765514, -0.3392504 ], [ 37.9722022, -0.3465961 ], [ 37.972023900000011, -0.3473957 ], [ 37.973393, -0.3504214 ], [ 37.978825500000013, -0.3572801 ], [ 37.9769584, -0.3589458 ], [ 37.9763506, -0.3592611 ], [ 37.9716539, -0.3627687 ], [ 37.9682849, -0.3661394 ], [ 37.9689965, -0.3680249 ], [ 37.9740147, -0.3718602 ], [ 37.9748089, -0.3807325 ], [ 37.9705355, -0.3841648 ], [ 37.9704525, -0.3849226 ], [ 37.9699878, -0.3936235 ], [ 37.9700044, -0.3941683 ], [ 37.969595, -0.3976116 ], [ 37.9704497, -0.3998021 ], [ 37.9677777, -0.4017961 ], [ 37.965600900000013, -0.4029494 ], [ 37.9657032, -0.4072944 ], [ 37.9661369, -0.4119018 ], [ 37.9649512, -0.4148707 ], [ 37.9621195, -0.4153059 ], [ 37.9609563, -0.4192228 ], [ 37.959648, -0.4215615 ], [ 37.9568545, -0.4235603 ], [ 37.9523539, -0.4284329 ], [ 37.9480159, -0.42719 ], [ 37.9461103, -0.4297338 ], [ 37.943948899999988, -0.4293641 ], [ 37.940449, -0.4276272 ], [ 37.9376579, -0.4302806 ], [ 37.935218, -0.432433 ], [ 37.935481, -0.4339024 ], [ 37.9359196, -0.4344168 ], [ 37.9359769, -0.4378288 ], [ 37.9332899, -0.443563 ], [ 37.927896, -0.4532706 ], [ 37.9274188, -0.4537053 ], [ 37.9181538, -0.4648648 ], [ 37.914415, -0.4681774 ], [ 37.91262, -0.4743344 ], [ 37.8958911, -0.5101905 ], [ 37.8926469, -0.5137671 ], [ 37.8912926, -0.5184571 ], [ 37.8890305, -0.5219388 ], [ 37.887984199999984, -0.5260285 ], [ 37.8845598, -0.5324009 ], [ 37.883894, -0.53592 ], [ 37.882752499999988, -0.5377271 ], [ 37.8833233, -0.5440044 ], [ 37.886272, -0.5493305 ], [ 37.8884706, -0.558234 ], [ 37.8882696, -0.5621625 ], [ 37.8857018, -0.5766861 ], [ 37.8835135, -0.5849969 ], [ 37.89364, -0.5934762 ], [ 37.9030353, -0.6001782 ], [ 37.9019468, -0.6038442 ], [ 37.9205082, -0.6243512 ], [ 37.9231435, -0.6265852 ], [ 37.9194198, -0.6317978 ], [ 37.9085971, -0.640796 ], [ 37.900886, -0.6453864 ], [ 37.900261, -0.6455414 ], [ 37.8943554, -0.6480991 ], [ 37.89343490000001, -0.6579763 ], [ 37.8936142, -0.6585963 ], [ 37.8958766, -0.6704645 ], [ 37.8977075, -0.6721816 ], [ 37.8958136, -0.6760158 ], [ 37.895817, -0.6770677 ], [ 37.8966001, -0.6795427 ], [ 37.8954891, -0.6835278 ], [ 37.8985096, -0.6867312 ], [ 37.9040092, -0.6868458 ], [ 37.904754, -0.6875331 ], [ 37.9028635, -0.6947507 ], [ 37.9014313, -0.698474 ], [ 37.8993689, -0.7062071 ], [ 37.9006865, -0.7111333 ], [ 37.9023479, -0.7121644 ], [ 37.9060716, -0.7114197 ], [ 37.9090506, -0.7134819 ], [ 37.9100818, -0.7104459 ], [ 37.9116286, -0.7101022 ], [ 37.9134618, -0.7158304 ], [ 37.914664899999977, -0.727115 ], [ 37.9169564, -0.7307237 ], [ 37.9134618, -0.7385141 ], [ 37.9146076, -0.7402325 ], [ 37.9138628, -0.7425811 ], [ 37.9117432, -0.7452733 ], [ 37.9097659, -0.75061 ], [ 37.9094362, -0.7510977 ], [ 37.9089339, -0.7517106 ], [ 37.9060716, -0.7564433 ], [ 37.9048113, -0.7606249 ], [ 37.9008584, -0.7645201 ], [ 37.8921506, -0.7702658 ], [ 37.8938692, -0.7776376 ], [ 37.8942775, -0.7823105 ], [ 37.8864258, -0.7842515 ], [ 37.885677, -0.7853134 ], [ 37.885677, -0.7869621 ], [ 37.885276, -0.7902397 ], [ 37.8819119, -0.794649 ], [ 37.8816328, -0.7999059 ], [ 37.8855051, -0.8038728 ], [ 37.8859062, -0.8066223 ], [ 37.8842448, -0.8083408 ], [ 37.8800628, -0.8079398 ], [ 37.8730897, -0.8133434 ], [ 37.8702813, -0.8129475 ], [ 37.8675739, -0.8119495 ], [ 37.86322, -0.8140117 ], [ 37.8602983, -0.813668 ], [ 37.8566891, -0.8122359 ], [ 37.8511084, -0.8136318 ], [ 37.847763, -0.8131249 ], [ 37.8465751, -0.8135375 ], [ 37.8475439, -0.8166885 ], [ 37.8461242, -0.8181545 ], [ 37.8452426, -0.8213556 ], [ 37.8488894, -0.8232762 ], [ 37.8491864, -0.8280175 ], [ 37.847352799999982, -0.8302926 ], [ 37.8483327, -0.8313206 ], [ 37.849026, -0.8313396 ], [ 37.8506525, -0.8353753 ], [ 37.842598, -0.8376485 ], [ 37.8424341, -0.8386329 ], [ 37.8436696, -0.8402412 ], [ 37.8433446, -0.8430304 ], [ 37.8463562, -0.8440321 ], [ 37.8455245, -0.8450779 ], [ 37.8448343, -0.8453125 ], [ 37.842697, -0.8475594 ], [ 37.8391337, -0.8474233 ], [ 37.8383542, -0.8484378 ], [ 37.8396657, -0.8517161 ], [ 37.837588299999986, -0.8543254 ], [ 37.8327515, -0.8560453 ], [ 37.8328542, -0.8568924 ], [ 37.8348162, -0.8578341 ], [ 37.8344168, -0.860331 ], [ 37.831271, -0.8600413 ], [ 37.8304067, -0.8637891 ], [ 37.8335045, -0.8656459 ], [ 37.832580700000015, -0.8673982 ], [ 37.8316444, -0.8678819 ], [ 37.8285237, -0.8685477 ], [ 37.8276854, -0.8700611 ], [ 37.8291928, -0.8743164 ], [ 37.8283353, -0.8755836 ], [ 37.8258888, -0.875169 ], [ 37.8258863, -0.8769002 ], [ 37.8276765, -0.8782423 ], [ 37.8251877, -0.8798056 ], [ 37.8229653, -0.8834293 ], [ 37.8237719, -0.8851975 ], [ 37.8217637, -0.8851359 ], [ 37.8220677, -0.8864533 ], [ 37.82337840000001, -0.8878353 ], [ 37.8232367, -0.890271 ], [ 37.8236414, -0.8907871 ], [ 37.8240262, -0.8914772 ], [ 37.8243503, -0.8938832 ], [ 37.8255861, -0.8933053 ], [ 37.8257077, -0.8944652 ], [ 37.8242623, -0.8977404 ], [ 37.8212665, -0.8978282 ], [ 37.8200883, -0.8995361 ], [ 37.8200303, -0.900718 ], [ 37.8205665, -0.9028336 ], [ 37.821254, -0.9028917 ], [ 37.8269352, -0.9027296 ], [ 37.8283676, -0.9034671 ], [ 37.8315532, -0.9049635 ], [ 37.832526, -0.9079243 ], [ 37.833456, -0.9083411 ], [ 37.8386085, -0.9079884 ], [ 37.8386772, -0.9097772 ], [ 37.8346426, -0.9108637 ], [ 37.8348671, -0.9128518 ], [ 37.8356809, -0.9132009 ], [ 37.8350065, -0.915299 ], [ 37.8365561, -0.9148185 ], [ 37.8369602, -0.9142271 ], [ 37.8400249, -0.9123717 ], [ 37.8401189, -0.9165661 ], [ 37.8398594, -0.9170573 ], [ 37.8397361, -0.9220273 ], [ 37.839708, -0.9231067 ], [ 37.8431312, -0.9224483 ], [ 37.8446166, -0.9225488 ], [ 37.8424285, -0.9265176 ], [ 37.8459355, -0.9264813 ], [ 37.8453021, -0.9283158 ], [ 37.8433671, -0.9298108 ], [ 37.8438538, -0.9303762 ], [ 37.8488466, -0.9313124 ], [ 37.8528775, -0.9361874 ], [ 37.8506055, -0.937293 ], [ 37.8509963, -0.9395633 ], [ 37.8531042, -0.9378372 ], [ 37.854026, -0.9416781 ], [ 37.851553, -0.9443101 ], [ 37.849181, -0.9426712 ], [ 37.8476959, -0.9444356 ], [ 37.8483614, -0.9454411 ], [ 37.8501877, -0.9456228 ], [ 37.8480844, -0.949927 ], [ 37.84826910000001, -0.9504538 ], [ 37.850669199999984, -0.9505195 ], [ 37.8532859, -0.9529905 ], [ 37.8509327, -0.9552344 ], [ 37.852986, -0.9586144 ], [ 37.8554945, -0.9610896 ], [ 37.8559022, -0.9651369 ], [ 37.8544943, -0.9653457 ], [ 37.8527608, -0.9616989 ], [ 37.8522112, -0.9637468 ], [ 37.8482218, -0.9657241 ], [ 37.8467246, -0.9657771 ], [ 37.8465111, -0.9670071 ], [ 37.8479446, -0.9680339 ], [ 37.8492472, -0.9670488 ], [ 37.8502008, -0.9679118 ], [ 37.8501508, -0.9685525 ], [ 37.855484100000012, -0.969257 ], [ 37.856453, -0.9687396 ], [ 37.8592827, -0.9682332 ], [ 37.8604167, -0.9698667 ], [ 37.861003, -0.9703043 ], [ 37.865776, -0.9715263 ], [ 37.8647933, -0.9745813 ], [ 37.863868499999981, -0.9754565 ], [ 37.8645704, -0.9768271 ], [ 37.8681377, -0.975473 ], [ 37.8698058, -0.9764143 ], [ 37.8693433, -0.9804436 ], [ 37.8662633, -0.9805831 ], [ 37.8642037, -0.9811108 ], [ 37.86435620000001, -0.9829724 ], [ 37.8655778, -0.9827968 ], [ 37.8675019, -0.9850922 ], [ 37.8622912, -0.9855133 ], [ 37.8614324, -0.9861656 ], [ 37.8605819, -0.9873794 ], [ 37.8607305, -0.9882216 ], [ 37.8574856, -0.9883883 ], [ 37.8565382, -0.9891704 ], [ 37.8522664, -0.9928454 ], [ 37.8519691, -0.9933243 ], [ 37.8513828, -0.9941087 ], [ 37.8525551, -0.9963319 ], [ 37.8513085, -0.9970151 ], [ 37.8500863, -0.9964949 ], [ 37.8484678, -0.9967674 ], [ 37.8478871, -0.9994354 ], [ 37.84958970000001, -1.0037138 ], [ 37.8494463, -1.0045842 ], [ 37.8514071, -1.0059614 ], [ 37.8507089, -1.0101027 ], [ 37.8497173, -1.017373 ], [ 37.8502529, -1.0186737 ], [ 37.8491689, -1.0291049 ], [ 37.847039, -1.0313366 ], [ 37.8485801, -1.0449505 ], [ 37.8462435, -1.0479325 ], [ 37.8461939, -1.0506024 ], [ 37.8452339, -1.050913 ], [ 37.8441571, -1.0537889 ], [ 37.8405765, -1.0550978 ], [ 37.8404428, -1.0571583 ], [ 37.8368839, -1.0606412 ], [ 37.8349069, -1.0660347 ], [ 37.8337802, -1.066259 ], [ 37.8322413, -1.0691321 ], [ 37.83219660000001, -1.0705092 ], [ 37.831308300000011, -1.0709864 ], [ 37.8279266, -1.0736227 ], [ 37.826436699999988, -1.0725723 ], [ 37.8253329, -1.0733967 ], [ 37.8224166, -1.0726621 ], [ 37.8212878, -1.0738963 ], [ 37.8203241, -1.0793091 ], [ 37.8190971, -1.0798518 ], [ 37.8193925, -1.0826562 ], [ 37.8156464, -1.0874995 ], [ 37.8134557, -1.0896166 ], [ 37.8126625, -1.0900564 ], [ 37.8110125, -1.0925933 ], [ 37.8104253, -1.0936798 ], [ 37.8087334, -1.094535 ], [ 37.8084711, -1.0992488 ], [ 37.80750960000001, -1.1047617 ], [ 37.807141200000011, -1.1051862 ], [ 37.8062387, -1.1088533 ], [ 37.8045593, -1.1123241 ], [ 37.803072, -1.1134805 ] ] ] } },
{ "type": "Feature", "properties": { "ADM1_EN": "Makueni", "pop2009": 884527.0, "ADM0_EN": "Kenya", "longitude": 37.799627097485946, "latitude": -2.1669238258874599, "area": 8047.0, "landscape": "Chyulu" }, "geometry": { "type": "Polygon", "coordinates": [ [ [ 38.1257265, -2.3218626 ], [ 38.1184429, -2.3158742 ], [ 38.1164226, -2.3040323 ], [ 38.110688, -2.3026524 ], [ 38.111665500000029, -2.2945568 ], [ 38.1115328, -2.2918378 ], [ 38.1128414, -2.2887219 ], [ 38.1108426, -2.2864616 ], [ 38.1037342, -2.2843749 ], [ 38.1004267, -2.2806514 ], [ 38.0993916, -2.2749888 ], [ 38.0971073, -2.2741799 ], [ 38.0957986, -2.2744297 ], [ 38.0910395, -2.2747747 ], [ 38.0876725, -2.2727048 ], [ 38.08679990000001, -2.2702258 ], [ 38.0859604, -2.2651749 ], [ 38.0833104, -2.2623749 ], [ 38.0809071, -2.2622084 ], [ 38.077421200000011, -2.2635883 ], [ 38.076207600000025, -2.2620656 ], [ 38.0762671, -2.2614708 ], [ 38.0765764, -2.2607689 ], [ 38.0775282, -2.2566291 ], [ 38.0731261, -2.2522512 ], [ 38.0715244, -2.2355958 ], [ 38.0697559, -2.2270058 ], [ 38.066177, -2.2257941 ], [ 38.0644468, -2.2249153 ], [ 38.064828299999988, -2.2210494 ], [ 38.0703224, -2.2181882 ], [ 38.0710982, -2.2170565 ], [ 38.0698882, -2.2155219 ], [ 38.0642178, -2.2133178 ], [ 38.0606822, -2.2086 ], [ 38.0560867, -2.1956476 ], [ 38.0557674, -2.194329 ], [ 38.0552104, -2.1886162 ], [ 38.0499439, -2.1842702 ], [ 38.0489207, -2.1813675 ], [ 38.0514548, -2.1758001 ], [ 38.0495856, -2.1715521 ], [ 38.04872910000001, -2.1708293 ], [ 38.0445081, -2.168817 ], [ 38.0431147, -2.168817 ], [ 38.0370639, -2.1687114 ], [ 38.0343105, -2.1670683 ], [ 38.0274932, -2.1634875 ], [ 38.0250945, -2.1585422 ], [ 38.0229364, -2.1504493 ], [ 38.0221714, -2.1496155 ], [ 38.0198072, -2.1486611 ], [ 38.0133075, -2.1524412 ], [ 38.0030936, -2.1556907 ], [ 37.9997111, -2.1556907 ], [ 37.9895636, -2.1586749 ], [ 37.9843904, -2.1621234 ], [ 37.9760336, -2.1643118 ], [ 37.9710594, -2.1684897 ], [ 37.968738, -2.1684234 ], [ 37.966483, -2.1664339 ], [ 37.9659524, -2.1641129 ], [ 37.966881, -2.159736 ], [ 37.9650239, -2.1506507 ], [ 37.9649576, -2.1454117 ], [ 37.9637637, -2.1436211 ], [ 37.9601159, -2.141698 ], [ 37.959320100000014, -2.1383159 ], [ 37.955871200000011, -2.1363264 ], [ 37.9553406, -2.1316179 ], [ 37.9564018, -2.1210736 ], [ 37.9580616, -2.1139769 ], [ 37.957324, -2.1101464 ], [ 37.9604649, -2.1034845 ], [ 37.9586999, -2.0977595 ], [ 37.9586999, -2.0964509 ], [ 37.9609118, -2.0826102 ], [ 37.961130599999983, -2.0788024 ], [ 37.9606392, -2.0727298 ], [ 37.9594613, -2.066175 ], [ 37.9553003, -2.0603554 ], [ 37.9553724, -2.0556375 ], [ 37.9560269, -2.0521038 ], [ 37.9528854, -2.0433349 ], [ 37.9505294, -2.0387542 ], [ 37.9492204, -2.0383616 ], [ 37.9455554, -2.0398012 ], [ 37.9412137, -2.0363878 ], [ 37.940265900000014, -2.0344912 ], [ 37.9430975, -2.0321715 ], [ 37.94374, -2.0279245 ], [ 37.9446625, -2.0247825 ], [ 37.9442645, -2.0234562 ], [ 37.9424738, -2.0225277 ], [ 37.940086099999981, -2.0215993 ], [ 37.940087399999989, -2.0196804 ], [ 37.941991, -2.0141725 ], [ 37.9415453, -2.0121161 ], [ 37.936887, -2.0100309 ], [ 37.9383861, -2.0044176 ], [ 37.9336508, -2.0013959 ], [ 37.9292725, -1.9980412 ], [ 37.9309507, -1.9931532 ], [ 37.926382, -1.9890133 ], [ 37.919065, -1.9678619 ], [ 37.9187795, -1.9673741 ], [ 37.918624799999989, -1.9666841 ], [ 37.9183512, -1.9659109 ], [ 37.9181013, -1.964638 ], [ 37.9208901, -1.9645511 ], [ 37.9197248, -1.9605884 ], [ 37.9174755, -1.9572741 ], [ 37.9201056, -1.9511751 ], [ 37.9176154, -1.9421385 ], [ 37.9128867, -1.9371306 ], [ 37.912439, -1.9338293 ], [ 37.9149292, -1.9300244 ], [ 37.9150691, -1.9283458 ], [ 37.9133903, -1.9241492 ], [ 37.9157686, -1.9190294 ], [ 37.9159365, -1.9155882 ], [ 37.920945, -1.9115874 ], [ 37.920973, -1.904733 ], [ 37.917951100000025, -1.9042574 ], [ 37.9097794, -1.9061417 ], [ 37.9070459, -1.9054673 ], [ 37.906236899999989, -1.9031951 ], [ 37.906332, -1.9026598 ], [ 37.9066057, -1.9019104 ], [ 37.9076705, -1.8956273 ], [ 37.903696, -1.8838592 ], [ 37.904941, -1.8834715 ], [ 37.9034853, -1.8760005 ], [ 37.9016587, -1.8735952 ], [ 37.9007432, -1.8706048 ], [ 37.9012315, -1.8686518 ], [ 37.9034288, -1.8665158 ], [ 37.902086, -1.8641356 ], [ 37.8941512, -1.8611452 ], [ 37.8915267, -1.8613893 ], [ 37.8910994, -1.8623658 ], [ 37.8883022, -1.8614796 ], [ 37.8868279, -1.8561788 ], [ 37.8855441, -1.8528679 ], [ 37.8859248, -1.851476 ], [ 37.8868492, -1.8517222 ], [ 37.888658, -1.8460709 ], [ 37.8928695, -1.8455216 ], [ 37.8943954, -1.8441179 ], [ 37.894395400000015, -1.8419819 ], [ 37.8878457, -1.8356191 ], [ 37.8825248, -1.8347373 ], [ 37.8697367, -1.8209877 ], [ 37.868638, -1.8191568 ], [ 37.8644875, -1.8162884 ], [ 37.853256800000011, -1.8046318 ], [ 37.8481908, -1.8001156 ], [ 37.8409275, -1.7849192 ], [ 37.8391574, -1.7830273 ], [ 37.8395847, -1.7797317 ], [ 37.8398288, -1.7771074 ], [ 37.8389743, -1.7735067 ], [ 37.8402561, -1.7710655 ], [ 37.8450779, -1.7698449 ], [ 37.8481908, -1.7711875 ], [ 37.8506322, -1.7722861 ], [ 37.8523413, -1.7695397 ], [ 37.8517309, -1.7677699 ], [ 37.8521581, -1.7670986 ], [ 37.8552195, -1.7664784 ], [ 37.8544105, -1.7625051 ], [ 37.8552744, -1.7588378 ], [ 37.8569446, -1.7563904 ], [ 37.854662499999989, -1.7523119 ], [ 37.8547847, -1.750728 ], [ 37.8555323, -1.7509744 ], [ 37.8554374, -1.7484448 ], [ 37.854664, -1.7439361 ], [ 37.8536266, -1.741163 ], [ 37.8521581, -1.7384633 ], [ 37.8517309, -1.732922 ], [ 37.8490246, -1.72859 ], [ 37.8482156, -1.7282093 ], [ 37.8458993, -1.7258299 ], [ 37.846848, -1.7171763 ], [ 37.8459935, -1.7147351 ], [ 37.8442234, -1.7132094 ], [ 37.8416508, -1.7133039 ], [ 37.84198820000001, -1.7125114 ], [ 37.8360469, -1.7121714 ], [ 37.8358614, -1.7110123 ], [ 37.8391574, -1.7030785 ], [ 37.8376315, -1.6977079 ], [ 37.8389743, -1.6929476 ], [ 37.8379004, -1.6918664 ], [ 37.8344501, -1.6921757 ], [ 37.8324513, -1.689154 ], [ 37.8323204, -1.6885473 ], [ 37.8315114, -1.6874886 ], [ 37.8322133, -1.6837175 ], [ 37.8304168, -1.6837056 ], [ 37.827216400000012, -1.6850379 ], [ 37.8212069, -1.6831172 ], [ 37.8209013, -1.6790009 ], [ 37.8215675, -1.67636 ], [ 37.8235068, -1.6725175 ], [ 37.8211987, -1.6663077 ], [ 37.8207585, -1.6659032 ], [ 37.8166237, -1.6651574 ], [ 37.8150834, -1.6641307 ], [ 37.8109787, -1.6602763 ], [ 37.8091584, -1.6565171 ], [ 37.8054582, -1.6554583 ], [ 37.8071057, -1.6520447 ], [ 37.806505199999989, -1.6507355 ], [ 37.8025195, -1.6506641 ], [ 37.8023887, -1.6492128 ], [ 37.8045659, -1.6461793 ], [ 37.8039423, -1.6427916 ], [ 37.8009729, -1.6358057 ], [ 37.7981293, -1.6337001 ], [ 37.797248900000014, -1.6298219 ], [ 37.7932044, -1.6281085 ], [ 37.7930453, -1.623348 ], [ 37.7923828, -1.6220418 ], [ 37.7891943, -1.6186157 ], [ 37.7882068, -1.6153323 ], [ 37.7857678, -1.6144639 ], [ 37.7835905, -1.6068384 ], [ 37.7766424, -1.5963579 ], [ 37.7772253, -1.5936336 ], [ 37.7737687, -1.5902893 ], [ 37.7733705, -1.5859368 ], [ 37.7688495, -1.5853658 ], [ 37.763912, -1.5815471 ], [ 37.760806699999989, -1.5783113 ], [ 37.7574873, -1.5711498 ], [ 37.7537757, -1.5687388 ], [ 37.7503131, -1.5715424 ], [ 37.746194, -1.5715733 ], [ 37.743032, -1.5741714 ], [ 37.73662760000002, -1.5782629 ], [ 37.7331925, -1.582249 ], [ 37.7323835, -1.5827248 ], [ 37.7324491, -1.5835271 ], [ 37.7331587, -1.5840703 ], [ 37.7369759, -1.5869242 ], [ 37.7364881, -1.5901719 ], [ 37.7357267, -1.5928009 ], [ 37.7358014, -1.5952742 ], [ 37.7337866, -1.5971528 ], [ 37.7330259, -1.5972144 ], [ 37.7292785, -1.5989997 ], [ 37.7290681, -1.6016022 ], [ 37.729467799999988, -1.602646 ], [ 37.7294946, -1.6048528 ], [ 37.728695, -1.6061233 ], [ 37.725222099999989, -1.6073826 ], [ 37.7217694, -1.6100984 ], [ 37.7192865, -1.6111483 ], [ 37.715331700000014, -1.6089356 ], [ 37.7148463, -1.6078934 ], [ 37.7121622, -1.6069227 ], [ 37.709835, -1.6016408 ], [ 37.7063179, -1.5958538 ], [ 37.7041203, -1.5890511 ], [ 37.7027108, -1.5874938 ], [ 37.6995127, -1.589678 ], [ 37.6967702, -1.5875095 ], [ 37.6966288, -1.5862947 ], [ 37.6950154, -1.5851669 ], [ 37.6843648, -1.5915338 ], [ 37.6812163, -1.600233 ], [ 37.68103820000001, -1.6008414 ], [ 37.681066799999989, -1.604553 ], [ 37.6792821, -1.6065944 ], [ 37.6797585, -1.6131579 ], [ 37.6814884, -1.6154553 ], [ 37.6828514, -1.6184002 ], [ 37.68403, -1.6220503 ], [ 37.683451, -1.6260947 ], [ 37.6815619, -1.6294633 ], [ 37.6763839, -1.63259 ], [ 37.6757272, -1.6322331 ], [ 37.675256, -1.6335893 ], [ 37.6724149, -1.6366728 ], [ 37.672357800000022, -1.6398277 ], [ 37.6704287, -1.640842 ], [ 37.6691726, -1.6429501 ], [ 37.6693232, -1.6444231 ], [ 37.6666345, -1.6454768 ], [ 37.6661901, -1.6461232 ], [ 37.66238, -1.6468271 ], [ 37.6621002, -1.6472052 ], [ 37.6573074, -1.639296 ], [ 37.6573199, -1.6386964 ], [ 37.6574573, -1.6379345 ], [ 37.6561581, -1.6326507 ], [ 37.6506002, -1.631634 ], [ 37.6501366, -1.6299276 ], [ 37.651043, -1.6252787 ], [ 37.6507765, -1.6243682 ], [ 37.6487394, -1.6232269 ], [ 37.6472785, -1.6222545 ], [ 37.6460297, -1.6184434 ], [ 37.6456728, -1.6179795 ], [ 37.6436324, -1.6106157 ], [ 37.6438703, -1.6096521 ], [ 37.6431803, -1.604394 ], [ 37.6444295, -1.6028118 ], [ 37.6423712, -1.5977678 ], [ 37.6443224, -1.596828 ], [ 37.6435729, -1.5945439 ], [ 37.6408591, -1.5934516 ], [ 37.64085450000001, -1.591771 ], [ 37.6426687, -1.5903207 ], [ 37.6417612, -1.5886894 ], [ 37.6366247, -1.5919148 ], [ 37.63215120000001, -1.5920933 ], [ 37.629974, -1.5899401 ], [ 37.6282072, -1.588453 ], [ 37.6272197, -1.5862998 ], [ 37.624054900000012, -1.5833852 ], [ 37.62045, -1.5757598 ], [ 37.6199503, -1.5697403 ], [ 37.6159051, -1.5664093 ], [ 37.6131925, -1.5671469 ], [ 37.6107416, -1.5686339 ], [ 37.6099563, -1.5686815 ], [ 37.6085286, -1.5680629 ], [ 37.6085959, -1.5644194 ], [ 37.6071723, -1.5636732 ], [ 37.6066131, -1.5641372 ], [ 37.6007417, -1.5638398 ], [ 37.599849399999989, -1.562662 ], [ 37.6016221, -1.560604 ], [ 37.5988738, -1.5563689 ], [ 37.5997461, -1.5538072 ], [ 37.597565, -1.553609 ], [ 37.5915568, -1.5599854 ], [ 37.5834426, -1.5630546 ], [ 37.5809918, -1.5663023 ], [ 37.578713, -1.567885 ], [ 37.5776661, -1.5679791 ], [ 37.5747494, -1.5675628 ], [ 37.5740967, -1.5661958 ], [ 37.5771283, -1.5615676 ], [ 37.5774106, -1.5606745 ], [ 37.575282, -1.5600772 ], [ 37.568324100000019, -1.5602025 ], [ 37.5636029, -1.5624334 ], [ 37.5623126, -1.5618207 ], [ 37.561200800000016, -1.5601946 ], [ 37.5577608, -1.5600747 ], [ 37.557105700000015, -1.5576195 ], [ 37.5585247, -1.5563947 ], [ 37.5608775, -1.5563947 ], [ 37.5645402, -1.5546848 ], [ 37.5636306, -1.5532902 ], [ 37.5624336, -1.5529167 ], [ 37.5520035, -1.550358 ], [ 37.5508006, -1.5475372 ], [ 37.5540653, -1.5452041 ], [ 37.5558726, -1.5441941 ], [ 37.5561392, -1.5426454 ], [ 37.5509939, -1.5388357 ], [ 37.5503794, -1.5387872 ], [ 37.5495844, -1.5388279 ], [ 37.5457999, -1.5394518 ], [ 37.545502500000012, -1.5426995 ], [ 37.5399106, -1.5421404 ], [ 37.5351767, -1.5417638 ], [ 37.5307679, -1.5400401 ], [ 37.528449099999989, -1.5402924 ], [ 37.5269466, -1.5387143 ], [ 37.5245736, -1.539357 ], [ 37.5233255, -1.540356 ], [ 37.5211071, -1.5377596 ], [ 37.5223691, -1.5347967 ], [ 37.5189713, -1.5342619 ], [ 37.518961899999979, -1.5296153 ], [ 37.5144246, -1.5266581 ], [ 37.5121286, -1.527224 ], [ 37.5113482, -1.5280585 ], [ 37.5087253, -1.5298417 ], [ 37.5042911, -1.5283529 ], [ 37.5038002, -1.5279766 ], [ 37.5033421, -1.5275349 ], [ 37.5024749, -1.5264551 ], [ 37.500963, -1.5260332 ], [ 37.498599800000015, -1.5269725 ], [ 37.497713400000016, -1.5263406 ], [ 37.4973359, -1.5257858 ], [ 37.4923984, -1.5214318 ], [ 37.4877227, -1.518077 ], [ 37.48534320000001, -1.5181484 ], [ 37.4818929, -1.5200161 ], [ 37.478978, -1.5189098 ], [ 37.4780857, -1.5189336 ], [ 37.4757657, -1.5193975 ], [ 37.4744705, -1.5233524 ], [ 37.4731142, -1.5216275 ], [ 37.4709845, -1.5207709 ], [ 37.4692351, -1.5210921 ], [ 37.4657857, -1.5198572 ], [ 37.4608233, -1.5216418 ], [ 37.4594082, -1.5214014 ], [ 37.4583731, -1.5237807 ], [ 37.4551608, -1.5239353 ], [ 37.4530787, -1.5259815 ], [ 37.4518529, -1.5266058 ], [ 37.449676, -1.5308351 ], [ 37.446105, -1.5322189 ], [ 37.4456606, -1.5325244 ], [ 37.4408183, -1.5331549 ], [ 37.4392121, -1.5302403 ], [ 37.4383198, -1.532001 ], [ 37.438004800000016, -1.5329985 ], [ 37.4368326, -1.534059 ], [ 37.4343936, -1.5339282 ], [ 37.4335727, -1.5329765 ], [ 37.432549500000015, -1.5328218 ], [ 37.4312441, -1.5339443 ], [ 37.428659, -1.5326791 ], [ 37.4281831, -1.5338687 ], [ 37.4195157, -1.5315965 ], [ 37.4188381, -1.5312264 ], [ 37.41574880000001, -1.5296128 ], [ 37.413934200000014, -1.5294803 ], [ 37.4133528, -1.528337 ], [ 37.4103784, -1.527754 ], [ 37.4090221, -1.5260172 ], [ 37.4069586, -1.5263637 ], [ 37.39944460000001, -1.522603 ], [ 37.3940074, -1.5236498 ], [ 37.3933679, -1.523483 ], [ 37.3926392, -1.523293 ], [ 37.3862902, -1.5223946 ], [ 37.383895699999975, -1.5218639 ], [ 37.3834383, -1.5209925 ], [ 37.3814624, -1.522222 ], [ 37.3809748, -1.5220538 ], [ 37.3803449, -1.5216871 ], [ 37.3780696, -1.5230687 ], [ 37.3770269, -1.5240545 ], [ 37.3769241, -1.5256148 ], [ 37.3728109, -1.5289628 ], [ 37.3719124, -1.5313363 ], [ 37.365241599999969, -1.5352981 ], [ 37.3654118, -1.5361397 ], [ 37.3657067, -1.5377137 ], [ 37.3626014, -1.5397786 ], [ 37.3605267, -1.5425516 ], [ 37.3523779, -1.5496193 ], [ 37.3509145, -1.5512251 ], [ 37.3508788, -1.5524863 ], [ 37.3478809, -1.5540908 ], [ 37.3465834, -1.5540547 ], [ 37.340554, -1.5577151 ], [ 37.3358188, -1.5625687 ], [ 37.3383767, -1.5668157 ], [ 37.3415653, -1.5705392 ], [ 37.3433142, -1.5751193 ], [ 37.349107799999985, -1.579622 ], [ 37.3494357, -1.5800491 ], [ 37.3548589, -1.5847211 ], [ 37.3554586, -1.5855192 ], [ 37.3648381, -1.5925206 ], [ 37.3656448, -1.5963039 ], [ 37.365791500000014, -1.5968 ], [ 37.3677762, -1.6019249 ], [ 37.3685774, -1.6029241 ], [ 37.3713614, -1.6055184 ], [ 37.3724573, -1.6105096 ], [ 37.37609, -1.6181064 ], [ 37.3779328, -1.6260959 ], [ 37.3787524, -1.6260695 ], [ 37.382163, -1.632044 ], [ 37.3855538, -1.6357053 ], [ 37.3857059, -1.6407944 ], [ 37.3907601, -1.6508409 ], [ 37.3912717, -1.6514952 ], [ 37.3947177, -1.6570159 ], [ 37.3947868, -1.6576846 ], [ 37.396370099999984, -1.6625464 ], [ 37.3997915, -1.6639743 ], [ 37.3994833, -1.66439 ], [ 37.4008226, -1.66463 ], [ 37.4010124, -1.6688274 ], [ 37.40091229999998, -1.6697512 ], [ 37.4017329, -1.6701259 ], [ 37.402256699999988, -1.6735104 ], [ 37.405887199999981, -1.6769456 ], [ 37.4066376, -1.6775696 ], [ 37.4051197, -1.6800047 ], [ 37.4072208, -1.6824205 ], [ 37.4071993, -1.683197 ], [ 37.4081571, -1.6851944 ], [ 37.4082438, -1.6864442 ], [ 37.410028400000023, -1.6877528 ], [ 37.41355, -1.6898703 ], [ 37.4118996, -1.691395 ], [ 37.4093943, -1.6913077 ], [ 37.4085428, -1.6916711 ], [ 37.4088585, -1.6926068 ], [ 37.4068876, -1.6931353 ], [ 37.4055113, -1.6926325 ], [ 37.4046892, -1.6937555 ], [ 37.4022522, -1.6959059 ], [ 37.4012723, -1.6950142 ], [ 37.3973379, -1.696405 ], [ 37.3955468, -1.6978692 ], [ 37.3950624, -1.697928 ], [ 37.3944898, -1.6982839 ], [ 37.3934043, -1.6973428 ], [ 37.3908601, -1.7004087 ], [ 37.3878909, -1.7005922 ], [ 37.385197, -1.7037005 ], [ 37.3848337, -1.7031573 ], [ 37.3824664, -1.7041555 ], [ 37.3820774, -1.7037775 ], [ 37.37769530000002, -1.7057005 ], [ 37.3771594, -1.706284 ], [ 37.3720212, -1.7071941 ], [ 37.3690437, -1.7068203 ], [ 37.3640737, -1.7058513 ], [ 37.361726, -1.705864 ], [ 37.3559711, -1.7080231 ], [ 37.3543643, -1.7070732 ], [ 37.3503516, -1.7072538 ], [ 37.3498591, -1.706116 ], [ 37.3195192, -1.7121101 ], [ 37.318888800000011, -1.7125325 ], [ 37.3181057, -1.7086832 ], [ 37.3158821, -1.7072187 ], [ 37.3135557, -1.7034564 ], [ 37.3034023, -1.7096274 ], [ 37.287737, -1.7202242 ], [ 37.302058, -1.754938 ], [ 37.3005768, -1.7545584 ], [ 37.300415899999983, -1.7552362 ], [ 37.2958065, -1.7540277 ], [ 37.2946955, -1.7541023 ], [ 37.2933725, -1.7532078 ], [ 37.290777, -1.7551984 ], [ 37.290360799999988, -1.7567732 ], [ 37.2880648, -1.7583927 ], [ 37.2886224, -1.7591165 ], [ 37.287527, -1.7607039 ], [ 37.285448, -1.7620646 ], [ 37.2847802, -1.7633748 ], [ 37.2826382, -1.7671796 ], [ 37.280471, -1.7694851 ], [ 37.277338, -1.7656823 ], [ 37.276666400000011, -1.765579 ], [ 37.2733986, -1.7655144 ], [ 37.2724816, -1.765734 ], [ 37.2686325, -1.7622212 ], [ 37.2662384, -1.7621385 ], [ 37.244906899999989, -1.7376825 ], [ 37.2424084, -1.7405943 ], [ 37.2077358, -1.7314575 ], [ 37.1975427, -1.7253546 ], [ 37.2011166, -1.7488403 ], [ 37.2095588, -1.7736649 ], [ 37.2112586, -1.7767536 ], [ 37.1922958, -1.778394 ], [ 37.1736175, -1.7815369 ], [ 37.1611194, -1.7826805 ], [ 37.1561755, -1.7899984 ], [ 37.1520645, -1.7971038 ], [ 37.1538815, -1.8010864 ], [ 37.1533395, -1.8036032 ], [ 37.1468074, -1.8096247 ], [ 37.1427603, -1.8148822 ], [ 37.1457873, -1.8190558 ], [ 37.146679399999989, -1.8209676 ], [ 37.14409830000001, -1.8246953 ], [ 37.1439713, -1.8262881 ], [ 37.1449913, -1.8308117 ], [ 37.1491974, -1.8322776 ], [ 37.1493564, -1.8348904 ], [ 37.1469024, -1.8359733 ], [ 37.1448313, -1.8365472 ], [ 37.14260130000001, -1.8397009 ], [ 37.1441943, -1.8419947 ], [ 37.1488464, -1.8420587 ], [ 37.1511725, -1.8446395 ], [ 37.1546775, -1.8454674 ], [ 37.1571316, -1.8478252 ], [ 37.1580556, -1.8531457 ], [ 37.1611777, -1.8572563 ], [ 37.1631662, -1.8586678 ], [ 37.1631446, -1.8664658 ], [ 37.1623838, -1.8707765 ], [ 37.1635672, -1.8746647 ], [ 37.161115699999989, -1.8764397 ], [ 37.16069310000001, -1.8843005 ], [ 37.1595941, -1.8865827 ], [ 37.15550660000001, -1.8856758 ], [ 37.1540405, -1.8874276 ], [ 37.1550654, -1.8896013 ], [ 37.1579114, -1.8919238 ], [ 37.1588333, -1.8945281 ], [ 37.158833300000019, -1.8998542 ], [ 37.1621337, -1.9021793 ], [ 37.1663078, -1.9085837 ], [ 37.1669138, -1.9089016 ], [ 37.1686019, -1.9112274 ], [ 37.1687619, -1.9118014 ], [ 37.169047899999988, -1.9125973 ], [ 37.1712149, -1.9145731 ], [ 37.1714059, -1.9184918 ], [ 37.1720749, -1.9190977 ], [ 37.1796591, -1.9235573 ], [ 37.1844072, -1.9255971 ], [ 37.1834192, -1.9312356 ], [ 37.1868922, -1.9338164 ], [ 37.1882303, -1.9359192 ], [ 37.188995299999988, -1.9360472 ], [ 37.1904616, -1.9364564 ], [ 37.1975632, -1.9351252 ], [ 37.1997655, -1.9340713 ], [ 37.2033336, -1.9349633 ], [ 37.2066773, -1.9359832 ], [ 37.2111407, -1.9336254 ], [ 37.2181509, -1.9346453 ], [ 37.225798, -1.9349003 ], [ 37.2372053, -1.93764 ], [ 37.2460315, -1.9455733 ], [ 37.2486445, -1.9520087 ], [ 37.2491545, -1.9523597 ], [ 37.2508746, -1.9527416 ], [ 37.2547626, -1.9553544 ], [ 37.2578537, -1.959401 ], [ 37.2625688, -1.960134 ], [ 37.266360899999988, -1.9602289 ], [ 37.2690689, -1.9673343 ], [ 37.2767801, -1.9778483 ], [ 37.2808912, -1.9961037 ], [ 37.2850973, -1.9971556 ], [ 37.3001046, -2.0055348 ], [ 37.3016026, -2.0054388 ], [ 37.303705700000023, -2.003782 ], [ 37.3096008, -2.0045149 ], [ 37.3134239, -2.0086885 ], [ 37.3248311, -2.0104734 ], [ 37.3601048, -2.013786 ], [ 37.3830587, -2.024899 ], [ 37.4529188, -2.0758473 ], [ 37.4535618, -2.0756914 ], [ 37.4571309, -2.0774752 ], [ 37.47959, -2.0863612 ], [ 37.4824297, -2.0881868 ], [ 37.490564100000022, -2.0913137 ], [ 37.4904736, -2.090748 ], [ 37.5360895, -2.1091523 ], [ 37.5380495, -2.1133579 ], [ 37.5422866, -2.1146328 ], [ 37.5452187, -2.1187264 ], [ 37.5438957, -2.1247319 ], [ 37.5466195, -2.1276855 ], [ 37.5527859, -2.1293364 ], [ 37.5647991, -2.1286355 ], [ 37.5758243, -2.1414113 ], [ 37.5942196, -2.1554162 ], [ 37.6205923, -2.1631083 ], [ 37.6654252, -2.1575958 ], [ 37.6942308, -2.1670589 ], [ 37.6996789, -2.166645 ], [ 37.70143190000001, -2.1674409 ], [ 37.706817, -2.1752472 ], [ 37.7079961, -2.1836584 ], [ 37.7088561, -2.1847733 ], [ 37.7241734, -2.1905188 ], [ 37.72481830000001, -2.1931908 ], [ 37.7203045, -2.1927247 ], [ 37.7187162, -2.1923525 ], [ 37.7119161, -2.1939711 ], [ 37.7057419, -2.197959 ], [ 37.7053255, -2.1983397 ], [ 37.7010687, -2.2041736 ], [ 37.7000218, -2.2062436 ], [ 37.6986127, -2.2070031 ], [ 37.6981776, -2.2088845 ], [ 37.696178900000014, -2.2098719 ], [ 37.6961526, -2.2108959 ], [ 37.691749500000014, -2.2162192 ], [ 37.6884692, -2.2184015 ], [ 37.6870534, -2.2227674 ], [ 37.6842236, -2.2263465 ], [ 37.6812455, -2.2270735 ], [ 37.6801205, -2.2295483 ], [ 37.6758594, -2.2294783 ], [ 37.6752844, -2.2307421 ], [ 37.6761844, -2.2339049 ], [ 37.6768724, -2.2347718 ], [ 37.6763754, -2.2369086 ], [ 37.6766864, -2.2420891 ], [ 37.6791885, -2.2455558 ], [ 37.6782555, -2.2512253 ], [ 37.6787185, -2.2564888 ], [ 37.6768925, -2.2625623 ], [ 37.6778845, -2.2639911 ], [ 37.6792475, -2.265698 ], [ 37.6785395, -2.2675028 ], [ 37.6754624, -2.2689347 ], [ 37.6747484, -2.2689147 ], [ 37.6733054, -2.2712275 ], [ 37.6736304, -2.2731263 ], [ 37.6726244, -2.2805166 ], [ 37.6727964, -2.2815485 ], [ 37.669355300000021, -2.2831924 ], [ 37.6677803, -2.2829544 ], [ 37.6689983, -2.2863421 ], [ 37.669726300000029, -2.2866461 ], [ 37.6709964, -2.2879819 ], [ 37.6707714, -2.2897028 ], [ 37.6649622, -2.2918466 ], [ 37.6637442, -2.2912107 ], [ 37.6618652, -2.2913296 ], [ 37.6614022, -2.2909997 ], [ 37.6586501, -2.2884849 ], [ 37.6569561, -2.2894118 ], [ 37.655222, -2.2901658 ], [ 37.654587, -2.2910787 ], [ 37.6492339, -2.2932815 ], [ 37.6469049, -2.298303 ], [ 37.6475599, -2.2993819 ], [ 37.6464819, -2.3013537 ], [ 37.6439138, -2.3002618 ], [ 37.643470799999989, -2.298991 ], [ 37.6390577, -2.2991499 ], [ 37.6375157, -2.2995869 ], [ 37.6365897, -2.2991639 ], [ 37.6328846, -2.2957363 ], [ 37.6315736, -2.2968812 ], [ 37.6328846, -2.3008968 ], [ 37.631401600000018, -2.3036355 ], [ 37.6266905, -2.3029016 ], [ 37.6245074, -2.3058393 ], [ 37.6238784, -2.3058063 ], [ 37.6226344, -2.3064873 ], [ 37.6205903, -2.3013138 ], [ 37.6200543, -2.3007378 ], [ 37.6174673, -2.29878 ], [ 37.6128752, -2.2995269 ], [ 37.6125642, -2.3021867 ], [ 37.611909200000021, -2.3027826 ], [ 37.6093021, -2.3042775 ], [ 37.6071321, -2.3052564 ], [ 37.6077471, -2.3071092 ], [ 37.6087201, -2.3081541 ], [ 37.6072511, -2.3108869 ], [ 37.605081, -2.3127987 ], [ 37.604267, -2.3132357 ], [ 37.603526, -2.3111389 ], [ 37.601594, -2.3115418 ], [ 37.6006869, -2.3131237 ], [ 37.5992839, -2.3114559 ], [ 37.5971838, -2.3136631 ], [ 37.7443505, -2.4833652 ], [ 37.778474, -2.5240265 ], [ 37.8496182, -2.6054959 ], [ 37.8641171, -2.6305794 ], [ 37.8722321, -2.6496648 ], [ 37.8795868, -2.6623372 ], [ 37.8936802, -2.6767159 ], [ 37.9020788, -2.7029095 ], [ 37.9060506, -2.7047915 ], [ 37.9177324, -2.705955 ], [ 37.922207, -2.7063972 ], [ 37.9274568, -2.7147895 ], [ 37.9310984, -2.7242469 ], [ 37.9299, -2.7400326 ], [ 37.9272829, -2.7422414 ], [ 37.9277322, -2.7532818 ], [ 37.930484, -2.7640694 ], [ 37.9338025, -2.768774 ], [ 37.9384245, -2.7731929 ], [ 37.9752423, -2.7898216 ], [ 38.042375, -2.7533068 ], [ 38.101073, -2.7226979 ], [ 38.102733, -2.7206047 ], [ 38.1048592, -2.7198279 ], [ 38.109547, -2.7185428 ], [ 38.1101757, -2.7179893 ], [ 38.1148186, -2.7152363 ], [ 38.117302, -2.7139947 ], [ 38.1180578, -2.7091904 ], [ 38.119677399999986, -2.7070312 ], [ 38.122058099999983, -2.7065822 ], [ 38.1231866, -2.7068693 ], [ 38.1241044, -2.7056817 ], [ 38.1251841, -2.7035764 ], [ 38.1305828, -2.7002836 ], [ 38.134793800000011, -2.7002296 ], [ 38.1399765, -2.7008234 ], [ 38.1432158, -2.7001756 ], [ 38.1493163, -2.7012552 ], [ 38.1511357, -2.7011694 ], [ 38.151799699999977, -2.7014172 ], [ 38.1526635, -2.7009313 ], [ 38.1542831, -2.7002836 ], [ 38.1549905, -2.6984808 ], [ 38.1579843, -2.6968527 ], [ 38.1583861, -2.6955872 ], [ 38.1578462, -2.6947235 ], [ 38.15871, -2.6925643 ], [ 38.157954200000013, -2.6906749 ], [ 38.1597358, -2.6881378 ], [ 38.1606535, -2.6845751 ], [ 38.1620572, -2.68193 ], [ 38.162813, -2.6817141 ], [ 38.1639077, -2.6936388 ], [ 38.1656009, -2.6954494 ], [ 38.1677258, -2.6959111 ], [ 38.1685357, -2.6973146 ], [ 38.184893699999989, -2.7055197 ], [ 38.2511898, -2.753572 ], [ 38.2511898, -2.7548582 ], [ 38.2588277, -2.7604209 ], [ 38.2816623, -2.7880009 ], [ 38.3034568, -2.819664 ], [ 38.3173831, -2.8330611 ], [ 38.3413578, -2.8713595 ], [ 38.3637693, -2.9023147 ], [ 38.3885272, -2.9258301 ], [ 38.3947362, -2.9296797 ], [ 38.4010027, -2.9300219 ], [ 38.406464, -2.9289182 ], [ 38.40979380000001, -2.9308122 ], [ 38.421087, -2.9475702 ], [ 38.4340439, -2.962091 ], [ 38.4416911, -2.968152 ], [ 38.4500241, -2.9768278 ], [ 38.4579602, -2.993292 ], [ 38.460579700000011, -2.9952492 ], [ 38.4630523, -2.9911282 ], [ 38.4648696, -2.9902616 ], [ 38.4666018, -2.9909985 ], [ 38.4685856, -2.9899725 ], [ 38.468312, -2.9877312 ], [ 38.4727437, -2.9875024 ], [ 38.4745053, -2.9882292 ], [ 38.4784125, -2.9876916 ], [ 38.4811009, -2.9853977 ], [ 38.4845779, -2.9838565 ], [ 38.4897755, -2.9800932 ], [ 38.4933822, -2.9863449 ], [ 38.5010721, -2.9854492 ], [ 38.5003654, -2.9601657 ], [ 38.499755, -2.9591892 ], [ 38.4987785, -2.9579686 ], [ 38.4933462, -2.9584568 ], [ 38.492520800000015, -2.9561865 ], [ 38.4929723, -2.9554211 ], [ 38.4941831, -2.9536219 ], [ 38.4928031, -2.9505371 ], [ 38.4917593, -2.9491803 ], [ 38.4889362, -2.9453303 ], [ 38.4887377, -2.939976 ], [ 38.4871168, -2.9384917 ], [ 38.484557, -2.9383781 ], [ 38.477965, -2.9394766 ], [ 38.4767443, -2.9385612 ], [ 38.4744712, -2.9274706 ], [ 38.468888899999975, -2.9159704 ], [ 38.4660572, -2.9103745 ], [ 38.4654576, -2.9096083 ], [ 38.4623397, -2.9062766 ], [ 38.4617265, -2.9029298 ], [ 38.462093, -2.9019805 ], [ 38.461993, -2.8993157 ], [ 38.4581282, -2.8971832 ], [ 38.451963500000026, -2.8961457 ], [ 38.4516065, -2.8935654 ], [ 38.4523489, -2.8909884 ], [ 38.4557801, -2.886908 ], [ 38.455564599999981, -2.8842449 ], [ 38.4541608, -2.8821699 ], [ 38.4499795, -2.8817607 ], [ 38.4452298, -2.8824871 ], [ 38.4438382, -2.8803897 ], [ 38.446710800000012, -2.8728921 ], [ 38.4457378, -2.8704522 ], [ 38.4407328, -2.867889 ], [ 38.4387545, -2.8654859 ], [ 38.4401396, -2.8599607 ], [ 38.4390946, -2.8586479 ], [ 38.432737, -2.8570868 ], [ 38.4288298, -2.8524661 ], [ 38.4287982, -2.8509499 ], [ 38.4323708, -2.8444536 ], [ 38.4319435, -2.8398764 ], [ 38.4274972, -2.8298394 ], [ 38.4277804, -2.8236201 ], [ 38.4266555, -2.8203517 ], [ 38.419736199999988, -2.8166852 ], [ 38.4192356, -2.8138938 ], [ 38.4229244, -2.8075944 ], [ 38.4234552, -2.8001132 ], [ 38.4252985, -2.7971225 ], [ 38.432008, -2.7943226 ], [ 38.4333473, -2.7909917 ], [ 38.4274972, -2.7798516 ], [ 38.4256983, -2.7725735 ], [ 38.4193517, -2.7590545 ], [ 38.4146883, -2.7529709 ], [ 38.4117404, -2.7402762 ], [ 38.405577100000016, -2.7303372 ], [ 38.3961761, -2.7061607 ], [ 38.391102499999988, -2.6955649 ], [ 38.3892203, -2.6876512 ], [ 38.3862076, -2.6793796 ], [ 38.3851285, -2.6774157 ], [ 38.3822954, -2.6717251 ], [ 38.382931200000016, -2.6663694 ], [ 38.3811232, -2.6636535 ], [ 38.3795742, -2.6624025 ], [ 38.37377570000001, -2.6586797 ], [ 38.3677331, -2.6519664 ], [ 38.3681603, -2.6445208 ], [ 38.3635216, -2.6409811 ], [ 38.362545, -2.632498 ], [ 38.35212880000001, -2.6052588 ], [ 38.34965, -2.6004037 ], [ 38.34753, -2.5905096 ], [ 38.342525, -2.5889839 ], [ 38.3399615, -2.5878854 ], [ 38.3353227, -2.5703699 ], [ 38.3321488, -2.5651824 ], [ 38.3331254, -2.5634735 ], [ 38.3371538, -2.5620088 ], [ 38.339168, -2.5588963 ], [ 38.33797770000001, -2.5567583 ], [ 38.3320915, -2.5526357 ], [ 38.3238214, -2.5505724 ], [ 38.3229372, -2.5477109 ], [ 38.3243361, -2.5435169 ], [ 38.3199415, -2.5380242 ], [ 38.3221388, -2.5332029 ], [ 38.3213454, -2.5289308 ], [ 38.3181715, -2.5256962 ], [ 38.3183546, -2.5228278 ], [ 38.3177442, -2.5180065 ], [ 38.3155469, -2.5158094 ], [ 38.3131665, -2.5144058 ], [ 38.3131665, -2.5101947 ], [ 38.313494, -2.5092776 ], [ 38.314143, -2.506594 ], [ 38.3115795, -2.5034204 ], [ 38.3024669, -2.5004192 ], [ 38.298989400000011, -2.4946836 ], [ 38.2977242, -2.4906042 ], [ 38.2901557, -2.4863322 ], [ 38.288935, -2.4832807 ], [ 38.2871649, -2.473577 ], [ 38.2859442, -2.4691829 ], [ 38.2828847, -2.4533143 ], [ 38.280862200000016, -2.4496706 ], [ 38.2803926, -2.4476164 ], [ 38.2776856, -2.4380837 ], [ 38.2752109, -2.4272343 ], [ 38.2725772, -2.4249974 ], [ 38.2633607, -2.4242041 ], [ 38.2587219, -2.4229224 ], [ 38.2533507, -2.4232276 ], [ 38.2511534, -2.4221901 ], [ 38.247125, -2.4165143 ], [ 38.2443784, -2.4138901 ], [ 38.2377254, -2.4124254 ], [ 38.236565700000014, -2.4113268 ], [ 38.233941200000025, -2.405407 ], [ 38.2313776, -2.4036371 ], [ 38.2237481, -2.4022334 ], [ 38.2218266, -2.3964588 ], [ 38.219601700000027, -2.3864303 ], [ 38.212632, -2.3618353 ], [ 38.2123464, -2.358766 ], [ 38.2073293, -2.3571936 ], [ 38.2055592, -2.3570105 ], [ 38.1995776, -2.3568885 ], [ 38.1963323, -2.3505696 ], [ 38.1921314, -2.3471098 ], [ 38.1878494, -2.3423731 ], [ 38.1837692, -2.3411428 ], [ 38.1755592, -2.3418377 ], [ 38.1687611, -2.3380913 ], [ 38.1597209, -2.3344296 ], [ 38.156776, -2.3323715 ], [ 38.1524096, -2.3305276 ], [ 38.1485905, -2.324746 ], [ 38.1409216, -2.3235053 ], [ 38.134329699999988, -2.3241156 ], [ 38.1298382, -2.3234043 ], [ 38.1257265, -2.3218626 ] ] ] } },
{ "type": "Feature", "properties": { "ADM1_EN": "Marsabit", "pop2009": 291166.0, "ADM0_EN": "Kenya", "longitude": 37.661397038464649, "latitude": 2.9512658074643121, "area": 71283.0, "landscape": "Sabarwawa" }, "geometry": { "type": "Polygon", "coordinates": [ [ [ 38.959869700000013, 2.0924022 ], [ 38.9624669, 2.0939107 ], [ 38.9575667, 2.0989329 ], [ 38.945459, 2.1306837 ], [ 38.9433012, 2.1407523 ], [ 38.9387622, 2.154368 ], [ 38.9390864, 2.1906763 ], [ 38.940383300000015, 2.2117481 ], [ 38.9374653, 2.234765 ], [ 38.9326021, 2.2512983 ], [ 38.9290357, 2.2837165 ], [ 38.9348717, 2.3028432 ], [ 38.9355617, 2.307959 ], [ 38.9369377, 2.3139482 ], [ 38.934528199999988, 2.326608 ], [ 38.9341047, 2.3538494 ], [ 38.9355617, 2.3572487 ], [ 38.9361283, 2.3693081 ], [ 38.9329203, 2.3755152 ], [ 38.9311907, 2.3961787 ], [ 38.9290358, 2.4107957 ], [ 38.9150019, 2.4391555 ], [ 38.914921, 2.4472491 ], [ 38.9030602, 2.4758072 ], [ 38.9008367, 2.4901449 ], [ 38.8974264, 2.4989073 ], [ 38.8949278, 2.5109453 ], [ 38.8949278, 2.5145065 ], [ 38.8942523, 2.5302948 ], [ 38.8899353, 2.5396185 ], [ 38.9782197, 2.5625865 ], [ 38.9820951, 2.5651698 ], [ 38.9997711, 2.596275 ], [ 39.0356041, 2.6829507 ], [ 39.0384009, 2.6905538 ], [ 39.0469891, 2.6985979 ], [ 39.05378240000001, 2.6996114 ], [ 39.050624200000023, 2.7026963 ], [ 39.051516, 2.7148682 ], [ 39.0550238, 2.7266983 ], [ 39.0586539, 2.7315038 ], [ 39.0624493, 2.7340338 ], [ 39.0632581, 2.7352736 ], [ 39.0693887, 2.7808633 ], [ 39.0719178, 2.8090739 ], [ 39.0690083, 2.8762311 ], [ 39.0692393, 2.8800438 ], [ 39.1044976, 2.8805596 ], [ 39.1111766, 2.8811864 ], [ 39.1136089, 2.8805977 ], [ 39.1165713, 2.9013726 ], [ 39.1198641, 2.9150568 ], [ 39.1203711, 2.9157426 ], [ 39.1241966, 2.9255055 ], [ 39.1269754, 2.9314551 ], [ 39.1316655, 2.9336993 ], [ 39.1328074, 2.9337003 ], [ 39.1373936, 2.9346362 ], [ 39.1419269, 2.9388346 ], [ 39.1476915, 2.9486905 ], [ 39.1487891, 2.9497037 ], [ 39.1522061, 2.9521389 ], [ 39.1751695, 2.9536295 ], [ 39.1956878, 2.9545199 ], [ 39.2003679, 2.9632817 ], [ 39.20130910000001, 2.964272 ], [ 39.2060458, 2.9678377 ], [ 39.21226, 2.9708995 ], [ 39.2201073, 2.9768672 ], [ 39.2209322, 2.9770904 ], [ 39.2270999, 2.9780311 ], [ 39.2281623, 2.9785562 ], [ 39.2381754, 2.9827958 ], [ 39.2437158, 2.9837917 ], [ 39.247737600000015, 2.9833107 ], [ 39.2503046, 2.9851171 ], [ 39.251828, 2.9933476 ], [ 39.2523669, 2.9941148 ], [ 39.2648087, 3.0074827 ], [ 39.286364400000011, 3.0287948 ], [ 39.2868237, 3.0293035 ], [ 39.2908218, 3.0343128 ], [ 39.3131214, 3.0451426 ], [ 39.326134, 3.0524117 ], [ 39.3264676, 3.0527621 ], [ 39.3270191, 3.0530703 ], [ 39.3451811, 3.0666534 ], [ 39.3465665, 3.0697316 ], [ 39.3471568, 3.0797977 ], [ 39.3461914, 3.0988063 ], [ 39.3458994, 3.1396759 ], [ 39.3452838, 3.149346 ], [ 39.344305299999988, 3.1491248 ], [ 39.3434909, 3.1646767 ], [ 39.341862, 3.2466573 ], [ 39.338626800000029, 3.2731245 ], [ 39.3363418, 3.2784632 ], [ 39.3291323, 3.284571 ], [ 39.3275184, 3.289412 ], [ 39.3250298, 3.3146125 ], [ 39.3203241, 3.3467351 ], [ 39.3199952, 3.3531932 ], [ 39.3136274, 3.3938784 ], [ 39.3125415, 3.4046463 ], [ 39.3110935, 3.4086277 ], [ 39.3055733, 3.4160476 ], [ 39.3038719, 3.4214229 ], [ 39.3010485, 3.4260463 ], [ 39.2994196, 3.4360903 ], [ 39.2994196, 3.4420624 ], [ 39.3015915, 3.4484869 ], [ 39.3076547, 3.4587119 ], [ 39.3150075, 3.4670592 ], [ 39.322644899999972, 3.4727142 ], [ 39.3228609, 3.4791566 ], [ 39.3249048, 3.4902266 ], [ 39.325501, 3.4986568 ], [ 39.3262049, 3.4994519 ], [ 39.3200702, 3.4986851 ], [ 39.317072499999988, 3.4948513 ], [ 39.3160966, 3.4903205 ], [ 39.3149812, 3.4889264 ], [ 39.3127504, 3.4857897 ], [ 39.3081493, 3.4823044 ], [ 39.3041757, 3.4765189 ], [ 39.2855624, 3.4772857 ], [ 39.278382, 3.4754036 ], [ 39.2742471, 3.4731465 ], [ 39.2676927, 3.4693654 ], [ 39.2612754, 3.4719633 ], [ 39.2580439, 3.4722819 ], [ 39.2543117, 3.4742843 ], [ 39.2441494, 3.474216 ], [ 39.2332017, 3.4763341 ], [ 39.2270952, 3.4795297 ], [ 39.1930711, 3.4766011 ], [ 39.1907153, 3.4781715 ], [ 39.1901442, 3.4904488 ], [ 39.187288700000011, 3.4905201 ], [ 39.1790703, 3.48779 ], [ 39.1755326, 3.4882953 ], [ 39.164703, 3.4940706 ], [ 39.1639069, 3.4946556 ], [ 39.1599398, 3.4966593 ], [ 39.1564843, 3.4996998 ], [ 39.1518771, 3.4992852 ], [ 39.1506331, 3.501911 ], [ 39.1522457, 3.5075773 ], [ 39.1459798, 3.5102032 ], [ 39.1410039, 3.5091897 ], [ 39.137917100000017, 3.5105718 ], [ 39.130868, 3.510019 ], [ 39.1253853, 3.5121381 ], [ 39.1181789, 3.5155635 ], [ 39.1051543, 3.5217754 ], [ 39.0944054, 3.5321999 ], [ 39.091819199999989, 3.5358768 ], [ 39.0905676, 3.5388421 ], [ 39.0869768, 3.5394192 ], [ 39.0835143, 3.5373675 ], [ 39.0828731, 3.5365981 ], [ 39.0814859, 3.5360103 ], [ 39.0780411, 3.5369591 ], [ 39.0770001, 3.5367151 ], [ 39.0770698, 3.5360844 ], [ 39.0729357, 3.5353415 ], [ 39.0718757, 3.5350575 ], [ 39.0704327, 3.5328877 ], [ 39.0671946, 3.5344145 ], [ 39.0600655, 3.5311828 ], [ 39.0575584, 3.5302519 ], [ 39.0572654, 3.529476 ], [ 39.0551264, 3.5265992 ], [ 39.0514463, 3.5268542 ], [ 39.0507363, 3.5274582 ], [ 39.0474996, 3.5278479 ], [ 39.0452742, 3.5272832 ], [ 39.0439191, 3.52899 ], [ 39.0405882, 3.5319943 ], [ 39.039517, 3.5280291 ], [ 39.0402511, 3.5274362 ], [ 39.0381998, 3.5233276 ], [ 39.0237077, 3.5218677 ], [ 39.0231262, 3.5214025 ], [ 39.0231262, 3.5132624 ], [ 39.0222539, 3.510297 ], [ 39.0211716, 3.5093266 ], [ 39.0165124, 3.5101952 ], [ 39.0152488, 3.5122482 ], [ 39.0144591, 3.5145381 ], [ 39.01209, 3.5144592 ], [ 39.0091681, 3.5144592 ], [ 39.0084573, 3.5154067 ], [ 39.0058513, 3.52125 ], [ 39.003956, 3.5228292 ], [ 39.0018238, 3.5214079 ], [ 38.9995336, 3.5198286 ], [ 38.9963748, 3.5200655 ], [ 38.9924263, 3.5221186 ], [ 38.9907679, 3.5213289 ], [ 38.98077, 3.5241224 ], [ 38.9795333, 3.5283529 ], [ 38.9765391, 3.529199 ], [ 38.9739354, 3.5282878 ], [ 38.9730241, 3.5275718 ], [ 38.9707459, 3.5286132 ], [ 38.9668405, 3.5310864 ], [ 38.9641066, 3.5299149 ], [ 38.962935, 3.5279624 ], [ 38.9599408, 3.5259447 ], [ 38.9590295, 3.5219095 ], [ 38.9596804, 3.5157265 ], [ 38.9589075, 3.5151874 ], [ 38.9157947, 3.5125389 ], [ 38.9044214, 3.5126109 ], [ 38.85173, 3.5303888 ], [ 38.7579364, 3.5579563 ], [ 38.7183524, 3.5702375 ], [ 38.7137061, 3.5731085 ], [ 38.7117745, 3.5784329 ], [ 38.7112286, 3.5813293 ], [ 38.7053667, 3.5919099 ], [ 38.69482, 3.6074508 ], [ 38.6891766, 3.6182739 ], [ 38.6886215, 3.6209565 ], [ 38.6851984, 3.6240092 ], [ 38.6754843, 3.6230841 ], [ 38.673449, 3.6207715 ], [ 38.6739116, 3.6080058 ], [ 38.6721538, 3.602733 ], [ 38.6712286, 3.5952401 ], [ 38.6704755, 3.5936587 ], [ 38.6350089, 3.601665 ], [ 38.6281452, 3.6037989 ], [ 38.6207624, 3.6032222 ], [ 38.6186327, 3.6030737 ], [ 38.6120737, 3.6080845 ], [ 38.610304899999988, 3.610111 ], [ 38.6078729, 3.6096689 ], [ 38.6064796, 3.6064556 ], [ 38.5786431, 3.6059509 ], [ 38.5737392, 3.6081862 ], [ 38.5716479, 3.609412 ], [ 38.56724890000001, 3.6102052 ], [ 38.5653018, 3.6129453 ], [ 38.56047, 3.6140269 ], [ 38.5588306, 3.6158137 ], [ 38.5564995, 3.6247079 ], [ 38.5523999, 3.6316999 ], [ 38.5482485, 3.6439531 ], [ 38.5454113, 3.6461766 ], [ 38.5422673, 3.6477868 ], [ 38.5416539, 3.6485535 ], [ 38.5395068, 3.6539974 ], [ 38.5371296, 3.6541507 ], [ 38.5309184, 3.653384 ], [ 38.52156320000001, 3.6526939 ], [ 38.5184192, 3.6530006 ], [ 38.5159654, 3.6493969 ], [ 38.5207197, 3.6419596 ], [ 38.51964610000001, 3.6350589 ], [ 38.5221766, 3.6273148 ], [ 38.5212564, 3.6252447 ], [ 38.5164254, 3.6246313 ], [ 38.5154149, 3.6236242 ], [ 38.5013679, 3.6219251 ], [ 38.494684300000017, 3.6188668 ], [ 38.474299099999989, 3.6117434 ], [ 38.4478741, 3.6018658 ], [ 38.26548970000001, 3.6149559 ], [ 38.194574, 3.6193877 ], [ 38.1781747, 3.6186786 ], [ 38.1480798, 3.6112776 ], [ 38.1387278, 3.6110117 ], [ 38.135935499999988, 3.6102583 ], [ 38.12925580000001, 3.605613 ], [ 38.1274105, 3.6061581 ], [ 38.1215294, 3.6126439 ], [ 38.106567299999988, 3.627518 ], [ 38.0950646, 3.6368576 ], [ 38.085810500000022, 3.6449 ], [ 38.0746538, 3.6533748 ], [ 38.0674754, 3.6599471 ], [ 38.0462027, 3.6764576 ], [ 38.0402389, 3.683505 ], [ 38.0245159, 3.6981421 ], [ 38.0196364, 3.7043764 ], [ 38.0155702, 3.7133212 ], [ 38.0106906, 3.7179292 ], [ 38.0066244, 3.7206398 ], [ 38.0031003, 3.7247056 ], [ 37.9987629, 3.7276872 ], [ 37.9921976, 3.7295458 ], [ 37.9153397, 3.7725149 ], [ 37.9049799, 3.7809769 ], [ 37.9020616, 3.78229 ], [ 37.7765356, 3.8636298 ], [ 37.5846218, 3.9970918 ], [ 36.9749352, 4.3953324 ], [ 36.957571, 4.3947123 ], [ 36.9579844, 4.4009132 ], [ 36.907958900000018, 4.4215828 ], [ 36.8792252, 4.4281971 ], [ 36.842016199999989, 4.4470064 ], [ 36.7173657, 4.4399789 ], [ 36.6611294, 4.4381799 ], [ 36.6429542, 4.4500232 ], [ 36.6241664, 4.4516568 ], [ 36.5765841, 4.4443059 ], [ 36.546156, 4.4410388 ], [ 36.413022, 4.4446841 ], [ 36.339078, 4.4462075 ], [ 36.3352106, 4.4448716 ], [ 36.3311322, 4.4407936 ], [ 36.3277569, 4.4416373 ], [ 36.3247333, 4.4430436 ], [ 36.3224831, 4.4413561 ], [ 36.3214284, 4.4401608 ], [ 36.3196001, 4.4400905 ], [ 36.31735, 4.4423405 ], [ 36.314467, 4.4421998 ], [ 36.30799780000001, 4.4384031 ], [ 36.3032162, 4.4384734 ], [ 36.2845821, 4.447895 ], [ 36.2724172, 4.4487387 ], [ 36.2646823, 4.4538714 ], [ 36.2618696, 4.4548557 ], [ 36.2591272, 4.4530276 ], [ 36.25307990000001, 4.453098 ], [ 36.2468636, 4.4558075 ], [ 36.2324688, 4.4478974 ], [ 36.1694155, 4.4488763 ], [ 36.1711502, 4.4450604 ], [ 36.1754306, 4.4465889 ], [ 36.1772651, 4.4459775 ], [ 36.1739019, 4.4444489 ], [ 36.176042099999989, 4.4426146 ], [ 36.178182299999989, 4.4429204 ], [ 36.1794053, 4.4371118 ], [ 36.182157, 4.4316089 ], [ 36.1800168, 4.4224375 ], [ 36.180934, 4.417546 ], [ 36.186131699999983, 4.4092917 ], [ 36.1885777, 4.4037889 ], [ 36.1931639, 4.4037889 ], [ 36.1983616, 4.402566 ], [ 36.202642, 4.4040946 ], [ 36.2102857, 4.417546 ], [ 36.2133432, 4.4215203 ], [ 36.2139547, 4.4163231 ], [ 36.2133432, 4.4117374 ], [ 36.2139231, 4.4021712 ], [ 36.2121995, 4.3949082 ], [ 36.211091499999988, 4.3923847 ], [ 36.2188477, 4.3766893 ], [ 36.2191554, 4.3641329 ], [ 36.2144771, 4.3586549 ], [ 36.21082, 4.3564633 ], [ 36.1976999, 4.3528692 ], [ 36.198973, 4.3472317 ], [ 36.1882718, 4.3319459 ], [ 36.1836856, 4.3291945 ], [ 36.1867431, 4.3230802 ], [ 36.1907178, 4.3175774 ], [ 36.191635, 4.3139088 ], [ 36.1946925, 4.3081002 ], [ 36.198361499999983, 4.3047373 ], [ 36.1998067, 4.30211 ], [ 36.2016408, 4.3027774 ], [ 36.2077872, 4.2919735 ], [ 36.216546799999975, 4.2859519 ], [ 36.2220215, 4.2788355 ], [ 36.223116499999989, 4.2728139 ], [ 36.2228378, 4.2600806 ], [ 36.2193156, 4.2535066 ], [ 36.220254900000015, 4.248576 ], [ 36.223307399999989, 4.2393018 ], [ 36.2215463, 4.2306147 ], [ 36.2216637, 4.2265059 ], [ 36.2175545, 4.2242754 ], [ 36.2154412, 4.2204014 ], [ 36.2159108, 4.2162925 ], [ 36.2109797, 4.2066662 ], [ 36.2092186, 4.2050227 ], [ 36.2092186, 4.2016183 ], [ 36.2110971, 4.2006791 ], [ 36.209923, 4.1949268 ], [ 36.2078097, 4.1963355 ], [ 36.2071052, 4.1955138 ], [ 36.2140322, 4.1898788 ], [ 36.222015899999981, 4.1791959 ], [ 36.226525, 4.1771483 ], [ 36.2391785, 4.1775218 ], [ 36.2437647, 4.175229 ], [ 36.2430768, 4.1697261 ], [ 36.2435354, 4.1651404 ], [ 36.2449112, 4.1621597 ], [ 36.247433599999979, 4.1594082 ], [ 36.246287100000011, 4.1543639 ], [ 36.2488095, 4.1371675 ], [ 36.2426181, 4.1263911 ], [ 36.2414716, 4.1215761 ], [ 36.2380319, 4.1179075 ], [ 36.236656, 4.1144682 ], [ 36.236656, 4.1107996 ], [ 36.235050900000012, 4.1082775 ], [ 36.2341336, 4.1041504 ], [ 36.2320698, 4.1004818 ], [ 36.224502600000015, 4.0922275 ], [ 36.2238146, 4.0883296 ], [ 36.2242733, 4.0848903 ], [ 36.226107700000014, 4.0821389 ], [ 36.226337, 4.0796168 ], [ 36.2171646, 4.0738846 ], [ 36.2155595, 4.0729675 ], [ 36.2153302, 4.0713625 ], [ 36.2169353, 4.0690696 ], [ 36.2176233, 4.0656303 ], [ 36.2171646, 4.0621911 ], [ 36.2201457, 4.0576053 ], [ 36.220375, 4.0523318 ], [ 36.2189991, 4.0443068 ], [ 36.2178525, 4.0420139 ], [ 36.2180818, 4.0360525 ], [ 36.2146422, 4.0294032 ], [ 36.2134956, 4.0271103 ], [ 36.2138513, 4.0236666 ], [ 36.2140199, 4.0230134 ], [ 36.2115152, 4.0183051 ], [ 36.211515200000022, 4.0152998 ], [ 36.2101126, 4.0144984 ], [ 36.2086098, 4.0150995 ], [ 36.2065059, 4.0108921 ], [ 36.206706200000013, 4.0093894 ], [ 36.2086098, 4.0087884 ], [ 36.209912199999977, 4.0074861 ], [ 36.2071677, 4.0033451 ], [ 36.2040012, 3.9976688 ], [ 36.2065059, 3.9944631 ], [ 36.2070068, 3.9893541 ], [ 36.204702499999982, 3.9840448 ], [ 36.2026987, 3.9820412 ], [ 36.204201499999989, 3.9781344 ], [ 36.2072071, 3.9765315 ], [ 36.2101126, 3.9715227 ], [ 36.2085096, 3.9672151 ], [ 36.2028991, 3.9595015 ], [ 36.1998935, 3.9533908 ], [ 36.1984909, 3.9521887 ], [ 36.1964871, 3.9487827 ], [ 36.1934452, 3.9458904 ], [ 36.1862794, 3.9448848 ], [ 36.175891100000015, 3.9446218 ], [ 36.1789406, 3.942159 ], [ 36.1884952, 3.9387197 ], [ 36.1926992, 3.9310769 ], [ 36.191552600000016, 3.9257269 ], [ 36.1999606, 3.9150268 ], [ 36.2087509, 3.9062376 ], [ 36.2217451, 3.8909518 ], [ 36.2232738, 3.8856018 ], [ 36.2232738, 3.880634 ], [ 36.2251847, 3.8745197 ], [ 36.2400898, 3.8527375 ], [ 36.2381789, 3.8458589 ], [ 36.2343571, 3.8416554 ], [ 36.2347393, 3.8347768 ], [ 36.240472, 3.8168161 ], [ 36.2439116, 3.8126125 ], [ 36.2442938, 3.8095553 ], [ 36.2435294, 3.8045875 ], [ 36.2435294, 3.7927411 ], [ 36.2462047, 3.7885375 ], [ 36.2500265, 3.7850982 ], [ 36.2507909, 3.7805125 ], [ 36.2542306, 3.7808946 ], [ 36.2542306, 3.7763089 ], [ 36.2523196, 3.7717232 ], [ 36.2472433, 3.7666473 ], [ 36.2525608, 3.7674 ], [ 36.259209, 3.7688772 ], [ 36.261979, 3.7701698 ], [ 36.2637026, 3.7685695 ], [ 36.2649338, 3.7654304 ], [ 36.2661884, 3.7648944 ], [ 36.2669357, 3.7661016 ], [ 36.271811, 3.763316 ], [ 36.270664400000015, 3.7564374 ], [ 36.2725753, 3.7491767 ], [ 36.2775437, 3.7453553 ], [ 36.2748684, 3.736566 ], [ 36.2714288, 3.7327446 ], [ 36.2699, 3.723191 ], [ 36.2679891, 3.7189874 ], [ 36.2649316, 3.715166 ], [ 36.2565236, 3.7132553 ], [ 36.2488799, 3.7090517 ], [ 36.2431472, 3.7033196 ], [ 36.2492621, 3.7021732 ], [ 36.2488799, 3.6968232 ], [ 36.251937399999974, 3.6899446 ], [ 36.255377, 3.6868875 ], [ 36.2538483, 3.6834482 ], [ 36.246969, 3.6796267 ], [ 36.2431472, 3.6853589 ], [ 36.239707500000016, 3.6834482 ], [ 36.2439115, 3.6742767 ], [ 36.240089700000027, 3.6719839 ], [ 36.2362678, 3.667016 ], [ 36.2335926, 3.6689268 ], [ 36.2270954, 3.667016 ], [ 36.2221271, 3.6708375 ], [ 36.2202161, 3.6685446 ], [ 36.2171587, 3.6670161 ], [ 36.2152478, 3.6670161 ], [ 36.2148656, 3.6586089 ], [ 36.212954599999989, 3.6459982 ], [ 36.2156299, 3.6417946 ], [ 36.2156299, 3.6318589 ], [ 36.2171586, 3.6200125 ], [ 36.2144833, 3.6123696 ], [ 36.2087506, 3.6062553 ], [ 36.2087506, 3.5978482 ], [ 36.207426, 3.5942174 ], [ 36.2078082, 3.5868691 ], [ 36.2058972, 3.5830476 ], [ 36.2089547, 3.5780798 ], [ 36.2058972, 3.5738762 ], [ 36.2081903, 3.5647048 ], [ 36.2085725, 3.5585905 ], [ 36.205515, 3.5536226 ], [ 36.205515, 3.5429226 ], [ 36.2028397, 3.5375726 ], [ 36.2043685, 3.5322226 ], [ 36.2005466, 3.5284012 ], [ 36.2047506, 3.5241976 ], [ 36.2078081, 3.5245798 ], [ 36.2074259, 3.5177012 ], [ 36.213923, 3.5104405 ], [ 36.213923, 3.5058548 ], [ 36.2188914, 3.4947726 ], [ 36.2196558, 3.4909512 ], [ 36.2158339, 3.4863655 ], [ 36.21545170000001, 3.4821619 ], [ 36.2204201, 3.4737548 ], [ 36.21545170000001, 3.4706976 ], [ 36.2162161, 3.4664941 ], [ 36.2185092, 3.4622905 ], [ 36.2257707, 3.4584691 ], [ 36.2257707, 3.4557941 ], [ 36.2288281, 3.4470048 ], [ 36.2272994, 3.4439476 ], [ 36.2311212, 3.4343941 ], [ 36.2288281, 3.4290441 ], [ 36.2269172, 3.4271334 ], [ 36.2276816, 3.4236941 ], [ 36.2315034, 3.4229298 ], [ 36.2341787, 3.4191083 ], [ 36.2357074, 3.4091726 ], [ 36.2395292, 3.4057333 ], [ 36.2464085, 3.4038226 ], [ 36.2498482, 3.3992369 ], [ 36.2502304, 3.3938869 ], [ 36.25367, 3.3873905 ], [ 36.2555809, 3.3728691 ], [ 36.25367, 3.3679012 ], [ 36.2509947, 3.3652262 ], [ 36.2513769, 3.3575834 ], [ 36.25367, 3.3514691 ], [ 36.2521412, 3.3480298 ], [ 36.2529056, 3.3396226 ], [ 36.2502303, 3.3354191 ], [ 36.243351, 3.3361834 ], [ 36.2395292, 3.3358012 ], [ 36.2345608, 3.3369477 ], [ 36.228828, 3.3346548 ], [ 36.2211844, 3.3266298 ], [ 36.2097189, 3.3239548 ], [ 36.213158500000013, 3.3224263 ], [ 36.2169803, 3.3166941 ], [ 36.228445799999989, 3.3101977 ], [ 36.2333672, 3.3016872 ], [ 36.2347298, 3.3016189 ], [ 36.2372345, 3.2996154 ], [ 36.2429952, 3.2979875 ], [ 36.2481298, 3.2916012 ], [ 36.2490064, 3.2882203 ], [ 36.258399, 3.2812079 ], [ 36.2625317, 3.2769504 ], [ 36.266413900000011, 3.2764495 ], [ 36.2677915, 3.2751973 ], [ 36.2689186, 3.2698129 ], [ 36.2745691, 3.2653876 ], [ 36.2788972, 3.2629833 ], [ 36.2838665, 3.2581749 ], [ 36.2860305, 3.252004 ], [ 36.2872328, 3.2507217 ], [ 36.2870077, 3.2469861 ], [ 36.2873048, 3.2465965 ], [ 36.2876342, 3.2434292 ], [ 36.2971442, 3.2309854 ], [ 36.297379, 3.2248809 ], [ 36.2962049, 3.2219461 ], [ 36.2962049, 3.2134937 ], [ 36.2956179, 3.2112632 ], [ 36.295500499999974, 3.2055109 ], [ 36.297379, 3.2023413 ], [ 36.2971441, 3.2006977 ], [ 36.2982008, 3.1994064 ], [ 36.2983182, 3.1906018 ], [ 36.3006663, 3.1868452 ], [ 36.3018404, 3.1808581 ], [ 36.3037189, 3.1802711 ], [ 36.3070063, 3.182032 ], [ 36.3074759, 3.1790972 ], [ 36.30911960000001, 3.1833234 ], [ 36.323091, 3.1875496 ], [ 36.325797, 3.1876403 ], [ 36.3252286, 3.1871378 ], [ 36.3306703, 3.1871378 ], [ 36.3346143, 3.1781237 ], [ 36.3413756, 3.1736167 ], [ 36.3492637, 3.1595322 ], [ 36.3532078, 3.1538984 ], [ 36.3656034, 3.1392506 ], [ 36.37292810000001, 3.1319266 ], [ 36.3774356, 3.1257295 ], [ 36.3813797, 3.1178422 ], [ 36.3825066, 3.1065746 ], [ 36.388141, 3.0981239 ], [ 36.392085, 3.0862929 ], [ 36.3971559, 3.0660113 ], [ 36.3971559, 3.0338987 ], [ 36.3982828, 3.0271382 ], [ 36.396592500000011, 3.020941 ], [ 36.4022269, 3.0175607 ], [ 36.424201, 2.988265 ], [ 36.429271899999989, 2.9803777 ], [ 36.436033200000026, 2.9758707 ], [ 36.4416675, 2.9786876 ], [ 36.4450482, 2.9713637 ], [ 36.446738499999988, 2.9651665 ], [ 36.4450482, 2.9572792 ], [ 36.4563169, 2.9572792 ], [ 36.4619513, 2.9522088 ], [ 36.4647685, 2.9443215 ], [ 36.4749104, 2.9426313 ], [ 36.4833591, 2.93472 ], [ 36.4862328, 2.9346444 ], [ 36.4912996, 2.927839 ], [ 36.4956857, 2.9276878 ], [ 36.4975763, 2.9269316 ], [ 36.50045, 2.9225459 ], [ 36.5015844, 2.9192188 ], [ 36.5038531, 2.9172528 ], [ 36.5117935, 2.9140014 ], [ 36.5162553, 2.9135477 ], [ 36.5213977, 2.9094644 ], [ 36.5244226, 2.9048519 ], [ 36.525557, 2.8988783 ], [ 36.5241201, 2.8959293 ], [ 36.523137, 2.8954756 ], [ 36.523137, 2.8912411 ], [ 36.5239731, 2.8905811 ], [ 36.5334498, 2.8899627 ], [ 36.5407154, 2.8934039 ], [ 36.5435834, 2.8934039 ], [ 36.5481722, 2.8920657 ], [ 36.55352580000001, 2.8953157 ], [ 36.5571586, 2.8922568 ], [ 36.5625122, 2.8962716 ], [ 36.5737291, 2.8965342 ], [ 36.5759222, 2.8936608 ], [ 36.5772834, 2.8894263 ], [ 36.5819721, 2.886931 ], [ 36.5874926, 2.8881409 ], [ 36.595886799999988, 2.8817135 ], [ 36.5971724, 2.8816379 ], [ 36.6029954, 2.8850406 ], [ 36.6098771, 2.8854187 ], [ 36.6178932, 2.8870066 ], [ 36.6214475, 2.8847381 ], [ 36.6278755, 2.8842088 ], [ 36.6308248, 2.8861748 ], [ 36.6364966, 2.888292 ], [ 36.6372528, 2.8890482 ], [ 36.6389922, 2.8882164 ], [ 36.6578224, 2.891846 ], [ 36.6617548, 2.8909386 ], [ 36.6628892, 2.8916191 ], [ 36.665838500000014, 2.8908629 ], [ 36.6682584, 2.8857967 ], [ 36.6747621, 2.8829233 ], [ 36.67904260000001, 2.8823327 ], [ 36.6818785, 2.8829234 ], [ 36.6857778, 2.8798515 ], [ 36.688022900000014, 2.8734715 ], [ 36.6939309, 2.866737 ], [ 36.696176, 2.8642559 ], [ 36.6986574, 2.8639014 ], [ 36.7007843, 2.8623655 ], [ 36.7026749, 2.8492509 ], [ 36.7065742, 2.8452339 ], [ 36.7077558, 2.8399172 ], [ 36.7077558, 2.8336553 ], [ 36.705628899999986, 2.8297563 ], [ 36.704565500000022, 2.8229037 ], [ 36.7031475, 2.8213678 ], [ 36.7016114, 2.8211315 ], [ 36.6988937, 2.8245578 ], [ 36.6959397, 2.8240852 ], [ 36.6945217, 2.8201863 ], [ 36.6972394, 2.8123884 ], [ 36.69913, 2.8089621 ], [ 36.7004298, 2.7984469 ], [ 36.703738299999983, 2.793839 ], [ 36.70398, 2.7933957 ], [ 36.7026351, 2.7911656 ], [ 36.7020302, 2.7868706 ], [ 36.6994892, 2.7852373 ], [ 36.6974322, 2.7849349 ], [ 36.697795200000016, 2.7803979 ], [ 36.6990657, 2.7790671 ], [ 36.701606699999978, 2.7800955 ], [ 36.704147600000013, 2.7792486 ], [ 36.7054786, 2.7768289 ], [ 36.7057206, 2.7722315 ], [ 36.7043896, 2.767997 ], [ 36.7057811, 2.7644885 ], [ 36.7048736, 2.7569874 ], [ 36.7063656, 2.7535083 ], [ 36.7029625, 2.7450961 ], [ 36.7074054, 2.7286498 ], [ 36.7069328, 2.7209937 ], [ 36.7034352, 2.7153226 ], [ 36.6999376, 2.7120144 ], [ 36.694833, 2.7118254 ], [ 36.6924698, 2.7147555 ], [ 36.6883105, 2.7142829 ], [ 36.6860418, 2.710124 ], [ 36.6872706, 2.7039803 ], [ 36.6928479, 2.6973639 ], [ 36.6922807, 2.6949064 ], [ 36.6879323, 2.6923544 ], [ 36.687927, 2.6877604 ], [ 36.690589, 2.6833566 ], [ 36.6916054, 2.682679 ], [ 36.6936865, 2.6806949 ], [ 36.6953805, 2.6704838 ], [ 36.6954773, 2.6645797 ], [ 36.6919925, 2.6531588 ], [ 36.6925249, 2.6479323 ], [ 36.6949933, 2.6430445 ], [ 36.6976552, 2.6339464 ], [ 36.6991072, 2.6286715 ], [ 36.699446, 2.6183152 ], [ 36.7005107, 2.610669 ], [ 36.699010400000013, 2.5946507 ], [ 36.7028823, 2.5775676 ], [ 36.695283599999982, 2.5617429 ], [ 36.6929605, 2.5555484 ], [ 36.6936864, 2.552548 ], [ 36.6932992, 2.5349327 ], [ 36.6969776, 2.527722 ], [ 36.6999299, 2.5233182 ], [ 36.700220300000012, 2.5189143 ], [ 36.6996879, 2.5142685 ], [ 36.7018033, 2.5091866 ], [ 36.7048841, 2.5101291 ], [ 36.7067307, 2.5096237 ], [ 36.730773, 2.5095231 ], [ 36.737873, 2.5109083 ], [ 36.7574766, 2.5148399 ], [ 36.7863633, 2.4348826 ], [ 36.8009959, 2.3965924 ], [ 36.80472360000001, 2.3839193 ], [ 36.8452599, 2.2714012 ], [ 36.8663867, 2.2517485 ], [ 36.8924488, 2.1964266 ], [ 36.8969512, 2.1896737 ], [ 36.899895099999988, 2.1789383 ], [ 36.9005877, 2.170627 ], [ 36.9029255, 2.1572944 ], [ 36.9073414, 2.1450006 ], [ 36.9155669, 2.1250882 ], [ 36.9152206, 2.1087254 ], [ 36.914095, 2.1023188 ], [ 36.915653500000012, 2.0998947 ], [ 36.9183376, 2.0979034 ], [ 36.9212815, 2.0963451 ], [ 36.920329100000011, 2.0892459 ], [ 36.9192901, 2.0828212 ], [ 36.9192901, 2.0781642 ], [ 36.9212815, 2.0679482 ], [ 36.922493699999976, 2.0558276 ], [ 36.9203291, 2.0489016 ], [ 36.91929, 2.0254396 ], [ 36.9177315, 2.0162625 ], [ 36.9208669, 2.0144437 ], [ 36.925355, 2.0147077 ], [ 36.927553, 2.0170516 ], [ 36.9319912, 2.0178585 ], [ 36.935568, 2.0209376 ], [ 36.9406764, 2.0223228 ], [ 36.9421183, 2.0233526 ], [ 36.9498257, 2.0231549 ], [ 36.954289599999989, 2.0210001 ], [ 36.9630251, 2.0149091 ], [ 36.9679893, 2.0109958 ], [ 36.975224, 2.0065324 ], [ 36.9889236, 1.996682 ], [ 36.9917174, 1.9957738 ], [ 36.996174, 1.9957128 ], [ 37.0005696, 1.9934542 ], [ 37.0107087, 1.9818107 ], [ 37.0117131, 1.9813986 ], [ 37.0785484, 1.9791323 ], [ 37.0958561, 1.9708657 ], [ 37.1201434, 1.9658697 ], [ 37.1239037, 1.963861 ], [ 37.1565101, 1.961157 ], [ 37.1595492, 1.9604101 ], [ 37.1626914, 1.9618523 ], [ 37.164314, 1.9397565 ], [ 37.1667092, 1.9330093 ], [ 37.1731738, 1.9233263 ], [ 37.1777583, 1.9183303 ], [ 37.2199714, 1.8887148 ], [ 37.2212849, 1.8874014 ], [ 37.2337505, 1.8698896 ], [ 37.235811, 1.8685247 ], [ 37.2488175, 1.8683187 ], [ 37.2510704, 1.8679369 ], [ 37.2746373, 1.8671803 ], [ 37.30573, 1.7488115 ], [ 37.3598873, 1.7265138 ], [ 37.4087333, 1.64912 ], [ 37.4079156, 1.648423 ], [ 37.41138870000001, 1.6467381 ], [ 37.4354965, 1.6080234 ], [ 37.4584951, 1.5730729 ], [ 37.4567495, 1.5719933 ], [ 37.509083, 1.4821259 ], [ 37.554712699999989, 1.3972795 ], [ 37.5615352, 1.3918735 ], [ 37.5617837, 1.390569 ], [ 37.5639256, 1.3879007 ], [ 37.5711831, 1.3865921 ], [ 37.574276499999989, 1.3787406 ], [ 37.5753443, 1.3775266 ], [ 37.5775969, 1.3769556 ], [ 37.5829617, 1.3688667 ], [ 37.5828794, 1.3665345 ], [ 37.5809391, 1.3617289 ], [ 37.5870197, 1.3643931 ], [ 37.5879478, 1.3644645 ], [ 37.588687899999989, 1.3659708 ], [ 37.5884475, 1.3675338 ], [ 37.5900179, 1.3753139 ], [ 37.5972279, 1.3826663 ], [ 37.5978703, 1.3879477 ], [ 37.5995397, 1.389023 ], [ 37.6019393, 1.3850926 ], [ 37.6065188, 1.374101 ], [ 37.6113326, 1.3724844 ], [ 37.6185353, 1.3751717 ], [ 37.623452, 1.374407 ], [ 37.6236365, 1.3761438 ], [ 37.6227124, 1.3772411 ], [ 37.6233015, 1.3814133 ], [ 37.6290052, 1.3814767 ], [ 37.632991900000029, 1.3845216 ], [ 37.6337771, 1.3858064 ], [ 37.6365537, 1.3870649 ], [ 37.6523239, 1.3987396 ], [ 37.6556924, 1.3975123 ], [ 37.6606975, 1.3943606 ], [ 37.6637589, 1.3957279 ], [ 37.6654722, 1.3952996 ], [ 37.6678279, 1.3962989 ], [ 37.6690776, 1.39616 ], [ 37.6724076, 1.3979292 ], [ 37.6736212, 1.399214 ], [ 37.6788006, 1.4003792 ], [ 37.6858611, 1.3965284 ], [ 37.6953821, 1.4008071 ], [ 37.7042613, 1.4026255 ], [ 37.7097172, 1.4048718 ], [ 37.7171141, 1.4049198 ], [ 37.7182754, 1.4057275 ], [ 37.72345510000001, 1.4031009 ], [ 37.7362317, 1.4038621 ], [ 37.7462928, 1.408479 ], [ 37.7481768, 1.4113205 ], [ 37.7533763, 1.4112272 ], [ 37.7583138, 1.4109893 ], [ 37.7603364, 1.4122384 ], [ 37.7662256, 1.4130116 ], [ 37.7687836, 1.4121789 ], [ 37.7713416, 1.4129521 ], [ 37.7725313, 1.4128332 ], [ 37.7751488, 1.408729 ], [ 37.776755, 1.4112867 ], [ 37.778956, 1.410335 ], [ 37.7801458, 1.4114056 ], [ 37.781216500000021, 1.4157478 ], [ 37.7826443, 1.418246 ], [ 37.7864549, 1.4176435 ], [ 37.7879387, 1.4147366 ], [ 37.7894259, 1.4138443 ], [ 37.7945418, 1.413309 ], [ 37.7948392, 1.4126547 ], [ 37.8015614, 1.4168184 ], [ 37.8028106, 1.4168184 ], [ 37.8109009, 1.4168779 ], [ 37.812885699999988, 1.4176591 ], [ 37.8142122, 1.4173499 ], [ 37.81753530000001, 1.4196139 ], [ 37.821747, 1.419257 ], [ 37.8248276, 1.4183481 ], [ 37.8288298, 1.4187245 ], [ 37.8307416, 1.4216839 ], [ 37.8342395, 1.4226118 ], [ 37.8377805, 1.4224911 ], [ 37.8437561, 1.4267086 ], [ 37.8444475, 1.4291071 ], [ 37.8518288, 1.4587884 ], [ 37.9382527, 1.3954571 ], [ 37.9522026, 1.3863069 ], [ 37.9509198, 1.3611009 ], [ 37.9505309, 1.3328424 ], [ 37.946933, 1.2646783 ], [ 37.94923150000001, 1.2647804 ], [ 38.3315112, 1.5672628 ], [ 38.3420565, 1.5760121 ], [ 38.3568648, 1.6390526 ], [ 38.3714942, 1.7011452 ], [ 38.3728995, 1.7129902 ], [ 38.3779554, 1.7290142 ], [ 38.3840564, 1.7558675 ], [ 38.3855611, 1.7598288 ], [ 38.3868538, 1.760047 ], [ 38.386121, 1.7608054 ], [ 38.9604934, 2.0911413 ], [ 38.959869700000013, 2.0924022 ] ] ] } },
{ "type": "Feature", "properties": { "ADM1_EN": "Meru", "pop2009": 1356301.0, "ADM0_EN": "Kenya", "longitude": 37.762152102875326, "latitude": 0.16843197194072065, "area": 6966.0, "landscape": "Mid-Tana" }, "geometry": { "type": "Polygon", "coordinates": [ [ [ 37.7675341, -0.1599891 ], [ 37.770023, -0.1583767 ], [ 37.7704749, -0.1595699 ], [ 37.7726762, -0.1611335 ], [ 37.7737199, -0.161961 ], [ 37.778766, -0.1620399 ], [ 37.7812613, -0.1642461 ], [ 37.7829878, -0.164731 ], [ 37.7832136, -0.1653735 ], [ 37.782803, -0.1659917 ], [ 37.7856665, -0.1660722 ], [ 37.7870132, -0.1683674 ], [ 37.787877200000011, -0.1685029 ], [ 37.788476, -0.170222 ], [ 37.791189, -0.1704593 ], [ 37.7968228, -0.1648262 ], [ 37.8147031, -0.154251 ], [ 37.8148768, -0.1549532 ], [ 37.8449073, -0.1385563 ], [ 37.8599146, -0.1282729 ], [ 37.8573141, -0.1239672 ], [ 37.8584567, -0.1227577 ], [ 37.8572471, -0.1205229 ], [ 37.855725, -0.1199061 ], [ 37.8546355, -0.1192252 ], [ 37.8524569, -0.1160393 ], [ 37.8531855, -0.1148757 ], [ 37.8538103, -0.1150039 ], [ 37.8558762, -0.1125678 ], [ 37.8558521, -0.1120812 ], [ 37.8566128, -0.1109109 ], [ 37.856366, -0.1101703 ], [ 37.8572188, -0.1081282 ], [ 37.8635926, -0.1039992 ], [ 37.8636873, -0.1015025 ], [ 37.8644162, -0.1008892 ], [ 37.8648742, -0.1018569 ], [ 37.8658322, -0.1015158 ], [ 37.8671235, -0.1020514 ], [ 37.8701142, -0.1019402 ], [ 37.8699778, -0.0996566 ], [ 37.868698, -0.0953023 ], [ 37.8686285, -0.0936173 ], [ 37.868339, -0.0931772 ], [ 37.8679105, -0.0928009 ], [ 37.8676768, -0.0917278 ], [ 37.8784461, -0.0885017 ], [ 37.8763951, -0.0861341 ], [ 37.8791246, -0.0827532 ], [ 37.8844459, -0.0817429 ], [ 37.8875535, -0.0787643 ], [ 37.8907994, -0.0771244 ], [ 37.8912105, -0.0758103 ], [ 37.8923573, -0.0750122 ], [ 37.8926193, -0.0744753 ], [ 37.89431, -0.0737241 ], [ 37.893428600000014, -0.072556 ], [ 37.8882378, -0.0721111 ], [ 37.8854019, -0.0729515 ], [ 37.8857103, -0.0661248 ], [ 37.8899755, -0.0650588 ], [ 37.8910985, -0.0645375 ], [ 37.8910005, -0.0634902 ], [ 37.8923728, -0.063797 ], [ 37.8950963, -0.0662513 ], [ 37.896254, -0.0651896 ], [ 37.897976, -0.0663078 ], [ 37.8996209, -0.0645715 ], [ 37.9017823, -0.0639341 ], [ 37.9020682, -0.0634111 ], [ 37.9024286, -0.0623379 ], [ 37.9015318, -0.0614401 ], [ 37.9003702, -0.0616321 ], [ 37.899543, -0.0608864 ], [ 37.8937267, -0.059507 ], [ 37.8893498, -0.0575374 ], [ 37.8868995, -0.0558299 ], [ 37.8850135, -0.0557722 ], [ 37.8834926, -0.054015 ], [ 37.8843989, -0.0505922 ], [ 37.8855439, -0.0398161 ], [ 37.8878903, -0.0408186 ], [ 37.8917793, -0.0320917 ], [ 37.8952581, -0.0283168 ], [ 37.89489, -0.0261492 ], [ 37.8937486, -0.0252177 ], [ 37.8940591, -0.0225323 ], [ 37.8951669, -0.0220121 ], [ 37.897403099999984, -0.0091971 ], [ 37.8969623, -0.0079127 ], [ 37.8982845, -0.0037402 ], [ 37.9000183, -0.0019488 ], [ 37.909532, 0.0007475 ], [ 37.9321154, 0.0019681 ], [ 37.9363269, -0.000229 ], [ 37.9484914, -0.0010118 ], [ 37.951525, -0.000229 ], [ 37.954332, 0.0048581 ], [ 37.9530943, 0.0051639 ], [ 37.9528018, 0.0045637 ], [ 37.9504389, 0.0044618 ], [ 37.9466696, 0.0012962 ], [ 37.9454657, 0.001602 ], [ 37.9417615, 0.0021457 ], [ 37.9410888, 0.0023495 ], [ 37.9400537, 0.0048525 ], [ 37.9377907, 0.0078088 ], [ 37.9374489, 0.0110766 ], [ 37.9393287, 0.0153698 ], [ 37.936872099999988, 0.0156113 ], [ 37.9356405, 0.0152523 ], [ 37.9351958, 0.015587 ], [ 37.9295654, 0.0167875 ], [ 37.9278369, 0.016873 ], [ 37.926321, 0.0162182 ], [ 37.920611, 0.0172445 ], [ 37.91991, 0.0177683 ], [ 37.917524, 0.0181763 ], [ 37.9123761, 0.0165611 ], [ 37.9118384, 0.0166616 ], [ 37.9112334, 0.0166421 ], [ 37.9066931, 0.015728 ], [ 37.906115, 0.0158242 ], [ 37.9111742, 0.0255087 ], [ 37.898872199999985, 0.0309227 ], [ 37.8982618, 0.0310251 ], [ 37.9057817, 0.0429665 ], [ 37.9177989, 0.0647688 ], [ 37.9271715, 0.0639743 ], [ 37.9303454, 0.0571389 ], [ 37.946108, 0.0646638 ], [ 37.94853830000001, 0.0619796 ], [ 37.9480545, 0.0603827 ], [ 37.9492377, 0.0577649 ], [ 37.9523405, 0.0565546 ], [ 37.9521942, 0.0552861 ], [ 37.9536682, 0.0555466 ], [ 37.954377, 0.0547878 ], [ 37.9554966, 0.0541875 ], [ 37.9557947, 0.0553993 ], [ 37.9572687, 0.0549237 ], [ 37.9574487, 0.0542441 ], [ 37.9594501, 0.0549064 ], [ 37.962459399999986, 0.0629065 ], [ 37.9655088, 0.0607446 ], [ 37.9672335, 0.0585145 ], [ 37.9730287, 0.0577588 ], [ 37.9759503, 0.0585036 ], [ 37.9812869, 0.0570596 ], [ 37.992725, 0.0571552 ], [ 37.9934545, 0.0568662 ], [ 38.0006964, 0.0523663 ], [ 38.0049612, 0.0484227 ], [ 38.0108305, 0.0427659 ], [ 38.0153199, 0.0388635 ], [ 38.0159025, 0.038635 ], [ 38.016995399999985, 0.0380851 ], [ 38.0396219, 0.0256839 ], [ 38.0410594, 0.0244368 ], [ 38.0448475, 0.0211496 ], [ 38.0458964, 0.022954 ], [ 38.0448015, 0.0243425 ], [ 38.0470921, 0.0255744 ], [ 38.049424299999984, 0.0239944 ], [ 38.0497183, 0.0226298 ], [ 38.0506102, 0.022885 ], [ 38.0506527, 0.0241841 ], [ 38.0520599, 0.0248674 ], [ 38.0513697, 0.0258076 ], [ 38.0524296, 0.0265355 ], [ 38.05403070000002, 0.0250482 ], [ 38.0545149, 0.0250857 ], [ 38.0541468, 0.0237633 ], [ 38.0602316, 0.0215137 ], [ 38.0616819, 0.0226406 ], [ 38.0620338, 0.0239531 ], [ 38.0644189, 0.0247296 ], [ 38.0651279, 0.0230923 ], [ 38.0671133, 0.0229576 ], [ 38.068098, 0.0241307 ], [ 38.0687256, 0.0233745 ], [ 38.0686359, 0.0221217 ], [ 38.0705637, 0.021721 ], [ 38.070799, 0.023809 ], [ 38.0714379, 0.0242153 ], [ 38.0730188, 0.0228284 ], [ 38.0727043, 0.0246894 ], [ 38.0743967, 0.0253666 ], [ 38.0729845, 0.0278271 ], [ 38.075416600000011, 0.0276803 ], [ 38.0758201, 0.0285946 ], [ 38.0742174, 0.0291137 ], [ 38.0741838, 0.0300844 ], [ 38.0787117, 0.0280753 ], [ 38.080348, 0.0274433 ], [ 38.0807739, 0.0277932 ], [ 38.0822534, 0.0253496 ], [ 38.084797499999986, 0.0277593 ], [ 38.0845115, 0.0307128 ], [ 38.0864787, 0.0325956 ], [ 38.0888996, 0.0377311 ], [ 38.0893367, 0.039029 ], [ 38.0931361, 0.0408123 ], [ 38.0937525, 0.0406882 ], [ 38.0949966, 0.0409252 ], [ 38.0960287, 0.0446523 ], [ 38.0969468, 0.0451972 ], [ 38.0991323, 0.0462243 ], [ 38.09978230000003, 0.046292 ], [ 38.1013626, 0.0463823 ], [ 38.1056664, 0.0442378 ], [ 38.1070113, 0.0468901 ], [ 38.1102728, 0.0478664 ], [ 38.1106372, 0.0485402 ], [ 38.1115953, 0.0514894 ], [ 38.1152378, 0.0525052 ], [ 38.1168629, 0.0502253 ], [ 38.1175354, 0.0501011 ], [ 38.1174794, 0.0479454 ], [ 38.1208193, 0.0462749 ], [ 38.1226704, 0.0481524 ], [ 38.124865299999989, 0.0468505 ], [ 38.1257507, 0.0472456 ], [ 38.1293708, 0.0481259 ], [ 38.1303795, 0.0470085 ], [ 38.137821500000015, 0.0449543 ], [ 38.1437167, 0.0408346 ], [ 38.1508449, 0.0338425 ], [ 38.1552271, 0.0301687 ], [ 38.1586679, 0.0287127 ], [ 38.160024, 0.0252307 ], [ 38.1607301, 0.0247905 ], [ 38.163733799999989, 0.0236167 ], [ 38.1680936, 0.023137 ], [ 38.171624, 0.0216133 ], [ 38.1734733, 0.0221663 ], [ 38.1799234, 0.0190681 ], [ 38.18366120000001, 0.0148299 ], [ 38.19053150000002, 0.013182 ], [ 38.1918316, 0.0111391 ], [ 38.1951155, 0.0114833 ], [ 38.1965837, 0.0127136 ], [ 38.1986796, 0.0125443 ], [ 38.19921750000001, 0.0129054 ], [ 38.2028488, 0.0135036 ], [ 38.2043395, 0.0143614 ], [ 38.2081053, 0.0147677 ], [ 38.2088786, 0.0142598 ], [ 38.2118599, 0.0109302 ], [ 38.216410200000013, 0.010806 ], [ 38.2184612, 0.0107834 ], [ 38.2200079, 0.0099482 ], [ 38.2231909, 0.0068444 ], [ 38.222899500000018, 0.0044008 ], [ 38.2212856, 0.0024708 ], [ 38.2262282, 0.0005972 ], [ 38.2272593, 0.0003376 ], [ 38.2293103, -0.0006557 ], [ 38.229613, -0.0021455 ], [ 38.2315854, -0.0121095 ], [ 38.2354012, -0.0123998 ], [ 38.2365708, -0.0129798 ], [ 38.2386224, -0.0135791 ], [ 38.238794500000019, -0.0174444 ], [ 38.2429935, -0.0197641 ], [ 38.2458118, -0.0233397 ], [ 38.2481703, -0.0237459 ], [ 38.2492059, -0.0225671 ], [ 38.2505488, -0.0171946 ], [ 38.2554959, -0.0166927 ], [ 38.262165, -0.0190261 ], [ 38.264356, -0.0180705 ], [ 38.2648159, -0.018139 ], [ 38.2656348, -0.0184423 ], [ 38.2698075, -0.0218128 ], [ 38.272667, -0.0213912 ], [ 38.274127, -0.0221777 ], [ 38.277506700000011, -0.0221772 ], [ 38.2784601, -0.0245558 ], [ 38.2831896, -0.0245016 ], [ 38.2834485, -0.0249904 ], [ 38.2837097, -0.0255132 ], [ 38.2857956, -0.0265065 ], [ 38.2864773, -0.0264644 ], [ 38.289991, -0.0293825 ], [ 38.2927311, -0.0372935 ], [ 38.2931168, -0.0376835 ], [ 38.2936172, -0.0381032 ], [ 38.2944142, -0.0387157 ], [ 38.2961336, -0.0391744 ], [ 38.2974689, -0.0387268 ], [ 38.2983613, -0.0433683 ], [ 38.3028339, -0.04531 ], [ 38.3032309, -0.0460733 ], [ 38.3033196, -0.0496076 ], [ 38.3004099, -0.0526126 ], [ 38.3019168, -0.053289 ], [ 38.3023852, -0.0532497 ], [ 38.3054117, -0.0550858 ], [ 38.3078734, -0.0549594 ], [ 38.3085402, -0.0550843 ], [ 38.3140156, -0.0568194 ], [ 38.3225966, -0.0638886 ], [ 38.3230381, -0.0645299 ], [ 38.328144, -0.0705371 ], [ 38.3329826, -0.0709531 ], [ 38.3362855, -0.0670379 ], [ 38.3396903, -0.0649171 ], [ 38.3402865, -0.0648733 ], [ 38.3415149, -0.0648499 ], [ 38.3471743, -0.0657618 ], [ 38.3528764, -0.0695639 ], [ 38.3640227, -0.0773771 ], [ 38.3690441, -0.0820238 ], [ 38.37040480000001, -0.0826219 ], [ 38.37805, -0.0842812 ], [ 38.3805477, -0.0879783 ], [ 38.3820491, -0.0900357 ], [ 38.3858788, -0.08977 ], [ 38.3917953, -0.0830214 ], [ 38.3926444, -0.0769797 ], [ 38.3947183, -0.0761312 ], [ 38.3956846, -0.0764144 ], [ 38.4057379, -0.0790827 ], [ 38.4096536, -0.0785338 ], [ 38.4112156, -0.0798877 ], [ 38.4124783, -0.0788903 ], [ 38.4127775, -0.0769508 ], [ 38.4166025, -0.0762066 ], [ 38.4199596, -0.0729112 ], [ 38.420456400000013, -0.073047 ], [ 38.4205058, -0.0708237 ], [ 38.4193734, -0.0700908 ], [ 38.4190595, -0.0694339 ], [ 38.4126001, -0.0666824 ], [ 38.412038, -0.066129 ], [ 38.4117171, -0.064976 ], [ 38.4119598, -0.0643588 ], [ 38.4123465, -0.0636481 ], [ 38.4122278, -0.0611628 ], [ 38.4114973, -0.0595577 ], [ 38.413975400000012, -0.054905 ], [ 38.4138862, -0.0539695 ], [ 38.4114978, -0.0546917 ], [ 38.4123585, -0.0526662 ], [ 38.411352, -0.0520358 ], [ 38.4116519, -0.0498021 ], [ 38.4067763, -0.044159 ], [ 38.4067155, -0.0388675 ], [ 38.4054578, -0.0369463 ], [ 38.4055531, -0.0361006 ], [ 38.4055555, -0.0332426 ], [ 38.4049686, -0.0319031 ], [ 38.4075988, -0.0317928 ], [ 38.406717, -0.029975 ], [ 38.4056511, -0.0296918 ], [ 38.4045225, -0.0277639 ], [ 38.4009257, -0.0264858 ], [ 38.4000202, -0.0233206 ], [ 38.4021609, -0.0222381 ], [ 38.4015751, -0.0205097 ], [ 38.402571, -0.0190506 ], [ 38.4018649, -0.0182308 ], [ 38.4010699, -0.0160594 ], [ 38.3955676, -0.0139147 ], [ 38.39545480000001, -0.0133353 ], [ 38.3958116, -0.0124451 ], [ 38.3943067, -0.0118073 ], [ 38.3938624, -0.0104678 ], [ 38.3855887, -0.0052424 ], [ 38.3787513, -0.003128 ], [ 38.379228500000011, 0.0002265 ], [ 38.3784024, 0.0012728 ], [ 38.3743682, 0.0029937 ], [ 38.3738175, 0.0029799 ], [ 38.3726471, 0.0028285 ], [ 38.370871, 0.0034067 ], [ 38.3698383, 0.0064492 ], [ 38.3691637, 0.0086519 ], [ 38.3685166, 0.0089273 ], [ 38.3675114, 0.0093678 ], [ 38.3664926, 0.0109235 ], [ 38.3665614, 0.0117495 ], [ 38.3617562, 0.0143102 ], [ 38.3569096, 0.0180549 ], [ 38.3552161, 0.0213865 ], [ 38.3552299, 0.0225429 ], [ 38.3539356, 0.0291649 ], [ 38.358493, 0.0344928 ], [ 38.3570748, 0.0360484 ], [ 38.3562074, 0.0362549 ], [ 38.3522558, 0.0388156 ], [ 38.3505485, 0.0395866 ], [ 38.3496811, 0.0406466 ], [ 38.3456882, 0.0403851 ], [ 38.344008500000029, 0.042932 ], [ 38.3471615, 0.0470896 ], [ 38.346844800000014, 0.0499945 ], [ 38.346321599999989, 0.0507792 ], [ 38.3465419, 0.0523624 ], [ 38.3494746, 0.0552398 ], [ 38.3496949, 0.0579243 ], [ 38.3453991, 0.0588743 ], [ 38.339038, 0.058475 ], [ 38.3382394, 0.0602785 ], [ 38.3403047, 0.0620545 ], [ 38.3415439, 0.0631283 ], [ 38.3384597, 0.0666389 ], [ 38.3345907, 0.0681808 ], [ 38.3285188, 0.0696264 ], [ 38.3248013, 0.0727928 ], [ 38.3236585, 0.0760418 ], [ 38.3240165, 0.0770468 ], [ 38.3266876, 0.0847289 ], [ 38.3266847, 0.0858604 ], [ 38.3292345, 0.08972 ], [ 38.329065, 0.0920387 ], [ 38.3283431, 0.0929863 ], [ 38.327581, 0.0941958 ], [ 38.3252339, 0.0947437 ], [ 38.3246133, 0.0944816 ], [ 38.3211931, 0.0957946 ], [ 38.3207661, 0.0964462 ], [ 38.3195848, 0.0996656 ], [ 38.3197513, 0.1009314 ], [ 38.3192322, 0.1046821 ], [ 38.315971699999984, 0.1056285 ], [ 38.3096062, 0.1064313 ], [ 38.308037499999983, 0.1096643 ], [ 38.3075297, 0.1133768 ], [ 38.3056531, 0.1151806 ], [ 38.3055791, 0.1158408 ], [ 38.3054938, 0.1167361 ], [ 38.3052132, 0.1211227 ], [ 38.3066291, 0.1274496 ], [ 38.306032, 0.1295407 ], [ 38.3036684, 0.1382779 ], [ 38.3037874, 0.1394327 ], [ 38.300317899999975, 0.1464725 ], [ 38.3003353, 0.1472524 ], [ 38.2994477, 0.1538236 ], [ 38.2956998, 0.1580908 ], [ 38.2935648, 0.1585836 ], [ 38.290874800000026, 0.1605607 ], [ 38.2871184, 0.1625998 ], [ 38.286835, 0.1658508 ], [ 38.2839212, 0.1680247 ], [ 38.281517, 0.1706549 ], [ 38.2809269, 0.1706108 ], [ 38.2792771, 0.1713595 ], [ 38.2755001, 0.174456 ], [ 38.2734509, 0.1738829 ], [ 38.264530600000015, 0.1819389 ], [ 38.2641265, 0.1824789 ], [ 38.2633134, 0.1861169 ], [ 38.2637205, 0.1864428 ], [ 38.2629787, 0.1896107 ], [ 38.258690799999989, 0.1911574 ], [ 38.2556839, 0.1952679 ], [ 38.24639950000001, 0.2016428 ], [ 38.2460327, 0.2033916 ], [ 38.2430113, 0.2047253 ], [ 38.2415169, 0.2035181 ], [ 38.2390952, 0.2041567 ], [ 38.2356434, 0.2099407 ], [ 38.2317341, 0.2117095 ], [ 38.2314563, 0.2126172 ], [ 38.2304771, 0.2131327 ], [ 38.2301648, 0.2140083 ], [ 38.2261428, 0.2133514 ], [ 38.2254603, 0.2137915 ], [ 38.223303, 0.2134852 ], [ 38.2218216, 0.214663 ], [ 38.2203299, 0.2146287 ], [ 38.2201342, 0.2155526 ], [ 38.2119516, 0.2204043 ], [ 38.2108881, 0.2203031 ], [ 38.2055217, 0.2224153 ], [ 38.2030818, 0.2228631 ], [ 38.2027544, 0.2235749 ], [ 38.1993184, 0.2246149 ], [ 38.196711, 0.2261881 ], [ 38.192784499999988, 0.231612 ], [ 38.1922366, 0.2413148 ], [ 38.1931633, 0.2521518 ], [ 38.1954583, 0.2960926 ], [ 38.1975854, 0.3196006 ], [ 38.1794033, 0.3281762 ], [ 38.176784399999981, 0.3284364 ], [ 38.096035799999981, 0.5591503 ], [ 38.0631896, 0.6685163 ], [ 37.824641, 0.5597456 ], [ 37.806092299999982, 0.5540165 ], [ 37.8065777, 0.5528293 ], [ 37.8059307, 0.5531804 ], [ 37.7768054, 0.5429753 ], [ 37.7767188, 0.5434299 ], [ 37.7279164, 0.5264816 ], [ 37.727095, 0.5274414 ], [ 37.7243668, 0.5258525 ], [ 37.6570934, 0.5025445 ], [ 37.655583500000013, 0.5014916 ], [ 37.5877027, 0.4782621 ], [ 37.58725960000001, 0.4751062 ], [ 37.5869729, 0.4724554 ], [ 37.5864386, 0.4708546 ], [ 37.586999, 0.4686104 ], [ 37.58650380000001, 0.467915 ], [ 37.5853961, 0.4652842 ], [ 37.5830893, 0.4616037 ], [ 37.5824118, 0.4488288 ], [ 37.5827376, 0.4458236 ], [ 37.5830244, 0.443199 ], [ 37.5818645, 0.4409946 ], [ 37.5823185, 0.4399494 ], [ 37.581886799999985, 0.4352848 ], [ 37.5822752, 0.4302843 ], [ 37.581890699999981, 0.4285345 ], [ 37.5824121, 0.42444 ], [ 37.5821644, 0.4238627 ], [ 37.5826076, 0.4144666 ], [ 37.583559, 0.4112907 ], [ 37.5828553, 0.4093224 ], [ 37.583715500000011, 0.4068683 ], [ 37.5837416, 0.4055428 ], [ 37.5844453, 0.4049128 ], [ 37.5860353, 0.4013299 ], [ 37.585918, 0.4001357 ], [ 37.5996798, 0.4002939 ], [ 37.6058578, 0.3516505 ], [ 37.590064299999987, 0.3339212 ], [ 37.581969, 0.3260759 ], [ 37.5746387, 0.3264338 ], [ 37.5559785, 0.3262993 ], [ 37.5546956, 0.3220236 ], [ 37.5528996, 0.3213822 ], [ 37.5523758, 0.3202491 ], [ 37.550387300000018, 0.3166361 ], [ 37.5504621, 0.3158344 ], [ 37.5472122, 0.3095063 ], [ 37.5484951, 0.3068767 ], [ 37.548185, 0.3051985 ], [ 37.5491686, 0.3047709 ], [ 37.549671, 0.3051236 ], [ 37.550152099999984, 0.3035523 ], [ 37.5495321, 0.2979511 ], [ 37.5502056, 0.2926384 ], [ 37.5488158, 0.2896133 ], [ 37.5470305, 0.286182 ], [ 37.5462821, 0.2831249 ], [ 37.5485699, 0.2821521 ], [ 37.5483989, 0.279266 ], [ 37.5476826, 0.2792446 ], [ 37.54715740000001, 0.2754245 ], [ 37.5439903, 0.2727949 ], [ 37.5446797, 0.2716558 ], [ 37.5416999, 0.269079 ], [ 37.5388811, 0.2667437 ], [ 37.5378967, 0.2647939 ], [ 37.5379528, 0.2637998 ], [ 37.5368383, 0.2610018 ], [ 37.4791653, 0.277571 ], [ 37.4645277, 0.2816929 ], [ 37.430832100000011, 0.2949343 ], [ 37.4014557, 0.2931621 ], [ 37.4012326, 0.2823605 ], [ 37.3799775, 0.2678627 ], [ 37.3791968, 0.2680061 ], [ 37.3741148, 0.2698621 ], [ 37.3735286, 0.2692305 ], [ 37.3744626, 0.2682096 ], [ 37.3733976, 0.2629421 ], [ 37.371976599999989, 0.2620072 ], [ 37.3676215, 0.2596404 ], [ 37.3647244, 0.2576066 ], [ 37.3652414, 0.2562547 ], [ 37.3638584, 0.2555068 ], [ 37.3645814, 0.2543789 ], [ 37.3612104, 0.25317 ], [ 37.3610294, 0.252703 ], [ 37.3609734, 0.2502982 ], [ 37.3630614, 0.2492023 ], [ 37.363154399999971, 0.2481924 ], [ 37.3636404, 0.2479744 ], [ 37.3642094, 0.2478605 ], [ 37.3662784, 0.2473466 ], [ 37.3672295, 0.2473395 ], [ 37.3661825, 0.2436578 ], [ 37.3644874, 0.2430969 ], [ 37.3634164, 0.241384 ], [ 37.3636284, 0.2390532 ], [ 37.3642754, 0.2378633 ], [ 37.361939399999983, 0.2362685 ], [ 37.3571483, 0.2357705 ], [ 37.3576033, 0.2326308 ], [ 37.3582573, 0.2316529 ], [ 37.3582573, 0.2296031 ], [ 37.3566873, 0.2254414 ], [ 37.3559393, 0.2248555 ], [ 37.3550792, 0.2237786 ], [ 37.3563383, 0.2212067 ], [ 37.3562878, 0.2201422 ], [ 37.3540251, 0.2148782 ], [ 37.3529336, 0.2135594 ], [ 37.3518421, 0.2118541 ], [ 37.3515919, 0.2086368 ], [ 37.348853, 0.2075764 ], [ 37.3488551, 0.2029084 ], [ 37.3495226, 0.1976434 ], [ 37.349136, 0.1969271 ], [ 37.3492497, 0.1922147 ], [ 37.3424131, 0.1906352 ], [ 37.3371064, 0.1910111 ], [ 37.3409629, 0.1868328 ], [ 37.3403076, 0.1846953 ], [ 37.3420049, 0.1826974 ], [ 37.3404365, 0.1803451 ], [ 37.3360966, 0.1799799 ], [ 37.3338836, 0.1776598 ], [ 37.3234636, 0.1803129 ], [ 37.3188981, 0.1794858 ], [ 37.311077600000012, 0.1759412 ], [ 37.3088647, 0.175662 ], [ 37.3079086, 0.1733526 ], [ 37.3012913, 0.166532 ], [ 37.298735, 0.1647277 ], [ 37.298735, 0.1654527 ], [ 37.29296, 0.1610772 ], [ 37.2824167, 0.1496532 ], [ 37.282516699999988, 0.1430608 ], [ 37.2819144, 0.1406933 ], [ 37.2826774, 0.1404879 ], [ 37.2812891, 0.1353288 ], [ 37.2820733, 0.12781 ], [ 37.2619713, 0.1074284 ], [ 37.2525871, 0.0941234 ], [ 37.2503267, 0.097769 ], [ 37.2475855, 0.0967625 ], [ 37.2486552, 0.0950019 ], [ 37.2473843, 0.0940675 ], [ 37.2433274, 0.094993 ], [ 37.243767100000014, 0.0972441 ], [ 37.2396367, 0.0955675 ], [ 37.2394783, 0.0945139 ], [ 37.2343371, 0.0947851 ], [ 37.2332173, 0.079451 ], [ 37.2339255, 0.0791179 ], [ 37.2300341, 0.0757434 ], [ 37.2231295, 0.073444 ], [ 37.2191784, 0.0708022 ], [ 37.2156054, 0.0710532 ], [ 37.2080812, 0.0679835 ], [ 37.2083558, 0.0655869 ], [ 37.203307, 0.0650526 ], [ 37.2022928, 0.0641422 ], [ 37.202654, 0.0590904 ], [ 37.2022275, 0.0587157 ], [ 37.200312, 0.0610922 ], [ 37.19571, 0.0578441 ], [ 37.1952001, 0.0582265 ], [ 37.1869428, 0.0545977 ], [ 37.1860878, 0.0547737 ], [ 37.1701084, 0.0535158 ], [ 37.1625333, 0.050597 ], [ 37.1534751, 0.0485342 ], [ 37.149874, 0.0445546 ], [ 37.1499807, 0.0438563 ], [ 37.1491804, 0.0426202 ], [ 37.1436609, 0.0408599 ], [ 37.1423519, 0.039451 ], [ 37.1399358, 0.0390231 ], [ 37.1379988, 0.0385201 ], [ 37.1385236, 0.0380826 ], [ 37.126189, 0.0353499 ], [ 37.1262787, 0.0348394 ], [ 37.1235489, 0.0365968 ], [ 37.1090498, 0.0360395 ], [ 37.1082423, 0.0356394 ], [ 37.095336800000013, 0.0260792 ], [ 37.094135499999986, 0.0249432 ], [ 37.0935066, 0.0246359 ], [ 37.0925848, 0.0241072 ], [ 37.0883258, 0.0205561 ], [ 37.0900766, 0.0189159 ], [ 37.0910708, 0.0190309 ], [ 37.0932769, 0.0187319 ], [ 37.0935999, 0.0183869 ], [ 37.094117499999989, 0.0181006 ], [ 37.0934908, 0.0161215 ], [ 37.0939245, 0.0153247 ], [ 37.0949789, 0.0156852 ], [ 37.095290899999988, 0.0144103 ], [ 37.0964363, 0.0135536 ], [ 37.0976729, 0.0139203 ], [ 37.0976089, 0.0119555 ], [ 37.098136, 0.0106846 ], [ 37.098948199999988, 0.0106617 ], [ 37.099226, 0.0112475 ], [ 37.1016302, 0.0090407 ], [ 37.1010498, 0.0071995 ], [ 37.1021406, 0.0069894 ], [ 37.101974, 0.005873 ], [ 37.1038221, 0.0048811 ], [ 37.1031201, 0.0038432 ], [ 37.1044171, 0.0004995 ], [ 37.1056851, 0.0007585 ], [ 37.10759310000001, -0.0008754 ], [ 37.1126708, -0.0138116 ], [ 37.1159523, -0.0156501 ], [ 37.1187394, -0.0196537 ], [ 37.1212694, -0.0210946 ], [ 37.1219035, -0.0225872 ], [ 37.1254442, -0.0255422 ], [ 37.1274001, -0.027398 ], [ 37.1297416, -0.0279262 ], [ 37.1312264, -0.0304815 ], [ 37.1331681, -0.0307099 ], [ 37.132654100000011, -0.0361346 ], [ 37.1363604, -0.0392176 ], [ 37.30916710000001, -0.1527972 ], [ 37.5007788, -0.1860401 ], [ 37.5112686, -0.1868272 ], [ 37.5196219, -0.186522 ], [ 37.5210998, -0.1859277 ], [ 37.525902899999977, -0.1869236 ], [ 37.5301277, -0.1855261 ], [ 37.5323927, -0.1845785 ], [ 37.5410994, -0.1835826 ], [ 37.5459025, -0.1833417 ], [ 37.5507378, -0.1825868 ], [ 37.5517338, -0.1835505 ], [ 37.5573401, -0.1843054 ], [ 37.557806, -0.1847873 ], [ 37.5606975, -0.1855583 ], [ 37.5649544, -0.1864738 ], [ 37.568327900000014, -0.185237 ], [ 37.5704001, -0.1837432 ], [ 37.5734523, -0.1842733 ], [ 37.5770506, -0.1820888 ], [ 37.5803598, -0.1838235 ], [ 37.5824481, -0.1835184 ], [ 37.587442, -0.1854903 ], [ 37.589856, -0.1855002 ], [ 37.5902834, -0.1860494 ], [ 37.590840799999988, -0.1886013 ], [ 37.5930626, -0.1911523 ], [ 37.6007713, -0.1942584 ], [ 37.6027272, -0.1960416 ], [ 37.606409, -0.1965593 ], [ 37.6126795, -0.1956964 ], [ 37.6171092, -0.1995504 ], [ 37.6179146, -0.2009309 ], [ 37.6214813, -0.2027716 ], [ 37.6230345, -0.2072007 ], [ 37.625048, -0.2061653 ], [ 37.6257959, -0.2070857 ], [ 37.628097, -0.2071432 ], [ 37.6293626, -0.2088113 ], [ 37.6319513, -0.2085237 ], [ 37.6335621, -0.2099042 ], [ 37.636496, -0.2097317 ], [ 37.6390272, -0.2090989 ], [ 37.6410407, -0.2115148 ], [ 37.6413283, -0.2131829 ], [ 37.6467359, -0.2153687 ], [ 37.6549624, -0.2143334 ], [ 37.6588168, -0.2181873 ], [ 37.6604275, -0.2158289 ], [ 37.6659502, -0.2165767 ], [ 37.6655475, -0.2092715 ], [ 37.666870599999989, -0.2081786 ], [ 37.6718755, -0.209329 ], [ 37.6774557, -0.2085812 ], [ 37.6841865, -0.209444 ], [ 37.6880983, -0.2058202 ], [ 37.6948866, -0.2065105 ], [ 37.6984533, -0.2051299 ], [ 37.7070825, -0.2042671 ], [ 37.7099013, -0.2037494 ], [ 37.7119723, -0.2045547 ], [ 37.7181278, -0.2044397 ], [ 37.7234779, -0.2047273 ], [ 37.723592900000014, -0.2031742 ], [ 37.7261242, -0.2028291 ], [ 37.728044, -0.201656 ], [ 37.7289433, -0.2017585 ], [ 37.7323551, -0.2016842 ], [ 37.7374654, -0.1962425 ], [ 37.7374173, -0.1949675 ], [ 37.7396308, -0.1945585 ], [ 37.7404247, -0.1936107 ], [ 37.7423591, -0.1933942 ], [ 37.7445149, -0.1908393 ], [ 37.7457804, -0.1912002 ], [ 37.7468391, -0.1919459 ], [ 37.7495626, -0.189877 ], [ 37.7497358, -0.188448 ], [ 37.7504721, -0.1883807 ], [ 37.7535981, -0.1855274 ], [ 37.7541821, -0.1823183 ], [ 37.7563594, -0.17887 ], [ 37.7569441, -0.1754223 ], [ 37.759121, -0.1741065 ], [ 37.7604038, -0.1698674 ], [ 37.7640083, -0.1642005 ], [ 37.764364, -0.1625321 ], [ 37.7651679, -0.16202 ], [ 37.7653974, -0.1611347 ], [ 37.7675341, -0.1599891 ] ] ] } },
{ "type": "Feature", "properties": { "ADM1_EN": "Samburu", "pop2009": 223947.0, "ADM0_EN": "Kenya", "longitude": 37.118174798831845, "latitude": 1.3166427875376743, "area": 21109.0, "landscape": "Sabarwawa" }, "geometry": { "type": "Polygon", "coordinates": [ [ [ 36.806798, 0.8614928 ], [ 36.8199328, 0.8531677 ], [ 36.8201117, 0.8401201 ], [ 36.834047, 0.812464 ], [ 36.8349912, 0.7998982 ], [ 36.8450639, 0.7939993 ], [ 36.8418903, 0.7887346 ], [ 36.8487813, 0.7778648 ], [ 36.8675043, 0.7360841 ], [ 36.8785625, 0.7357872 ], [ 36.8875187, 0.7330584 ], [ 36.8893877, 0.7356522 ], [ 36.8972711, 0.7382934 ], [ 36.9022085, 0.7383456 ], [ 36.9037976, 0.7382141 ], [ 36.9058441, 0.7353872 ], [ 36.9081507, 0.7356294 ], [ 36.9093209, 0.7342913 ], [ 36.9086721, 0.7289808 ], [ 36.9122612, 0.725899 ], [ 36.913259, 0.72742 ], [ 36.9135892, 0.7268319 ], [ 36.9150492, 0.726589 ], [ 36.9158703, 0.726112 ], [ 36.916641, 0.7272614 ], [ 36.9180193, 0.726675 ], [ 36.9186583, 0.7270299 ], [ 36.9177943, 0.7284717 ], [ 36.9199863, 0.7334514 ], [ 36.9205434, 0.7336233 ], [ 36.919745500000012, 0.7351811 ], [ 36.9210352, 0.7354809 ], [ 36.921059, 0.7361995 ], [ 36.926433500000016, 0.7387479 ], [ 36.9272145, 0.738059 ], [ 36.9283831, 0.7385026 ], [ 36.929505500000019, 0.7384439 ], [ 36.9303066, 0.7401978 ], [ 36.9309956, 0.7401878 ], [ 36.931743, 0.7406391 ], [ 36.9323774, 0.7461825 ], [ 36.935797, 0.752733 ], [ 36.9401753, 0.7494972 ], [ 36.9448391, 0.7442153 ], [ 36.949574399999989, 0.7418836 ], [ 36.9571034, 0.7423802 ], [ 36.9659858, 0.7404557 ], [ 36.9699667, 0.7421974 ], [ 36.9724037, 0.7428084 ], [ 36.974541, 0.7453609 ], [ 36.9798753, 0.7427608 ], [ 36.9917967, 0.7457111 ], [ 36.9948899, 0.7485775 ], [ 36.9957673, 0.7487622 ], [ 36.998673499999988, 0.7490658 ], [ 37.0033849, 0.748019 ], [ 37.0310726, 0.7590142 ], [ 37.0498523, 0.765871 ], [ 37.057584, 0.7703674 ], [ 37.0598819, 0.7703674 ], [ 37.062268, 0.7659854 ], [ 37.0679851, 0.7633563 ], [ 37.0711155, 0.7651031 ], [ 37.0708562, 0.7711214 ], [ 37.0705698, 0.7719805 ], [ 37.0710352, 0.7757571 ], [ 37.0741059, 0.778113 ], [ 37.0796106, 0.7784883 ], [ 37.0891802, 0.7810698 ], [ 37.0923926, 0.7807129 ], [ 37.0961284, 0.7837108 ], [ 37.1042187, 0.7865183 ], [ 37.106759, 0.7862441 ], [ 37.10801, 0.7849932 ], [ 37.108835, 0.7802371 ], [ 37.1108814, 0.7786192 ], [ 37.1167676, 0.7817407 ], [ 37.1185191, 0.7816156 ], [ 37.1223974, 0.7776126 ], [ 37.1247745, 0.7763617 ], [ 37.1279187, 0.7682457 ], [ 37.1281524, 0.7646028 ], [ 37.1322256, 0.7627734 ], [ 37.1346527, 0.7592521 ], [ 37.137160099999988, 0.7573474 ], [ 37.139287, 0.7574725 ], [ 37.1414138, 0.7590987 ], [ 37.1442913, 0.7593489 ], [ 37.1483348, 0.7585145 ], [ 37.1518089, 0.7593473 ], [ 37.1525484, 0.758223 ], [ 37.1521731, 0.7509676 ], [ 37.1551756, 0.7508425 ], [ 37.157928, 0.751593 ], [ 37.16155610000002, 0.7509676 ], [ 37.1631723, 0.7476611 ], [ 37.1640332, 0.7435883 ], [ 37.1664353, 0.7417106 ], [ 37.1715636, 0.7410851 ], [ 37.1724405, 0.7427114 ], [ 37.1739418, 0.743587 ], [ 37.1783206, 0.7432117 ], [ 37.1796169, 0.7411246 ], [ 37.1818549, 0.740616 ], [ 37.1891111, 0.7426175 ], [ 37.1947409, 0.7438685 ], [ 37.1974933, 0.7438685 ], [ 37.2003708, 0.7449943 ], [ 37.2031232, 0.7449943 ], [ 37.2051249, 0.7438685 ], [ 37.205875500000012, 0.7411164 ], [ 37.2077521, 0.7394902 ], [ 37.2115054, 0.7388647 ], [ 37.2134983, 0.7378683 ], [ 37.2198245, 0.7376475 ], [ 37.2219281, 0.7386991 ], [ 37.2295243, 0.7471125 ], [ 37.2322122, 0.7485148 ], [ 37.2347833, 0.7485148 ], [ 37.2378218, 0.7508518 ], [ 37.239341, 0.7548248 ], [ 37.241094, 0.7558765 ], [ 37.2431976, 0.7559933 ], [ 37.2476385, 0.7617191 ], [ 37.254767299999983, 0.7628877 ], [ 37.2581564, 0.7614854 ], [ 37.2662201, 0.7561102 ], [ 37.2668907, 0.7522314 ], [ 37.271712799999989, 0.7501507 ], [ 37.2740452, 0.7432107 ], [ 37.28384, 0.7368649 ], [ 37.28918680000001, 0.7352993 ], [ 37.2904112, 0.7342587 ], [ 37.293216, 0.7278318 ], [ 37.295670200000011, 0.7259622 ], [ 37.3011629, 0.7188342 ], [ 37.3043182, 0.7084343 ], [ 37.3064218, 0.7062141 ], [ 37.3060712, 0.7011894 ], [ 37.3091337, 0.6987624 ], [ 37.3099278, 0.6955805 ], [ 37.3122651, 0.6924255 ], [ 37.3143687, 0.6855311 ], [ 37.315138, 0.6818661 ], [ 37.3199673, 0.6778421 ], [ 37.3258026, 0.6677823 ], [ 37.3271788, 0.666723 ], [ 37.3278148, 0.6569176 ], [ 37.3325089, 0.65033 ], [ 37.3329848, 0.6482125 ], [ 37.3365303, 0.6459046 ], [ 37.3427408, 0.644596 ], [ 37.3447173, 0.6424313 ], [ 37.3447173, 0.6404194 ], [ 37.3435006, 0.6383091 ], [ 37.3434471, 0.6352057 ], [ 37.3463668, 0.6332093 ], [ 37.3484605, 0.6306972 ], [ 37.3505542, 0.6238586 ], [ 37.3533458, 0.6212069 ], [ 37.354602, 0.6184156 ], [ 37.3536249, 0.6118561 ], [ 37.3553284, 0.6041963 ], [ 37.3552999, 0.5980393 ], [ 37.358231, 0.5970624 ], [ 37.3632821, 0.5985429 ], [ 37.3643725, 0.5981789 ], [ 37.3660474, 0.5955272 ], [ 37.3652468, 0.5858551 ], [ 37.3694276, 0.5847773 ], [ 37.3733918, 0.5865927 ], [ 37.3810223, 0.5812319 ], [ 37.383121099999983, 0.5808797 ], [ 37.3870948, 0.5786194 ], [ 37.3902596, 0.5748126 ], [ 37.3923471, 0.574295 ], [ 37.4016385, 0.576672 ], [ 37.403582900000018, 0.5763943 ], [ 37.4075828, 0.577283 ], [ 37.4236703, 0.5777274 ], [ 37.4260822, 0.5782829 ], [ 37.4293043, 0.5812547 ], [ 37.4359036, 0.5790458 ], [ 37.4364199, 0.5785462 ], [ 37.4386852, 0.5781798 ], [ 37.4404008, 0.5802616 ], [ 37.444898099999982, 0.5803282 ], [ 37.4477797, 0.5789292 ], [ 37.4590349, 0.5838446 ], [ 37.4622043, 0.5839923 ], [ 37.4672346, 0.5907541 ], [ 37.4678675, 0.590954 ], [ 37.468767, 0.5912704 ], [ 37.4724647, 0.5912371 ], [ 37.4774784, 0.5866071 ], [ 37.4820756, 0.5863406 ], [ 37.4834081, 0.5868069 ], [ 37.4861231, 0.5877562 ], [ 37.492136099999989, 0.5874898 ], [ 37.4939184, 0.5852247 ], [ 37.4936019, 0.5819437 ], [ 37.4932355, 0.5814274 ], [ 37.4929132, 0.5806159 ], [ 37.492024299999983, 0.5762276 ], [ 37.49335760000001, 0.5738391 ], [ 37.4986908, 0.5731447 ], [ 37.5042362, 0.5727832 ], [ 37.5106331, 0.5665137 ], [ 37.5137999, 0.5649938 ], [ 37.5188668, 0.5661337 ], [ 37.5236803, 0.5687935 ], [ 37.525643699999989, 0.5685402 ], [ 37.5293197, 0.5660406 ], [ 37.5291805, 0.565092 ], [ 37.534384, 0.5639172 ], [ 37.5383741, 0.5670836 ], [ 37.5412242, 0.5724665 ], [ 37.5441376, 0.575063 ], [ 37.5477621, 0.5755298 ], [ 37.5513258, 0.5717004 ], [ 37.557105700000015, 0.568969 ], [ 37.5584548, 0.5689857 ], [ 37.5648676, 0.5705346 ], [ 37.5667331, 0.5689857 ], [ 37.5735887, 0.5700601 ], [ 37.5766771, 0.572733 ], [ 37.5806914, 0.5713506 ], [ 37.5818856, 0.5717066 ], [ 37.583595699999989, 0.5721499 ], [ 37.5841657, 0.5758863 ], [ 37.5834057, 0.5834857 ], [ 37.5844824, 0.5851323 ], [ 37.5911326, 0.5855756 ], [ 37.5976477, 0.590004 ], [ 37.6042771, 0.5885217 ], [ 37.6165935, 0.5952015 ], [ 37.6180065, 0.5980462 ], [ 37.621266800000015, 0.5974819 ], [ 37.6243649, 0.5963661 ], [ 37.6250478, 0.5967658 ], [ 37.6278544, 0.5986251 ], [ 37.630228, 0.5959497 ], [ 37.6323267, 0.5946506 ], [ 37.6352083, 0.5961662 ], [ 37.6374569, 0.5995305 ], [ 37.6370239, 0.6050099 ], [ 37.6373403, 0.6056261 ], [ 37.637690099999986, 0.6064089 ], [ 37.6433534, 0.6112721 ], [ 37.6428204, 0.6125378 ], [ 37.6388228, 0.6122047 ], [ 37.6393058, 0.6184836 ], [ 37.6395224, 0.6189666 ], [ 37.6398222, 0.6200158 ], [ 37.6417044, 0.6202823 ], [ 37.6426538, 0.6199825 ], [ 37.6449024, 0.6201157 ], [ 37.6467346, 0.6255618 ], [ 37.6513152, 0.6300753 ], [ 37.658635199999985, 0.6301277 ], [ 37.6599178, 0.6308772 ], [ 37.6622556, 0.6318241 ], [ 37.6633789, 0.6317466 ], [ 37.6685691, 0.632919 ], [ 37.6698067, 0.6333711 ], [ 37.674772900000022, 0.6395183 ], [ 37.6754604, 0.6393609 ], [ 37.6763534, 0.6389557 ], [ 37.6774129, 0.6440139 ], [ 37.6799984, 0.6429431 ], [ 37.6805666, 0.6410808 ], [ 37.6819846, 0.6402344 ], [ 37.6837668, 0.6440483 ], [ 37.682984, 0.6481287 ], [ 37.6842998, 0.6517594 ], [ 37.6862153, 0.6557566 ], [ 37.6909291, 0.6588377 ], [ 37.691212299999989, 0.6595372 ], [ 37.6922783, 0.6618855 ], [ 37.6957595, 0.6618022 ], [ 37.6963925, 0.662152 ], [ 37.6989693, 0.6616332 ], [ 37.7071, 0.6659396 ], [ 37.7109001, 0.6656862 ], [ 37.7134335, 0.6624565 ], [ 37.7160936, 0.6578968 ], [ 37.7261006, 0.6532105 ], [ 37.727877700000015, 0.6533258 ], [ 37.728453900000012, 0.6539905 ], [ 37.7307806, 0.6590643 ], [ 37.7321323, 0.6601721 ], [ 37.7365841, 0.6597967 ], [ 37.7385362, 0.6637836 ], [ 37.7394447, 0.6639387 ], [ 37.7416163, 0.6648693 ], [ 37.7431452, 0.6683036 ], [ 37.7456492, 0.6728678 ], [ 37.7523849, 0.6748689 ], [ 37.7552983, 0.6737923 ], [ 37.7591661, 0.6702533 ], [ 37.7628445, 0.6706743 ], [ 37.768628, 0.6717157 ], [ 37.7752314, 0.6738205 ], [ 37.7776688, 0.6755487 ], [ 37.7859953, 0.6748075 ], [ 37.7945274, 0.6694226 ], [ 37.8030359, 0.6737639 ], [ 37.8186493, 0.6744454 ], [ 37.8209711, 0.6768521 ], [ 37.8218657, 0.6768095 ], [ 37.82472, 0.6774272 ], [ 37.825377599999989, 0.6771487 ], [ 37.8350508, 0.6775337 ], [ 37.8360307, 0.678769 ], [ 37.8376495, 0.6790884 ], [ 37.8379477, 0.6800043 ], [ 37.8422718, 0.6860743 ], [ 37.8449344, 0.687693 ], [ 37.8453178, 0.6884384 ], [ 37.8457651, 0.6911007 ], [ 37.8431877, 0.6955308 ], [ 37.8433155, 0.6963401 ], [ 37.8452326, 0.7053494 ], [ 37.848023, 0.7095238 ], [ 37.8481082, 0.7105249 ], [ 37.8498548, 0.7131446 ], [ 37.8503873, 0.7131659 ], [ 37.8509625, 0.713464 ], [ 37.856521900000011, 0.7161689 ], [ 37.8578213, 0.7178515 ], [ 37.8604839, 0.7179154 ], [ 37.8609525, 0.7183201 ], [ 37.8620814, 0.7196193 ], [ 37.869132, 0.7251355 ], [ 37.874521, 0.7264347 ], [ 37.8771197, 0.7304175 ], [ 37.8769026, 0.735411 ], [ 37.878676, 0.7397807 ], [ 37.8799427, 0.7409839 ], [ 37.8867829, 0.7390207 ], [ 37.8917864, 0.7360443 ], [ 37.8944465, 0.731168 ], [ 37.8965366, 0.726735 ], [ 37.8991333, 0.7256584 ], [ 37.9023635, 0.726735 ], [ 37.9042635, 0.7257217 ], [ 37.9044535, 0.7204021 ], [ 37.9067872, 0.7180502 ], [ 37.9097311, 0.7191507 ], [ 37.91167380000001, 0.7179323 ], [ 37.9137638, 0.7116628 ], [ 37.9154106, 0.7110928 ], [ 37.9175272, 0.7131445 ], [ 37.9192099, 0.716531 ], [ 37.9199768, 0.7170847 ], [ 37.9222346, 0.7174468 ], [ 37.9234387, 0.7168557 ], [ 37.92658, 0.717532 ], [ 37.9308401, 0.720812 ], [ 37.9310531, 0.721387 ], [ 37.9313513, 0.7223667 ], [ 37.9342482, 0.7259875 ], [ 37.9350364, 0.7264347 ], [ 37.9410858, 0.7331437 ], [ 37.94656, 0.7417483 ], [ 37.9483706, 0.7424511 ], [ 37.9501812, 0.7423233 ], [ 37.9520982, 0.7429197 ], [ 37.9529929, 0.7427493 ], [ 37.9569122, 0.7430475 ], [ 37.9575299, 0.7434734 ], [ 37.9605759, 0.7495435 ], [ 37.9616196, 0.7500546 ], [ 37.966241899999986, 0.7516307 ], [ 37.9689045, 0.7512686 ], [ 37.9698417, 0.751652 ], [ 37.9734628, 0.7532707 ], [ 37.974165800000023, 0.7580628 ], [ 37.9745705, 0.7585101 ], [ 37.9776804, 0.7623438 ], [ 37.9784685, 0.7631531 ], [ 37.9810033, 0.7674767 ], [ 37.9863285, 0.7732486 ], [ 37.9865202, 0.775421 ], [ 37.9930595, 0.7765498 ], [ 37.9937411, 0.776422 ], [ 37.9946996, 0.7763794 ], [ 37.9983208, 0.7801279 ], [ 37.999641399999987, 0.782556 ], [ 38.0006851, 0.7857933 ], [ 38.0060316, 0.7865388 ], [ 38.0083108, 0.7894779 ], [ 38.0091841, 0.7900743 ], [ 38.0099936, 0.7926514 ], [ 38.0097379, 0.7938015 ], [ 38.0087447, 0.7988141 ], [ 38.009364, 0.8000795 ], [ 38.0111739, 0.8010194 ], [ 38.014847400000022, 0.8037426 ], [ 38.0172541, 0.8031726 ], [ 38.0175075, 0.7998795 ], [ 38.0164308, 0.7951299 ], [ 38.0171455, 0.7943719 ], [ 38.0200534, 0.7963372 ], [ 38.023796, 0.7963911 ], [ 38.0275925, 0.7929181 ], [ 38.0345447, 0.7884804 ], [ 38.0441084, 0.7867072 ], [ 38.0469788, 0.784249 ], [ 38.0489219, 0.7801843 ], [ 38.055812399999979, 0.7761992 ], [ 38.0621917, 0.7771684 ], [ 38.06916540000001, 0.7795645 ], [ 38.0697847, 0.7802106 ], [ 38.0721541, 0.7809914 ], [ 38.0729261, 0.780121 ], [ 38.0770806, 0.7806656 ], [ 38.0809049, 0.7807222 ], [ 38.0478135, 0.8025563 ], [ 38.0364809, 1.0078095 ], [ 38.032778, 1.0802346 ], [ 38.0320387, 1.0830994 ], [ 37.9496636, 1.1909706 ], [ 37.9470306, 1.2509189 ], [ 37.9469009, 1.2691961 ], [ 37.9505309, 1.3328424 ], [ 37.9509198, 1.3611009 ], [ 37.9522026, 1.3863069 ], [ 37.9382527, 1.3954571 ], [ 37.8518288, 1.4587884 ], [ 37.8444475, 1.4291071 ], [ 37.8437561, 1.4267086 ], [ 37.8377805, 1.4224911 ], [ 37.8320979, 1.4223976 ], [ 37.8295994, 1.4203277 ], [ 37.8288298, 1.4187245 ], [ 37.8248276, 1.4183481 ], [ 37.8195341, 1.4197567 ], [ 37.8159648, 1.4189001 ], [ 37.8142122, 1.4173499 ], [ 37.8123881, 1.4172943 ], [ 37.8109009, 1.4168779 ], [ 37.8008475, 1.4167589 ], [ 37.7948392, 1.4126547 ], [ 37.7928761, 1.4137254 ], [ 37.7916864, 1.4138443 ], [ 37.7894259, 1.4138443 ], [ 37.7875222, 1.4154503 ], [ 37.7864489, 1.4176517 ], [ 37.7826443, 1.418246 ], [ 37.7806217, 1.4144986 ], [ 37.7801458, 1.4114056 ], [ 37.778956, 1.410335 ], [ 37.776755, 1.4112867 ], [ 37.7751488, 1.408729 ], [ 37.7725313, 1.4128332 ], [ 37.7699139, 1.4128332 ], [ 37.7687836, 1.4121789 ], [ 37.7639651, 1.4130711 ], [ 37.7603364, 1.4122384 ], [ 37.7566481, 1.4106919 ], [ 37.7484983, 1.4117625 ], [ 37.7481768, 1.4113205 ], [ 37.747771200000017, 1.4099573 ], [ 37.7462928, 1.408479 ], [ 37.7362317, 1.4038621 ], [ 37.72345510000001, 1.4031009 ], [ 37.7182754, 1.4057275 ], [ 37.7171141, 1.4049198 ], [ 37.7097172, 1.4048718 ], [ 37.7042613, 1.4026255 ], [ 37.6924669, 1.3999278 ], [ 37.6858611, 1.3965284 ], [ 37.6788006, 1.4003792 ], [ 37.6736212, 1.399214 ], [ 37.6724076, 1.3979292 ], [ 37.6690776, 1.39616 ], [ 37.6647583, 1.3952996 ], [ 37.6637589, 1.3957279 ], [ 37.6606975, 1.3943606 ], [ 37.6544075, 1.3982974 ], [ 37.6523239, 1.3987396 ], [ 37.6357759, 1.3868057 ], [ 37.6337771, 1.3858064 ], [ 37.632991900000029, 1.3845216 ], [ 37.6290052, 1.3814767 ], [ 37.6233015, 1.3814133 ], [ 37.6227124, 1.3772411 ], [ 37.6238029, 1.3749555 ], [ 37.623452, 1.374407 ], [ 37.6185353, 1.3751717 ], [ 37.6113326, 1.3724844 ], [ 37.6065188, 1.374101 ], [ 37.6009399, 1.3875908 ], [ 37.5995397, 1.389023 ], [ 37.5978703, 1.3879477 ], [ 37.5966676, 1.3815004 ], [ 37.5900179, 1.3753139 ], [ 37.5884475, 1.3675338 ], [ 37.5885593, 1.3654095 ], [ 37.5879478, 1.3644645 ], [ 37.5839502, 1.3633939 ], [ 37.5809391, 1.3617289 ], [ 37.5828794, 1.3680334 ], [ 37.5829617, 1.3688667 ], [ 37.5768117, 1.3775266 ], [ 37.5753443, 1.3775266 ], [ 37.574276499999989, 1.3787406 ], [ 37.5711831, 1.3865921 ], [ 37.5639256, 1.3879007 ], [ 37.5617837, 1.390569 ], [ 37.5615352, 1.3918735 ], [ 37.554712699999989, 1.3972795 ], [ 37.509083, 1.4821259 ], [ 37.4567495, 1.5719933 ], [ 37.4584951, 1.5730729 ], [ 37.4129419, 1.6433956 ], [ 37.41138870000001, 1.6467381 ], [ 37.4079156, 1.648423 ], [ 37.4087333, 1.64912 ], [ 37.3598873, 1.7265138 ], [ 37.30573, 1.7488115 ], [ 37.2746373, 1.8671803 ], [ 37.2488175, 1.8683187 ], [ 37.2352701, 1.8687565 ], [ 37.229964500000015, 1.8744735 ], [ 37.2199714, 1.8887148 ], [ 37.1770629, 1.9188969 ], [ 37.1708816, 1.9263909 ], [ 37.1649578, 1.9367177 ], [ 37.163721599999988, 1.9460402 ], [ 37.1626914, 1.9618523 ], [ 37.1595492, 1.9604101 ], [ 37.1462852, 1.9619553 ], [ 37.1239037, 1.963861 ], [ 37.1201434, 1.9658697 ], [ 37.0946456, 1.9714065 ], [ 37.0935348, 1.9718594 ], [ 37.0785484, 1.9791323 ], [ 37.0117131, 1.9813986 ], [ 37.0107087, 1.9818107 ], [ 37.0005696, 1.9934542 ], [ 36.996174, 1.9957128 ], [ 36.9917174, 1.9957738 ], [ 36.9889236, 1.996682 ], [ 36.9726072, 2.0085332 ], [ 36.9664842, 2.0119274 ], [ 36.9613238, 2.0163724 ], [ 36.9529043, 2.0219236 ], [ 36.9498257, 2.0231549 ], [ 36.9421183, 2.0233526 ], [ 36.938079, 2.0217168 ], [ 36.935568, 2.0209376 ], [ 36.9319912, 2.0178585 ], [ 36.927553, 2.0170516 ], [ 36.925355, 2.0147077 ], [ 36.9195498, 2.0147907 ], [ 36.9177315, 2.0162625 ], [ 36.9198961, 2.0321059 ], [ 36.9202425, 2.0434473 ], [ 36.9206754, 2.0512391 ], [ 36.9226669, 2.0572994 ], [ 36.91998269999997, 2.0759998 ], [ 36.9192901, 2.0781642 ], [ 36.9198096, 2.0874278 ], [ 36.9213681, 2.0952196 ], [ 36.9205888, 2.0972108 ], [ 36.9169523, 2.0988558 ], [ 36.9146145, 2.1009336 ], [ 36.9142681, 2.1043966 ], [ 36.9154803, 2.1140931 ], [ 36.9155669, 2.1250882 ], [ 36.9039645, 2.1539179 ], [ 36.9022328, 2.160238 ], [ 36.899895099999988, 2.1789383 ], [ 36.8969512, 2.1896737 ], [ 36.8905439, 2.1995433 ], [ 36.8663867, 2.2517485 ], [ 36.8452599, 2.2714012 ], [ 36.80472360000001, 2.3839193 ], [ 36.7986415, 2.4033431 ], [ 36.7863633, 2.4348826 ], [ 36.7574766, 2.5148399 ], [ 36.737873, 2.5109083 ], [ 36.730773, 2.5095231 ], [ 36.7059231, 2.5098694 ], [ 36.7028926, 2.5097828 ], [ 36.7047109, 2.4922945 ], [ 36.703845, 2.4823383 ], [ 36.7047975, 2.4782692 ], [ 36.7044511, 2.4716029 ], [ 36.6999487, 2.4643306 ], [ 36.7001219, 2.4578374 ], [ 36.701680399999987, 2.4542878 ], [ 36.7008145, 2.4513442 ], [ 36.696398699999989, 2.4504784 ], [ 36.692589, 2.4529891 ], [ 36.6889524, 2.4555864 ], [ 36.6868743, 2.455673 ], [ 36.6847963, 2.4544609 ], [ 36.6719817, 2.4415611 ], [ 36.6614183, 2.4237265 ], [ 36.6596866, 2.4186186 ], [ 36.6565695, 2.415675 ], [ 36.6517208, 2.4151556 ], [ 36.6491232, 2.410567 ], [ 36.6479976, 2.4098744 ], [ 36.6466123, 2.4110865 ], [ 36.646179300000014, 2.4143764 ], [ 36.6450537, 2.413424 ], [ 36.6459196, 2.4034678 ], [ 36.6441879, 2.3952431 ], [ 36.6405513, 2.3891828 ], [ 36.6394257, 2.3884902 ], [ 36.6383867, 2.38875 ], [ 36.6380403, 2.3900486 ], [ 36.6394257, 2.3949834 ], [ 36.6394257, 2.4024289 ], [ 36.6410708, 2.4070174 ], [ 36.6390794, 2.4077966 ], [ 36.6383001, 2.403035 ], [ 36.6357891, 2.4015632 ], [ 36.634230599999974, 2.4027752 ], [ 36.6340574, 2.404853 ], [ 36.6319794, 2.4065846 ], [ 36.6315465, 2.4096147 ], [ 36.6261782, 2.4118657 ], [ 36.6229745, 2.4119523 ], [ 36.6225416, 2.4095281 ], [ 36.623927, 2.4050262 ], [ 36.6225416, 2.3982733 ], [ 36.6208965, 2.3963686 ], [ 36.6092941, 2.3929056 ], [ 36.6060904, 2.3948969 ], [ 36.6052246, 2.3989659 ], [ 36.6024807, 2.4021092 ], [ 36.6014734, 2.3594839 ], [ 36.7246269, 2.300458 ], [ 36.7239479, 2.2937155 ], [ 36.7244569, 2.2904928 ], [ 36.7229299, 2.2847263 ], [ 36.724795900000025, 2.2762461 ], [ 36.724286899999989, 2.2737013 ], [ 36.7222518, 2.2714965 ], [ 36.7095286, 2.2631852 ], [ 36.7081715, 2.2609804 ], [ 36.7085115, 2.2594535 ], [ 36.7134306, 2.2552139 ], [ 36.7149577, 2.2518212 ], [ 36.7141087, 2.24279 ], [ 36.7104616, 2.2373624 ], [ 36.7104616, 2.2355816 ], [ 36.7134483, 2.2297776 ], [ 36.713427, 2.2233614 ], [ 36.7110026, 2.2201581 ], [ 36.7044221, 2.21834 ], [ 36.702777, 2.2163488 ], [ 36.7014782, 2.2115871 ], [ 36.7039314, 2.2013186 ], [ 36.7024044, 2.1972479 ], [ 36.6976543, 2.1959761 ], [ 36.6912082, 2.1953821 ], [ 36.681455, 2.1910575 ], [ 36.667120600000011, 2.1811354 ], [ 36.6637276, 2.1770637 ], [ 36.6572824, 2.1712122 ], [ 36.636672, 2.162138 ], [ 36.6180126, 2.1584064 ], [ 36.6046963, 2.151028 ], [ 36.5967242, 2.1455625 ], [ 36.590616, 2.1428867 ], [ 36.587733, 2.140343 ], [ 36.5848489, 2.1352544 ], [ 36.5819042, 2.1198169 ], [ 36.5774884, 2.1137566 ], [ 36.5659725, 2.1030212 ], [ 36.5651067, 2.1012897 ], [ 36.5653664, 2.0954025 ], [ 36.5672065, 2.0916632 ], [ 36.5668384, 2.0751438 ], [ 36.5683969, 2.0633695 ], [ 36.5702152, 2.055924 ], [ 36.5701286, 2.0545388 ], [ 36.5672713, 2.0519415 ], [ 36.5636347, 2.0505563 ], [ 36.5625957, 2.0477859 ], [ 36.5579201, 2.0474396 ], [ 36.5567945, 2.045102 ], [ 36.5557555, 2.0377431 ], [ 36.5515128, 2.0299513 ], [ 36.5471835, 2.0290855 ], [ 36.5468372, 2.0257091 ], [ 36.5485689, 2.0225924 ], [ 36.545625, 2.021034 ], [ 36.5451921, 2.018177 ], [ 36.5483957, 2.0131556 ], [ 36.5483091, 2.0059698 ], [ 36.5460579, 2.0047578 ], [ 36.5423348, 2.0041517 ], [ 36.5412958, 2.0003424 ], [ 36.5420903, 1.9955821 ], [ 36.543204, 1.9935838 ], [ 36.543967, 1.9863754 ], [ 36.5401509, 1.9769612 ], [ 36.5390831, 1.9691223 ], [ 36.5350068, 1.9616387 ], [ 36.5324674, 1.9532865 ], [ 36.5334698, 1.9509479 ], [ 36.537629, 1.9510339 ], [ 36.5392836, 1.9529524 ], [ 36.5393029, 1.9516044 ], [ 36.5376058, 1.944565 ], [ 36.5392179, 1.9182753 ], [ 36.5380298, 1.9029462 ], [ 36.5380298, 1.8994982 ], [ 36.5351736, 1.89913 ], [ 36.5328608, 1.8972256 ], [ 36.5300168, 1.8912285 ], [ 36.5260522, 1.8866692 ], [ 36.5244205, 1.8832136 ], [ 36.5231119, 1.883061 ], [ 36.5203721, 1.8791856 ], [ 36.5170308, 1.8776488 ], [ 36.5156275, 1.8750429 ], [ 36.516095299999982, 1.8550644 ], [ 36.5178995, 1.8477144 ], [ 36.5197706, 1.8452422 ], [ 36.5210308, 1.8470241 ], [ 36.5234415, 1.8443238 ], [ 36.5249235, 1.8398792 ], [ 36.5222432, 1.8344845 ], [ 36.5232472, 1.8327192 ], [ 36.5218356, 1.8280523 ], [ 36.516563, 1.8292059 ], [ 36.515427, 1.8277359 ], [ 36.5156275, 1.8212546 ], [ 36.5183075, 1.8165234 ], [ 36.5181834, 1.8132845 ], [ 36.5198794, 1.807687 ], [ 36.5217455, 1.8059911 ], [ 36.5307356, 1.8049732 ], [ 36.5315847, 1.8037863 ], [ 36.531753699999989, 1.8017505 ], [ 36.5285247, 1.7944607 ], [ 36.5235128, 1.7900507 ], [ 36.5254807, 1.7880761 ], [ 36.5226441, 1.7812976 ], [ 36.5186346, 1.7793599 ], [ 36.516964, 1.7786249 ], [ 36.517699, 1.7758853 ], [ 36.519770600000015, 1.7727449 ], [ 36.5202176, 1.7703049 ], [ 36.5195033, 1.7695376 ], [ 36.5140237, 1.7725444 ], [ 36.5126203, 1.7718763 ], [ 36.5129556, 1.7666877 ], [ 36.5165196, 1.763191 ], [ 36.5193697, 1.7612522 ], [ 36.5197038, 1.7544368 ], [ 36.5212367, 1.7535872 ], [ 36.5228745, 1.7546188 ], [ 36.5253171, 1.7611186 ], [ 36.527295, 1.7608084 ], [ 36.5276826, 1.7561245 ], [ 36.5178787, 1.7394028 ], [ 36.515894699999976, 1.7389351 ], [ 36.5104151, 1.7304493 ], [ 36.5049521, 1.7185558 ], [ 36.50139, 1.7126193 ], [ 36.4937568, 1.705156 ], [ 36.4876946, 1.7012499 ], [ 36.4876946, 1.6943677 ], [ 36.4878951, 1.6926138 ], [ 36.4842566, 1.6795442 ], [ 36.4807448, 1.6743892 ], [ 36.479141, 1.6697119 ], [ 36.4789405, 1.6650347 ], [ 36.4717234, 1.6555466 ], [ 36.4706542, 1.6498671 ], [ 36.4694513, 1.6335636 ], [ 36.4674466, 1.6251445 ], [ 36.4651057, 1.6208437 ], [ 36.464922499999986, 1.6148703 ], [ 36.4623087, 1.6134037 ], [ 36.457286, 1.614073 ], [ 36.4495413, 1.6166326 ], [ 36.4462189, 1.6168635 ], [ 36.4428667, 1.614073 ], [ 36.439735, 1.6075351 ], [ 36.4361133, 1.5972251 ], [ 36.4342822, 1.5948449 ], [ 36.4316175, 1.5864874 ], [ 36.4231893, 1.5730266 ], [ 36.417680299999986, 1.5674425 ], [ 36.41188180000001, 1.5590204 ], [ 36.4048767, 1.539974 ], [ 36.4019329, 1.5358291 ], [ 36.398698, 1.5256371 ], [ 36.393932, 1.5224636 ], [ 36.3905191, 1.5228298 ], [ 36.385331, 1.5310078 ], [ 36.3825233, 1.5324115 ], [ 36.3778846, 1.5382093 ], [ 36.3756872, 1.5426034 ], [ 36.3751379, 1.5562131 ], [ 36.3737341, 1.5676257 ], [ 36.37530180000001, 1.5708263 ], [ 36.377166, 1.5731603 ], [ 36.3783118, 1.5840427 ], [ 36.373857799999989, 1.5919624 ], [ 36.3720861, 1.5934413 ], [ 36.3701329, 1.5932582 ], [ 36.3689294, 1.5921805 ], [ 36.359390599999983, 1.5835171 ], [ 36.3587191, 1.5740326 ], [ 36.358187699999981, 1.5691513 ], [ 36.3555277, 1.5680529 ], [ 36.3502961, 1.5680529 ], [ 36.3463287, 1.5692124 ], [ 36.345718399999988, 1.5722029 ], [ 36.346695, 1.5750103 ], [ 36.3457184, 1.5756206 ], [ 36.3424834, 1.5714225 ], [ 36.3419341, 1.5754375 ], [ 36.3410796, 1.5760478 ], [ 36.3397368, 1.5758037 ], [ 36.3383736, 1.5704398 ], [ 36.3359985, 1.5692529 ], [ 36.3327176, 1.5696397 ], [ 36.3268383, 1.5648433 ], [ 36.3140929, 1.5494722 ], [ 36.3109847, 1.5467211 ], [ 36.3056785, 1.5452277 ], [ 36.3018942, 1.5418101 ], [ 36.3000357, 1.5331881 ], [ 36.2979587, 1.5315772 ], [ 36.2989011, 1.5284415 ], [ 36.2964737, 1.5242629 ], [ 36.2957956, 1.5217181 ], [ 36.2970202, 1.5155435 ], [ 36.2966437, 1.5136618 ], [ 36.2957956, 1.5087432 ], [ 36.2974067, 1.5054355 ], [ 36.296049600000011, 1.499923 ], [ 36.2975496, 1.4977589 ], [ 36.297093, 1.497197 ], [ 36.3006339, 1.4882926 ], [ 36.2996969, 1.4852354 ], [ 36.2897144, 1.4661074 ], [ 36.2902376, 1.4627641 ], [ 36.293380600000013, 1.4621839 ], [ 36.3178857, 1.4688184 ], [ 36.3225972, 1.4675268 ], [ 36.3276863, 1.4627773 ], [ 36.3433794, 1.4434726 ], [ 36.3496656, 1.4373322 ], [ 36.355178, 1.434673 ], [ 36.3590947, 1.4343829 ], [ 36.3616092, 1.4352532 ], [ 36.3706822, 1.4362285 ], [ 36.3715658, 1.4370289 ], [ 36.3788568, 1.4388528 ], [ 36.3806922, 1.4388528 ], [ 36.3830787, 1.4393629 ], [ 36.3840941, 1.4403299 ], [ 36.3878658, 1.442699 ], [ 36.3889296, 1.442699 ], [ 36.3909122, 1.4427957 ], [ 36.39350360000001, 1.4419151 ], [ 36.398794, 1.4366553 ], [ 36.4024206, 1.4306599 ], [ 36.4102567, 1.425302 ], [ 36.4142192, 1.4201197 ], [ 36.4184744, 1.4171704 ], [ 36.4206503, 1.4140277 ], [ 36.4276134, 1.4128673 ], [ 36.4283871, 1.4056149 ], [ 36.4301279, 1.404938 ], [ 36.43352, 1.4074224 ], [ 36.4362964, 1.4074224 ], [ 36.438735, 1.4090477 ], [ 36.4432592, 1.4076665 ], [ 36.444109, 1.4076665 ], [ 36.4475839, 1.4095312 ], [ 36.4494214, 1.4085642 ], [ 36.4515974, 1.4054698 ], [ 36.4519359, 1.4031491 ], [ 36.4556592, 1.3954131 ], [ 36.4573999, 1.3953164 ], [ 36.462542, 1.4002209 ], [ 36.4646048, 1.3997162 ], [ 36.4665873, 1.3972504 ], [ 36.4674577, 1.3908199 ], [ 36.4664345, 1.3792547 ], [ 36.4638795, 1.3748646 ], [ 36.4638725, 1.3731687 ], [ 36.4623046, 1.3732326 ], [ 36.461356, 1.3715252 ], [ 36.4534679, 1.3671996 ], [ 36.4467677, 1.362366 ], [ 36.4421876, 1.3597373 ], [ 36.4376075, 1.3549877 ], [ 36.4354875, 1.351087 ], [ 36.4291264, 1.3466764 ], [ 36.425359100000016, 1.3459215 ], [ 36.4233759, 1.3422389 ], [ 36.423242, 1.3405462 ], [ 36.4222068, 1.3320587 ], [ 36.413219, 1.3258361 ], [ 36.4040607, 1.3139024 ], [ 36.4001027, 1.3143652 ], [ 36.3966318, 1.3150958 ], [ 36.3942326, 1.3114305 ], [ 36.3960229, 1.3075216 ], [ 36.3979349, 1.3052201 ], [ 36.4017103, 1.3047939 ], [ 36.4025384, 1.3049522 ], [ 36.4052542, 1.3035883 ], [ 36.4068009, 1.2972562 ], [ 36.4087982, 1.2968665 ], [ 36.4109294, 1.2970979 ], [ 36.413694, 1.2957827 ], [ 36.4146804, 1.2959167 ], [ 36.4171527, 1.2954783 ], [ 36.418675, 1.2941875 ], [ 36.4216344, 1.2928236 ], [ 36.424739899999985, 1.2939927 ], [ 36.4286979, 1.2978772 ], [ 36.4366018, 1.3008606 ], [ 36.4390254, 1.298279 ], [ 36.4381972, 1.2878066 ], [ 36.4414002, 1.2844822 ], [ 36.4453582, 1.2764453 ], [ 36.4462107, 1.2745334 ], [ 36.4520077, 1.2677263 ], [ 36.4526044, 1.2619056 ], [ 36.4541268, 1.2589709 ], [ 36.4537492, 1.2519812 ], [ 36.4501687, 1.2493631 ], [ 36.4468576, 1.2501161 ], [ 36.4461918, 1.2505707 ], [ 36.4365627, 1.2601339 ], [ 36.4305221, 1.264404 ], [ 36.4298401, 1.2644527 ], [ 36.429158099999988, 1.2645664 ], [ 36.4267873, 1.2645501 ], [ 36.4242055, 1.2647287 ], [ 36.423215, 1.2660439 ], [ 36.417044499999989, 1.2722786 ], [ 36.4100297, 1.2757207 ], [ 36.4066999, 1.271496 ], [ 36.4013908, 1.2726829 ], [ 36.3985927, 1.2749727 ], [ 36.3974897, 1.2739548 ], [ 36.3962598, 1.2675539 ], [ 36.393872799999983, 1.2671642 ], [ 36.3916806, 1.2668557 ], [ 36.39099860000001, 1.2657841 ], [ 36.3898132, 1.261449 ], [ 36.3966982, 1.2546785 ], [ 36.3978511, 1.2524541 ], [ 36.4016833, 1.2517235 ], [ 36.4063436, 1.2497264 ], [ 36.4108909, 1.2507178 ], [ 36.4151178, 1.2477617 ], [ 36.4161514, 1.2429883 ], [ 36.4213313, 1.2365263 ], [ 36.4222569, 1.2331004 ], [ 36.4209579, 1.2275313 ], [ 36.418717, 1.2236671 ], [ 36.4161839, 1.2247387 ], [ 36.415469399999985, 1.2254693 ], [ 36.4135533, 1.2293336 ], [ 36.4067333, 1.2274015 ], [ 36.3962922, 1.2182767 ], [ 36.3955615, 1.2162471 ], [ 36.3979647, 1.2060832 ], [ 36.3967306, 1.1901878 ], [ 36.3897483, 1.1841804 ], [ 36.3914695, 1.180446 ], [ 36.3915525, 1.1741366 ], [ 36.3922315, 1.1719318 ], [ 36.3946066, 1.1705749 ], [ 36.3981687, 1.1704059 ], [ 36.4017307, 1.1715928 ], [ 36.416658, 1.1795651 ], [ 36.4198811, 1.1832958 ], [ 36.4225952, 1.1828298 ], [ 36.4260722, 1.1802 ], [ 36.430568299999983, 1.1782502 ], [ 36.4326884, 1.1760454 ], [ 36.4415936, 1.1744335 ], [ 36.444477599999978, 1.1708719 ], [ 36.4423576, 1.1590839 ], [ 36.4386255, 1.1547583 ], [ 36.4370985, 1.1494157 ], [ 36.4366744, 1.1398326 ], [ 36.4356564, 1.1366099 ], [ 36.4356564, 1.135508 ], [ 36.4399825, 1.1316913 ], [ 36.4415095, 1.1277907 ], [ 36.4423576, 1.1223631 ], [ 36.4445626, 1.1182925 ], [ 36.4454956, 1.1109981 ], [ 36.4453256, 1.1081154 ], [ 36.4417635, 1.100822 ], [ 36.4402365, 1.0855564 ], [ 36.4407455, 1.0809768 ], [ 36.4424415, 1.0765672 ], [ 36.445241599999989, 1.0729625 ], [ 36.4430356, 1.0621064 ], [ 36.4442802, 1.056353 ], [ 36.4455806, 1.0521843 ], [ 36.4433756, 1.0411603 ], [ 36.4468769, 1.0334972 ], [ 36.4549948, 1.0141907 ], [ 36.4558428, 1.0088481 ], [ 36.455758799999984, 0.9981621 ], [ 36.4485487, 0.9784028 ], [ 36.44329050000001, 0.9673778 ], [ 36.4346394, 0.9524521 ], [ 36.4322991, 0.9497221 ], [ 36.4285421, 0.9431225 ], [ 36.4250062, 0.9375527 ], [ 36.406934, 0.9198052 ], [ 36.3953254, 0.909194 ], [ 36.3958013, 0.908052 ], [ 36.3945226, 0.9069301 ], [ 36.3966427, 0.9058809 ], [ 36.3959236, 0.9036265 ], [ 36.396657900000015, 0.9026552 ], [ 36.397386, 0.9022912 ], [ 36.4033609, 0.8992505 ], [ 36.4040034, 0.8976873 ], [ 36.4074085, 0.8983939 ], [ 36.410578, 0.8982226 ], [ 36.4109635, 0.8973447 ], [ 36.4124197, 0.8974089 ], [ 36.4141116, 0.8982226 ], [ 36.4160604, 0.8982012 ], [ 36.417464299999985, 0.899382 ], [ 36.4181805, 0.8998929 ], [ 36.4254684, 0.8948739 ], [ 36.4255261, 0.8943042 ], [ 36.424262600000013, 0.8939186 ], [ 36.4249827, 0.8912403 ], [ 36.4244125, 0.8901284 ], [ 36.4266611, 0.8875802 ], [ 36.4266183, 0.8869807 ], [ 36.4283101, 0.8848179 ], [ 36.4296593, 0.8840685 ], [ 36.4302803, 0.8820128 ], [ 36.4342085, 0.8789483 ], [ 36.4365334, 0.876565 ], [ 36.4387216, 0.8756077 ], [ 36.443899, 0.8716421 ], [ 36.447227199999986, 0.8687087 ], [ 36.4477639, 0.8687353 ], [ 36.4491823, 0.8699091 ], [ 36.450253, 0.8700518 ], [ 36.4574154, 0.8695522 ], [ 36.4609887, 0.867564 ], [ 36.463387899999987, 0.8665543 ], [ 36.4631262, 0.865103 ], [ 36.4643873, 0.8648651 ], [ 36.4651726, 0.8630093 ], [ 36.4711689, 0.861201 ], [ 36.4722758, 0.8580342 ], [ 36.4798355, 0.8540085 ], [ 36.480585, 0.8518672 ], [ 36.4827266, 0.8504967 ], [ 36.485789, 0.8502184 ], [ 36.4896875, 0.8472309 ], [ 36.4909629, 0.8451943 ], [ 36.4904785, 0.8439017 ], [ 36.4907955, 0.8430562 ], [ 36.4886215, 0.8386371 ], [ 36.488888, 0.838028 ], [ 36.4868653, 0.8318897 ], [ 36.4854945, 0.8232095 ], [ 36.4847191, 0.8205357 ], [ 36.4847034, 0.8171424 ], [ 36.48355789999998, 0.8136359 ], [ 36.4841956, 0.8121322 ], [ 36.61742, 0.8121755 ], [ 36.6800965, 0.8156027 ], [ 36.6817961, 0.81818 ], [ 36.7005186, 0.8200839 ], [ 36.7041695, 0.8200207 ], [ 36.7140724, 0.8171274 ], [ 36.7382933, 0.827154 ], [ 36.7399396, 0.828825 ], [ 36.7508473, 0.8465939 ], [ 36.7508479, 0.8474353 ], [ 36.7582824, 0.8575378 ], [ 36.78420890000001, 0.8671244 ], [ 36.7946107, 0.8683964 ], [ 36.8061498, 0.8615288 ], [ 36.806261, 0.8622708 ], [ 36.806798, 0.8614928 ] ] ] } },
{ "type": "Feature", "properties": { "ADM1_EN": "Taita Taveta", "pop2009": 284657.0, "ADM0_EN": "Kenya", "longitude": 38.418590780109689, "latitude": -3.4355456766598094, "area": 17171.0, "landscape": "Chyulu" }, "geometry": { "type": "Polygon", "coordinates": [ [ [ 38.9335091, -3.6979435 ], [ 38.9703132, -3.63661 ], [ 39.056271, -3.6878122 ], [ 39.0869866, -3.5705828 ], [ 39.1539433, -3.321338 ], [ 39.1873912, -3.1915282 ], [ 39.2125991, -3.096261 ], [ 39.2193436, -3.0733654 ], [ 39.220305, -3.0686463 ], [ 39.2120019, -3.0675976 ], [ 39.2064083, -3.0685589 ], [ 39.201776, -3.0657624 ], [ 39.1989792, -3.063665 ], [ 39.192162, -3.0648011 ], [ 39.1849077, -3.0659372 ], [ 39.181848699999982, -3.0639272 ], [ 39.1800133, -3.0604315 ], [ 39.1766047, -3.059645 ], [ 39.1752062, -3.0599946 ], [ 39.1717102, -3.0668111 ], [ 39.1687386, -3.0689959 ], [ 39.1650678, -3.0684715 ], [ 39.1636694, -3.061655 ], [ 39.1580757, -3.0552755 ], [ 39.1526569, -3.0473229 ], [ 39.1505593, -3.0472356 ], [ 39.1460144, -3.0511681 ], [ 39.1440042, -3.0512555 ], [ 39.1429554, -3.0491582 ], [ 39.1422562, -3.0445264 ], [ 39.13963420000001, -3.0444391 ], [ 39.1355264, -3.044876 ], [ 39.1343027, -3.0434778 ], [ 39.1343027, -3.0370982 ], [ 39.1322051, -3.0322043 ], [ 39.130719300000024, -3.0227661 ], [ 39.1280099, -3.0222418 ], [ 39.1240769, -3.0228535 ], [ 39.1126274, -3.0280096 ], [ 39.1068589, -3.0374478 ], [ 39.1036251, -3.0401569 ], [ 39.0904276, -3.0452256 ], [ 39.089116600000011, -3.047323 ], [ 39.089641, -3.0528286 ], [ 39.0884174, -3.0552756 ], [ 39.0854376, -3.0557404 ], [ 39.0814792, -3.0533657 ], [ 39.080122, -3.0451105 ], [ 39.0754285, -3.0432447 ], [ 39.0688124, -3.0434708 ], [ 39.0647127, -3.0438872 ], [ 39.0633651, -3.0455456 ], [ 39.0601912, -3.0449353 ], [ 39.053172, -3.0375507 ], [ 39.0505475, -3.0364522 ], [ 39.0485943, -3.0366353 ], [ 39.0457866, -3.0357809 ], [ 39.0441386, -3.03395 ], [ 39.043955499999988, -3.0273588 ], [ 39.0429789, -3.0256499 ], [ 39.0351663, -3.0281522 ], [ 39.0295509, -3.0263823 ], [ 39.0283912, -3.0254669 ], [ 39.0259498, -3.0250397 ], [ 39.0231421, -3.0255279 ], [ 39.0201513, -3.0275419 ], [ 39.0097751, -3.029861 ], [ 39.0045871, -3.029861 ], [ 39.0015352, -3.0289456 ], [ 38.9937836, -3.029861 ], [ 38.9911591, -3.0314478 ], [ 38.9857879, -3.0403581 ], [ 38.9811491, -3.0446302 ], [ 38.9687587, -3.0459729 ], [ 38.9539879, -3.0444471 ], [ 38.942574100000016, -3.0411515 ], [ 38.9375691, -3.0405412 ], [ 38.9349446, -3.0430435 ], [ 38.932381, -3.0460339 ], [ 38.9253618, -3.0466442 ], [ 38.9211503, -3.0485361 ], [ 38.9131546, -3.0486582 ], [ 38.9023511, -3.0446303 ], [ 38.8995434, -3.0432266 ], [ 38.894355399999981, -3.0433486 ], [ 38.8711615, -3.0572634 ], [ 38.8649358, -3.0619627 ], [ 38.8565739, -3.0645259 ], [ 38.8493716, -3.0649531 ], [ 38.8475405, -3.0639767 ], [ 38.846943, -3.0617872 ], [ 38.8445497, -3.0593384 ], [ 38.840338199999984, -3.0590333 ], [ 38.8361877, -3.0641598 ], [ 38.8331359, -3.0651362 ], [ 38.8279478, -3.0654414 ], [ 38.8207455, -3.0701407 ], [ 38.812383499999989, -3.0725819 ], [ 38.8083551, -3.0731311 ], [ 38.803350099999989, -3.0721547 ], [ 38.800176199999989, -3.0705679 ], [ 38.798589299999982, -3.0684319 ], [ 38.7979789, -3.0644649 ], [ 38.7987712, -3.0639571 ], [ 38.7989781, -3.0624206 ], [ 38.8010213, -3.0605569 ], [ 38.8045699, -3.060306 ], [ 38.8085488, -3.0620622 ], [ 38.8093374, -3.0613812 ], [ 38.8103693, -3.0596436 ], [ 38.8085382, -3.0576296 ], [ 38.7909597, -3.054151 ], [ 38.7799732, -3.0529304 ], [ 38.7739306, -3.0503671 ], [ 38.7659348, -3.0498789 ], [ 38.7567793, -3.0513436 ], [ 38.7369425, -3.0488414 ], [ 38.7289467, -3.0444473 ], [ 38.7229652, -3.0414569 ], [ 38.7055698, -3.0367576 ], [ 38.6961702, -3.039626 ], [ 38.668948, -3.0424334 ], [ 38.6643702, -3.0438371 ], [ 38.6609522, -3.0344385 ], [ 38.6593653, -3.0325466 ], [ 38.6531395, -3.0290679 ], [ 38.6459372, -3.0197304 ], [ 38.642153, -3.0171672 ], [ 38.6341572, -3.01674 ], [ 38.6291522, -3.0170451 ], [ 38.624330400000026, -3.0151532 ], [ 38.6181657, -3.0145429 ], [ 38.6083388, -3.0111863 ], [ 38.606935, -3.0086841 ], [ 38.6093456, -3.0009343 ], [ 38.6017469, -3.0037407 ], [ 38.5961315, -3.004473 ], [ 38.5913707, -3.0024591 ], [ 38.5847788, -2.9947694 ], [ 38.5809335, -2.9930605 ], [ 38.5593266, -2.99184 ], [ 38.5467531, -2.9852488 ], [ 38.5431519, -2.9844554 ], [ 38.539184600000027, -2.9805495 ], [ 38.536743099999988, -2.979451 ], [ 38.529785, -2.981465 ], [ 38.5223385, -2.9799392 ], [ 38.5185543, -2.9809767 ], [ 38.5151746, -2.9839594 ], [ 38.5145805, -2.9853619 ], [ 38.5136599, -2.9853973 ], [ 38.511962300000015, -2.9889716 ], [ 38.5065301, -2.9882393 ], [ 38.501342, -2.9884834 ], [ 38.5010721, -2.9854492 ], [ 38.4933822, -2.9863449 ], [ 38.4892019, -2.9799857 ], [ 38.4838251, -2.9846809 ], [ 38.4802406, -2.9859712 ], [ 38.4774447, -2.9880858 ], [ 38.4731482, -2.9877403 ], [ 38.4691329, -2.9874418 ], [ 38.468312, -2.9877312 ], [ 38.4685856, -2.9899725 ], [ 38.4666018, -2.9909985 ], [ 38.464329, -2.9901473 ], [ 38.4614029, -2.9934609 ], [ 38.4607986, -2.9946044 ], [ 38.460579700000011, -2.9952492 ], [ 38.4574375, -2.9926345 ], [ 38.4485536, -2.9747806 ], [ 38.437553, -2.9643042 ], [ 38.4315605, -2.9599318 ], [ 38.4200073, -2.9460047 ], [ 38.40979380000001, -2.9308122 ], [ 38.406464, -2.9289182 ], [ 38.4054964, -2.928847 ], [ 38.3982992, -2.9301711 ], [ 38.3926358, -2.9287308 ], [ 38.38537, -2.9233608 ], [ 38.3620584, -2.9005602 ], [ 38.3606656, -2.8985912 ], [ 38.3361654, -2.8635758 ], [ 38.3173831, -2.8330611 ], [ 38.3009941, -2.8168315 ], [ 38.2801006, -2.7858033 ], [ 38.2576811, -2.7595663 ], [ 38.2511898, -2.7548582 ], [ 38.2511898, -2.753572 ], [ 38.184893699999989, -2.7055197 ], [ 38.1685357, -2.6973146 ], [ 38.1675099, -2.6954792 ], [ 38.1653107, -2.6950605 ], [ 38.1639077, -2.6936388 ], [ 38.162813, -2.6817141 ], [ 38.1611966, -2.6832742 ], [ 38.1602756, -2.6860326 ], [ 38.1592499, -2.6895953 ], [ 38.157954200000013, -2.6906749 ], [ 38.158764, -2.693428 ], [ 38.1578462, -2.6947235 ], [ 38.1583861, -2.6963029 ], [ 38.1570979, -2.697739 ], [ 38.1549905, -2.6984808 ], [ 38.1539052, -2.7006074 ], [ 38.1526635, -2.7009313 ], [ 38.1513625, -2.7016795 ], [ 38.15045, -2.7009313 ], [ 38.1460985, -2.7010648 ], [ 38.1425679, -2.7004455 ], [ 38.1414882, -2.7005535 ], [ 38.1363594, -2.7003375 ], [ 38.134793800000011, -2.7002296 ], [ 38.129773, -2.7004995 ], [ 38.1251841, -2.7035764 ], [ 38.1241044, -2.7056817 ], [ 38.1241583, -2.7062755 ], [ 38.1231866, -2.7068693 ], [ 38.1207572, -2.7065994 ], [ 38.119677399999986, -2.7070312 ], [ 38.1180578, -2.7091904 ], [ 38.117302, -2.7139947 ], [ 38.1148186, -2.7152363 ], [ 38.113091, -2.7158301 ], [ 38.109025, -2.7188732 ], [ 38.1080702, -2.7191769 ], [ 38.1033463, -2.7204003 ], [ 38.1018743, -2.7209727 ], [ 38.101073, -2.7226979 ], [ 38.0337539, -2.7580955 ], [ 37.9752423, -2.7898216 ], [ 37.9385859, -2.7736847 ], [ 37.9185958, -2.8707226 ], [ 37.8956543, -2.8874971 ], [ 37.870874, -3.0807925 ], [ 37.8649699, -3.0813444 ], [ 37.8639928, -3.0813444 ], [ 37.8602118, -3.0814724 ], [ 37.8576637, -3.0810895 ], [ 37.8548427, -3.0821044 ], [ 37.8543677, -3.1728331 ], [ 37.8537137, -3.173399 ], [ 37.8529947, -3.1791295 ], [ 37.8542367, -3.1808293 ], [ 37.8536917, -3.1822452 ], [ 37.8522107, -3.1821142 ], [ 37.8515787, -3.1826152 ], [ 37.8492964, -3.1839886 ], [ 37.8495296, -3.1858619 ], [ 37.8428835, -3.1873218 ], [ 37.8408355, -3.1882807 ], [ 37.8387004, -3.1893696 ], [ 37.8334923, -3.1889996 ], [ 37.8321853, -3.1867768 ], [ 37.830725199999989, -3.1855789 ], [ 37.8303542, -3.1835961 ], [ 37.8225531, -3.1772557 ], [ 37.819546, -3.1768417 ], [ 37.8167349, -3.174075 ], [ 37.8159509, -3.1723751 ], [ 37.8155149, -3.1725711 ], [ 37.8105248, -3.1703273 ], [ 37.80873780000001, -3.1706323 ], [ 37.8087378, -3.1713512 ], [ 37.8056877, -3.1700654 ], [ 37.8043797, -3.1697174 ], [ 37.802658699999988, -3.1715032 ], [ 37.8008496, -3.1712423 ], [ 37.8012856, -3.1716782 ], [ 37.7996956, -3.1715032 ], [ 37.7987796, -3.1730291 ], [ 37.7968405, -3.174162 ], [ 37.7953375, -3.1760138 ], [ 37.793329, -3.175563 ], [ 37.7911567, -3.1732824 ], [ 37.6965035, -3.1805803 ], [ 37.7154226, -3.3106591 ], [ 37.6905332, -3.3212277 ], [ 37.6898448, -3.3493672 ], [ 37.6856971, -3.3548969 ], [ 37.6702911, -3.3567731 ], [ 37.6281223, -3.4009121 ], [ 37.5971129, -3.4379416 ], [ 37.5960266, -3.4603567 ], [ 37.598693, -3.4600605 ], [ 37.5993843, -3.459073 ], [ 37.6018532, -3.4595667 ], [ 37.6044209, -3.4589743 ], [ 37.6076798, -3.4567031 ], [ 37.6107413, -3.4584805 ], [ 37.6155803, -3.459073 ], [ 37.6182467, -3.4612454 ], [ 37.6209131, -3.4604554 ], [ 37.624665899999989, -3.4604554 ], [ 37.6272335, -3.4591717 ], [ 37.62841860000001, -3.4604554 ], [ 37.6291099, -3.4635165 ], [ 37.6334552, -3.4654914 ], [ 37.6337514, -3.472601 ], [ 37.634344, -3.4734897 ], [ 37.6337466, -3.4783947 ], [ 37.634849499999987, -3.4814824 ], [ 37.6344083, -3.4856729 ], [ 37.6320451, -3.4868071 ], [ 37.630438, -3.4867756 ], [ 37.6285789, -3.488477 ], [ 37.627633599999989, -3.4912811 ], [ 37.6270349, -3.4915332 ], [ 37.6271294, -3.4941483 ], [ 37.6253648, -3.4956921 ], [ 37.6233166, -3.4947154 ], [ 37.6221507, -3.4961647 ], [ 37.6222453, -3.4972044 ], [ 37.6224028, -3.4991264 ], [ 37.6211739, -3.5009853 ], [ 37.6088218, -3.5036004 ], [ 37.6034965, -3.5065621 ], [ 37.604883, -3.5115087 ], [ 37.6022046, -3.515384 ], [ 37.601637400000016, -3.5163608 ], [ 37.6007866, -3.5207717 ], [ 37.603874600000012, -3.5227882 ], [ 37.604946, -3.5245211 ], [ 37.6083806, -3.5247101 ], [ 37.6097356, -3.5258759 ], [ 37.6104919, -3.5257814 ], [ 37.6127291, -3.526569 ], [ 37.6149664, -3.5261909 ], [ 37.616857, -3.5271046 ], [ 37.6200711, -3.5256238 ], [ 37.6199765, -3.5249307 ], [ 37.623726300000015, -3.5240485 ], [ 37.6281063, -3.5236704 ], [ 37.6313519, -3.5210553 ], [ 37.6348495, -3.5203306 ], [ 37.637590900000014, -3.5198895 ], [ 37.642349, -3.519984 ], [ 37.6460043, -3.5162032 ], [ 37.6486512, -3.5150374 ], [ 37.6535983, -3.5128634 ], [ 37.6560246, -3.5092401 ], [ 37.6571275, -3.5087675 ], [ 37.660058, -3.5071921 ], [ 37.661539, -3.506688 ], [ 37.6636187, -3.5058373 ], [ 37.6666122, -3.5070976 ], [ 37.6692906, -3.5060579 ], [ 37.6731034, -3.506436 ], [ 37.6737336, -3.5070661 ], [ 37.6746159, -3.5102798 ], [ 37.6759078, -3.5106264 ], [ 37.676695600000023, -3.5127374 ], [ 37.6809991, -3.5147853 ], [ 37.682039, -3.5147538 ], [ 37.6824486, -3.5137771 ], [ 37.6847804, -3.515636 ], [ 37.6860408, -3.5172429 ], [ 37.6870806, -3.5178415 ], [ 37.6888137, -3.5216539 ], [ 37.6932252, -3.5271046 ], [ 37.694733400000011, -3.527489 ], [ 37.6962606, -3.5290161 ], [ 37.701521, -3.5301189 ], [ 37.7021149, -3.5292706 ], [ 37.7073754, -3.5300341 ], [ 37.7094965, -3.5308825 ], [ 37.7139933, -3.5305431 ], [ 37.7203568, -3.5319005 ], [ 37.721884, -3.5325792 ], [ 37.723279, -3.5343096 ], [ 37.727647599999983, -3.5403985 ], [ 37.7441953, -3.54384 ], [ 37.7466252, -3.5475056 ], [ 37.7488357, -3.5538999 ], [ 37.7501596, -3.5658129 ], [ 37.7545282, -3.5811674 ], [ 37.7619416, -3.6166417 ], [ 37.7857703, -3.6766038 ], [ 38.4466808, -4.140162 ], [ 38.7510304, -4.0320243 ], [ 38.8637584, -3.9911587 ], [ 38.8766806, -3.987488 ], [ 38.9283698, -3.9685472 ], [ 38.9471659, -3.9628209 ], [ 38.9953307, -3.8491761 ], [ 39.03130250000001, -3.7617076 ], [ 39.0330902, -3.7580958 ], [ 38.9335091, -3.6979435 ] ] ] } },
{ "type": "Feature", "properties": { "ADM1_EN": "Tana River", "pop2009": 240075.0, "ADM0_EN": "Kenya", "longitude": 39.420094497669844, "latitude": -1.5477943871096442, "area": 38636.0, "landscape": "Mid-Tana" }, "geometry": { "type": "Polygon", "coordinates": [ [ [ 40.1058613, -1.5150555 ], [ 40.1020779, -1.5051341 ], [ 40.0902279, -1.4850771 ], [ 40.088089, -1.4786594 ], [ 40.0858916, -1.4534163 ], [ 40.0631256, -1.3539506 ], [ 40.0615337, -1.3397925 ], [ 40.0538255, -1.3257183 ], [ 40.0504741, -1.3185974 ], [ 40.0498876, -1.3071201 ], [ 40.0534831, -1.2893841 ], [ 40.057294, -1.2756403 ], [ 40.0581637, -1.2618708 ], [ 40.0580985, -1.2527499 ], [ 40.0523174, -1.2525824 ], [ 40.0522336, -1.2472208 ], [ 40.0480443, -1.2303819 ], [ 40.0372361, -1.2000553 ], [ 40.0362307, -1.1992175 ], [ 40.0252549, -1.179279 ], [ 40.0153683, -1.162859 ], [ 40.0051466, -1.1445122 ], [ 40.0021303, -1.139737 ], [ 40.0004546, -1.1317784 ], [ 39.997187, -1.1225631 ], [ 39.9885462, -1.1062307 ], [ 39.9697057, -1.0720466 ], [ 39.9609921, -1.0541186 ], [ 39.9547082, -1.0388715 ], [ 39.9504352, -1.0316668 ], [ 39.9467487, -1.0227029 ], [ 39.939627, -1.0134876 ], [ 39.9354009, -1.0050849 ], [ 39.9369023, -0.9966136 ], [ 39.939637, -0.9848716 ], [ 39.9395834, -0.9738803 ], [ 39.937224, -0.9609588 ], [ 39.9335777, -0.9538814 ], [ 39.9299314, -0.9484662 ], [ 39.9257432, -0.9376918 ], [ 39.9218344, -0.9220334 ], [ 39.9140295, -0.9081997 ], [ 39.910174300000016, -0.9041278 ], [ 39.9061561, -0.9011416 ], [ 39.90431, -0.8937578 ], [ 39.9070792, -0.8806189 ], [ 39.9049615, -0.8699232 ], [ 39.9047986, -0.8603133 ], [ 39.9048529, -0.8486946 ], [ 39.9029525, -0.8358815 ], [ 39.8965452, -0.8259458 ], [ 39.8912782, -0.8188335 ], [ 39.8869886, -0.8055317 ], [ 39.8851424, -0.7967905 ], [ 39.878898, -0.7839231 ], [ 39.865599799999984, -0.7657784 ], [ 39.8641164, -0.7623651 ], [ 39.8689896, -0.745798 ], [ 39.8693551, -0.7400726 ], [ 39.8677713, -0.7337381 ], [ 39.8654565, -0.7292309 ], [ 39.8596086, -0.7225309 ], [ 39.8587558, -0.7205819 ], [ 39.8582685, -0.7007257 ], [ 39.8563192, -0.6925639 ], [ 39.8537608, -0.6880567 ], [ 39.849984, -0.6842804 ], [ 39.8443798, -0.6736823 ], [ 39.8426742, -0.6574806 ], [ 39.8353643, -0.6446898 ], [ 39.8286637, -0.6375026 ], [ 39.82354680000001, -0.6337263 ], [ 39.820987599999974, -0.626468 ], [ 39.8205384, -0.6205803 ], [ 39.8224347, -0.6124472 ], [ 39.8215365, -0.6021686 ], [ 39.8182429, -0.5943348 ], [ 39.8094602, -0.5835573 ], [ 39.774778499999989, -0.5628852 ], [ 39.7599583, -0.5500507 ], [ 39.755898, -0.5489824 ], [ 39.7530131, -0.5473798 ], [ 39.7511721, -0.5472842 ], [ 39.7488163, -0.5457782 ], [ 39.7354041, -0.5472566 ], [ 39.7292261, -0.5485765 ], [ 39.7267443, -0.547943 ], [ 39.7263219, -0.5469398 ], [ 39.7270548, -0.5359393 ], [ 39.7235761, -0.5275629 ], [ 39.7196686, -0.5232335 ], [ 39.7103423, -0.517211 ], [ 39.7069878, -0.5128273 ], [ 39.7023092, -0.5034042 ], [ 39.6940213, -0.4953177 ], [ 39.6862681, -0.4956519 ], [ 39.6644789, -0.5072804 ], [ 39.6537848, -0.5108893 ], [ 39.6458311, -0.5145649 ], [ 39.6437141, -0.5153127 ], [ 39.6430063, -0.5153127 ], [ 39.6412215, -0.515405 ], [ 39.6383903, -0.5137434 ], [ 39.6373748, -0.5116511 ], [ 39.6431294, -0.5043894 ], [ 39.6432833, -0.5026355 ], [ 39.6412522, -0.5003278 ], [ 39.6344206, -0.4998663 ], [ 39.6308509, -0.4959893 ], [ 39.6291276, -0.4897738 ], [ 39.630297, -0.4877122 ], [ 39.6304201, -0.4814967 ], [ 39.6285737, -0.475989 ], [ 39.6293738, -0.4719889 ], [ 39.6339898, -0.4675581 ], [ 39.63576, -0.4647653 ], [ 39.6332626, -0.461834 ], [ 39.6297868, -0.4606609 ], [ 39.6278788, -0.4546265 ], [ 39.6253838, -0.4552502 ], [ 39.6219052, -0.4579128 ], [ 39.620873599999989, -0.4581047 ], [ 39.6188344, -0.4559938 ], [ 39.6187384, -0.4552022 ], [ 39.6186185, -0.453667 ], [ 39.6216892, -0.4502847 ], [ 39.6206097, -0.4475021 ], [ 39.6134845, -0.4483417 ], [ 39.6109175, -0.4467105 ], [ 39.6101258, -0.4424646 ], [ 39.6120708, -0.4364348 ], [ 39.6135565, -0.4328695 ], [ 39.6135085, -0.4320779 ], [ 39.6128367, -0.4250255 ], [ 39.6116612, -0.421907 ], [ 39.6161714, -0.4167976 ], [ 39.617323, -0.4150225 ], [ 39.6164833, -0.4131515 ], [ 39.6137244, -0.4129356 ], [ 39.6115652, -0.4137752 ], [ 39.6066232, -0.4129836 ], [ 39.6052078, -0.4097692 ], [ 39.6066472, -0.4048996 ], [ 39.6080866, -0.4028847 ], [ 39.607534800000025, -0.4011335 ], [ 39.6040802, -0.3998382 ], [ 39.5998099, -0.3990706 ], [ 39.5988023, -0.3924979 ], [ 39.6012013, -0.3854934 ], [ 39.5979866, -0.3840062 ], [ 39.5951862, -0.3831999 ], [ 39.5941134, -0.3819842 ], [ 39.5940419, -0.3784801 ], [ 39.5969742, -0.3767638 ], [ 39.5982616, -0.3770498 ], [ 39.600335699999988, -0.3757626 ], [ 39.6006218, -0.3742608 ], [ 39.599620500000022, -0.3730451 ], [ 39.5961875, -0.3729736 ], [ 39.5946141, -0.3722585 ], [ 39.593898900000013, -0.3692549 ], [ 39.5992629, -0.3648212 ], [ 39.598333100000019, -0.3631764 ], [ 39.5956153, -0.3628903 ], [ 39.5954008, -0.3601013 ], [ 39.596116, -0.3596007 ], [ 39.5957584, -0.3580275 ], [ 39.5888924, -0.3570263 ], [ 39.587462, -0.35531 ], [ 39.5872475, -0.3524495 ], [ 39.5911811, -0.3486593 ], [ 39.5902513, -0.3457273 ], [ 39.5889639, -0.3455843 ], [ 39.5853164, -0.3506617 ], [ 39.5810252, -0.3505902 ], [ 39.5801669, -0.3485163 ], [ 39.580095399999983, -0.3434389 ], [ 39.5758757, -0.3407929 ], [ 39.5740162, -0.3399348 ], [ 39.5707978, -0.3357155 ], [ 39.5672932, -0.3352865 ], [ 39.5633188, -0.3350179 ], [ 39.5607849, -0.3337847 ], [ 39.559569, -0.3323545 ], [ 39.5597836, -0.3298515 ], [ 39.5606418, -0.3291364 ], [ 39.5600697, -0.326991 ], [ 39.5567082, -0.3265619 ], [ 39.5541335, -0.3267765 ], [ 39.5529892, -0.3259898 ], [ 39.55256, -0.3224857 ], [ 39.554062, -0.3204119 ], [ 39.5588538, -0.318624 ], [ 39.5591399, -0.3177659 ], [ 39.554062, -0.3169077 ], [ 39.5519879, -0.3142618 ], [ 39.5515587, -0.3122594 ], [ 39.5526316, -0.3085408 ], [ 39.5520594, -0.3057518 ], [ 39.5466954, -0.2988866 ], [ 39.543691499999973, -0.2950249 ], [ 39.541617400000021, -0.2950249 ], [ 39.5397579, -0.2991011 ], [ 39.5376838, -0.3003168 ], [ 39.5356812, -0.3000308 ], [ 39.5328919, -0.2963836 ], [ 39.5311754, -0.2934516 ], [ 39.5287437, -0.2913062 ], [ 39.5267412, -0.2919499 ], [ 39.5246671, -0.2965267 ], [ 39.5224499, -0.301032 ], [ 39.5175865, -0.3036064 ], [ 39.5146542, -0.3033919 ], [ 39.5130808, -0.3008889 ], [ 39.5155124, -0.2930225 ], [ 39.5180872, -0.2898045 ], [ 39.5189454, -0.2867294 ], [ 39.5197322, -0.2860858 ], [ 39.5195891, -0.2838689 ], [ 39.5178011, -0.2832253 ], [ 39.5125086, -0.2839405 ], [ 39.5109351, -0.2823672 ], [ 39.510506, -0.2800073 ], [ 39.5131523, -0.2772898 ], [ 39.5131523, -0.2765747 ], [ 39.5130807, -0.2760026 ], [ 39.5132953, -0.2752874 ], [ 39.5075022, -0.2708537 ], [ 39.5063578, -0.2672065 ], [ 39.506447200000018, -0.2628621 ], [ 39.5024242, -0.2573378 ], [ 39.501566, -0.2543342 ], [ 39.4984191, -0.2523319 ], [ 39.4949861, -0.2537621 ], [ 39.4923398, -0.2535476 ], [ 39.489622, -0.2476836 ], [ 39.4866182, -0.2468254 ], [ 39.4797522, -0.2483272 ], [ 39.47603320000001, -0.2433213 ], [ 39.4735299, -0.2338817 ], [ 39.4712413, -0.2309496 ], [ 39.4715274, -0.2263728 ], [ 39.4663064, -0.2250141 ], [ 39.4649475, -0.2256577 ], [ 39.4617291, -0.224585 ], [ 39.4588682, -0.2203658 ], [ 39.4582945, -0.2193156 ], [ 39.4586224, -0.2188291 ], [ 39.4585822, -0.2149308 ], [ 39.45722330000001, -0.2143587 ], [ 39.4555068, -0.2155744 ], [ 39.4517162, -0.215932 ], [ 39.4468528, -0.2158605 ], [ 39.4433343, -0.2127886 ], [ 39.4422755, -0.2089238 ], [ 39.4394147, -0.2050621 ], [ 39.4355526, -0.2024876 ], [ 39.4333354, -0.1999847 ], [ 39.4329778, -0.1978393 ], [ 39.4284005, -0.1926189 ], [ 39.4235371, -0.1916892 ], [ 39.4155984, -0.1926904 ], [ 39.4122369, -0.1951218 ], [ 39.412523, -0.1963376 ], [ 39.410162799999988, -0.1970527 ], [ 39.402081, -0.1911171 ], [ 39.3990437, -0.1902258 ], [ 39.396754, -0.1919811 ], [ 39.393701, -0.1969417 ], [ 39.3879766, -0.1957206 ], [ 39.3831681, -0.1919811 ], [ 39.3817179, -0.1873258 ], [ 39.3784359, -0.1838152 ], [ 39.3736274, -0.1804573 ], [ 39.372940500000013, -0.178473 ], [ 39.3649264, -0.1694676 ], [ 39.3634762, -0.169315 ], [ 39.358515, -0.1633623 ], [ 39.3566069, -0.1620649 ], [ 39.3538592, -0.1621412 ], [ 39.3511115, -0.1646597 ], [ 39.346303, -0.1721387 ], [ 39.3442422, -0.1713756 ], [ 39.3414945, -0.1692387 ], [ 39.3401207, -0.1643544 ], [ 39.333862, -0.1661097 ], [ 39.3306563, -0.1642781 ], [ 39.3320302, -0.1556543 ], [ 39.3289008, -0.1500832 ], [ 39.3214973, -0.1444357 ], [ 39.3205051, -0.1410015 ], [ 39.3195128, -0.1403909 ], [ 39.3166888, -0.141612 ], [ 39.3121856, -0.1455042 ], [ 39.3073008, -0.1441305 ], [ 39.3048584, -0.140162 ], [ 39.3002789, -0.1403146 ], [ 39.2979128, -0.1442831 ], [ 39.2970732, -0.1453515 ], [ 39.2941729, -0.1449699 ], [ 39.2924174, -0.1442068 ], [ 39.2900513, -0.1443594 ], [ 39.2879905, -0.1417646 ], [ 39.2786788, -0.143291 ], [ 39.274023, -0.146191 ], [ 39.2628795, -0.14787 ], [ 39.2596739, -0.1474121 ], [ 39.2566972, -0.144512 ], [ 39.251965, -0.1460384 ], [ 39.249141, -0.1452752 ], [ 39.2465459, -0.143062 ], [ 39.2393713, -0.1443594 ], [ 39.2348681, -0.141612 ], [ 39.2286858, -0.1377962 ], [ 39.2260144, -0.1360409 ], [ 39.2221982, -0.1319961 ], [ 39.2171607, -0.1358119 ], [ 39.2170844, -0.1381777 ], [ 39.2141077, -0.1442068 ], [ 39.2096808, -0.1450463 ], [ 39.2041854, -0.1436726 ], [ 39.1967055, -0.1448173 ], [ 39.191897, -0.1425278 ], [ 39.1858673, -0.1385593 ], [ 39.1828143, -0.1397041 ], [ 39.1779295, -0.1390172 ], [ 39.1746475, -0.134133 ], [ 39.170297, -0.1316908 ], [ 39.1657938, -0.130775 ], [ 39.1643436, -0.1300882 ], [ 39.1564821, -0.1300118 ], [ 39.1532001, -0.1329882 ], [ 39.1499182, -0.1340566 ], [ 39.1488496, -0.1367277 ], [ 39.1478574, -0.1390172 ], [ 39.1448044, -0.1407725 ], [ 39.1418277, -0.1406962 ], [ 39.1393905, -0.1399281 ], [ 39.1373064, -0.1384125 ], [ 39.1351276, -0.1354761 ], [ 39.1351276, -0.1328239 ], [ 39.1368327, -0.1290351 ], [ 39.1380643, -0.1279931 ], [ 39.1383484, -0.126004 ], [ 39.1354117, -0.1221204 ], [ 39.1316225, -0.1224045 ], [ 39.1267911, -0.1251515 ], [ 39.1236649, -0.1246779 ], [ 39.1254649, -0.1183315 ], [ 39.1252754, -0.1161529 ], [ 39.1200651, -0.1122693 ], [ 39.1170337, -0.1107537 ], [ 39.1163358, -0.1094659 ], [ 39.1111603, -0.1070596 ], [ 39.1048132, -0.0989135 ], [ 39.1048132, -0.0971138 ], [ 39.1007397, -0.0901991 ], [ 39.0903192, -0.0828108 ], [ 39.0882351, -0.0802533 ], [ 39.08473, -0.0724861 ], [ 39.0775027, -0.0670594 ], [ 39.0767725, -0.0672764 ], [ 39.0734569, -0.0632034 ], [ 39.0735516, -0.0594145 ], [ 39.072699, -0.056857 ], [ 39.069572799999989, -0.0540154 ], [ 39.0627521, -0.051079 ], [ 39.059341800000013, -0.0513632 ], [ 39.0551735, -0.0537312 ], [ 39.0485423, -0.0542048 ], [ 39.0429531, -0.0570465 ], [ 39.0382165, -0.0566676 ], [ 39.0330062, -0.0539206 ], [ 39.0294064, -0.0499423 ], [ 39.0287432, -0.0479532 ], [ 39.0239119, -0.0439749 ], [ 39.0205963, -0.0437854 ], [ 39.01927, -0.0440696 ], [ 39.0152913, -0.0533523 ], [ 39.0121651, -0.0536365 ], [ 39.009323099999989, -0.0581831 ], [ 39.0082811, -0.0578042 ], [ 39.0075232, -0.0587515 ], [ 39.0045865, -0.0580884 ], [ 39.0013656, -0.054489 ], [ 39.0007972, -0.0556256 ], [ 38.993408100000011, -0.0564781 ], [ 38.983840200000024, -0.0644348 ], [ 38.9796719, -0.0656662 ], [ 38.9776826, -0.0678448 ], [ 38.9776826, -0.0705917 ], [ 38.9786299, -0.0722967 ], [ 38.9772089, -0.0749489 ], [ 38.9778561, -0.0790275 ], [ 38.9800799, -0.0801911 ], [ 38.9847163, -0.0811282 ], [ 38.9833665, -0.085463 ], [ 38.9795772, -0.0838527 ], [ 38.9758826, -0.0845158 ], [ 38.9724723, -0.0827161 ], [ 38.9701987, -0.0835686 ], [ 38.970104, -0.0844211 ], [ 38.966441, -0.0853209 ], [ 38.9584835, -0.0923935 ], [ 38.9467367, -0.0966876 ], [ 38.9391581, -0.1045179 ], [ 38.93259, -0.1045179 ], [ 38.9251377, -0.0988346 ], [ 38.9218537, -0.0934039 ], [ 38.9194538, -0.0915094 ], [ 38.9198327, -0.0902465 ], [ 38.9178118, -0.0878469 ], [ 38.9072018, -0.0955509 ], [ 38.9051808, -0.0969402 ], [ 38.8919183, -0.1000975 ], [ 38.8853502, -0.0990872 ], [ 38.8797926, -0.1004764 ], [ 38.8748665, -0.0994661 ], [ 38.8680458, -0.0992135 ], [ 38.8610987, -0.0959298 ], [ 38.8590778, -0.0958035 ], [ 38.8569305, -0.0966876 ], [ 38.8554148, -0.0963087 ], [ 38.8499835, -0.0982031 ], [ 38.8502361, -0.0999713 ], [ 38.8466994, -0.1002238 ], [ 38.8414365, -0.0988135 ], [ 38.8394156, -0.0988135 ], [ 38.8370578, -0.0974664 ], [ 38.8328475, -0.0974664 ], [ 38.8315002, -0.0989819 ], [ 38.816962, -0.0925784 ], [ 38.8131966, -0.0908486 ], [ 38.8113648, -0.0906451 ], [ 38.80821, -0.0882029 ], [ 38.8017987, -0.0884065 ], [ 38.7940644, -0.084438 ], [ 38.7867372, -0.0842345 ], [ 38.7789011, -0.0796555 ], [ 38.772184500000016, -0.0740589 ], [ 38.7681138, -0.0732448 ], [ 38.7625167, -0.0750764 ], [ 38.758853, -0.0774168 ], [ 38.7492869, -0.0757887 ], [ 38.7454198, -0.0731431 ], [ 38.7393138, -0.0743641 ], [ 38.7342254, -0.0714132 ], [ 38.7291371, -0.0672412 ], [ 38.7277123, -0.0680553 ], [ 38.727713, -0.0663568 ], [ 38.7188859, -0.0646161 ], [ 38.7140128, -0.0638038 ], [ 38.698834, -0.0528107 ], [ 38.6974384, -0.0521632 ], [ 38.694460100000015, -0.0493065 ], [ 38.690395099999989, -0.0430142 ], [ 38.6879091, -0.0433364 ], [ 38.6865666, -0.0464178 ], [ 38.6868149, -0.0537861 ], [ 38.6847328, -0.0565035 ], [ 38.68418830000001, -0.0567431 ], [ 38.6835739, -0.056943 ], [ 38.6788355, -0.0565879 ], [ 38.6677609, -0.0516852 ], [ 38.6556954, -0.0478892 ], [ 38.64812160000001, -0.0540873 ], [ 38.6472438, -0.0544062 ], [ 38.6403959, -0.0557404 ], [ 38.6370713, -0.0546071 ], [ 38.6233506, -0.0395909 ], [ 38.6116959, -0.0312301 ], [ 38.6109328, -0.0309347 ], [ 38.6069759, -0.0311437 ], [ 38.6026401, -0.034968 ], [ 38.6019226, -0.0351527 ], [ 38.5979215, -0.034898 ], [ 38.5917999, -0.0315109 ], [ 38.5896722, -0.028593 ], [ 38.5804049, -0.0264999 ], [ 38.5653656, -0.0201409 ], [ 38.5647143, -0.0200493 ], [ 38.5640066, -0.0200082 ], [ 38.563244, -0.0200155 ], [ 38.5576347, -0.0200452 ], [ 38.5537898, -0.0182858 ], [ 38.5520543, -0.0182472 ], [ 38.5489605, -0.0207037 ], [ 38.546869099999988, -0.0265745 ], [ 38.5426728, -0.0324948 ], [ 38.5419024, -0.0428736 ], [ 38.5415047, -0.043724 ], [ 38.5402937, -0.0452675 ], [ 38.5333848, -0.0439428 ], [ 38.5325552, -0.0441326 ], [ 38.5306232, -0.0463212 ], [ 38.531343299999975, -0.0519976 ], [ 38.5323107, -0.0541741 ], [ 38.531959, -0.0564869 ], [ 38.5238752, -0.0618751 ], [ 38.5202808, -0.064644 ], [ 38.5164588, -0.0649512 ], [ 38.5104594, -0.0617107 ], [ 38.5026061, -0.0656161 ], [ 38.4964938, -0.0649953 ], [ 38.4925573, -0.0620629 ], [ 38.4884412, -0.062809 ], [ 38.4870129, -0.0665742 ], [ 38.4870138, -0.067393 ], [ 38.486754, -0.0721817 ], [ 38.4818251, -0.0771529 ], [ 38.4661658, -0.0826401 ], [ 38.456373400000018, -0.0862769 ], [ 38.452643, -0.0858106 ], [ 38.4377213, -0.0730354 ], [ 38.4350168, -0.0746206 ], [ 38.4334313, -0.0762059 ], [ 38.430074, -0.0761126 ], [ 38.4206372, -0.0719789 ], [ 38.4206607, -0.0737528 ], [ 38.565593899999989, -0.3194066 ], [ 38.5658973, -0.3185574 ], [ 38.6593316, -0.4772841 ], [ 38.6587755, -0.4776226 ], [ 38.6672955, -0.4918346 ], [ 38.6726918, -0.5030468 ], [ 38.7873274, -0.6957914 ], [ 38.8111767, -0.7361684 ], [ 38.8530056, -0.8237282 ], [ 38.8547712, -0.8257878 ], [ 38.9627075, -1.0515747 ], [ 38.9650879, -1.0861817 ], [ 38.9740998, -1.2624518 ], [ 38.977827, -1.2634002 ], [ 38.9902622, -1.5315402 ], [ 39.0013787, -1.6823012 ], [ 38.9986646, -1.6842596 ], [ 38.99824490000001, -1.687449 ], [ 38.994159800000013, -1.6900789 ], [ 38.9931245, -1.6902747 ], [ 38.9920333, -1.6891836 ], [ 38.9909141, -1.6905545 ], [ 38.9908021, -1.6927087 ], [ 38.988116, -1.6942475 ], [ 38.9820723, -1.6924569 ], [ 38.9813448, -1.6950588 ], [ 38.9787426, -1.6964577 ], [ 38.9747415, -1.6964577 ], [ 38.9687257, -1.700934 ], [ 38.966263399999988, -1.7012697 ], [ 38.9622623, -1.7052145 ], [ 38.9601078, -1.7063616 ], [ 39.0171046, -1.916709 ], [ 38.9720555, -2.0067973 ], [ 38.9705593, -2.0067136 ], [ 38.9349439, -2.0955593 ], [ 38.9337842, -2.0960476 ], [ 38.8001757, -2.3540197 ], [ 38.7985888, -2.3560337 ], [ 38.79395, -2.3560947 ], [ 38.7917527, -2.3584138 ], [ 38.7903489, -2.3662867 ], [ 38.7869308, -2.3684227 ], [ 38.7717328, -2.3682396 ], [ 38.7631877, -2.3715352 ], [ 38.7595865, -2.3759294 ], [ 38.745731299999981, -2.3786147 ], [ 38.741947, -2.3781875 ], [ 38.739932800000012, -2.3800183 ], [ 38.738345900000013, -2.3831919 ], [ 38.7367589, -2.3845345 ], [ 38.7357824, -2.3922243 ], [ 38.7265659, -2.3988155 ], [ 38.7245517, -2.401989 ], [ 38.7197298, -2.403942 ], [ 38.716739, -2.4094957 ], [ 38.7061797, -2.4148052 ], [ 38.7053863, -2.4182229 ], [ 38.699954, -2.4220067 ], [ 38.6907375, -2.4251192 ], [ 38.6867702, -2.4274384 ], [ 38.6763329, -2.4290862 ], [ 38.669557899999987, -2.4317104 ], [ 38.6455706, -2.4326869 ], [ 38.6409318, -2.4303068 ], [ 38.6381852, -2.4300016 ], [ 38.6355606, -2.4311002 ], [ 38.6341568, -2.4268891 ], [ 38.6321426, -2.4262178 ], [ 38.6265272, -2.4260347 ], [ 38.6249403, -2.4268891 ], [ 39.0009858, -2.9423446 ], [ 39.054759, -3.0193639 ], [ 39.066539, -3.0416397 ], [ 39.0647127, -3.0438872 ], [ 39.0688124, -3.0434708 ], [ 39.0754285, -3.0432447 ], [ 39.080122, -3.0451105 ], [ 39.0814792, -3.0533657 ], [ 39.0854376, -3.0557404 ], [ 39.0884174, -3.0552756 ], [ 39.0898158, -3.0511682 ], [ 39.089116600000011, -3.047323 ], [ 39.0904276, -3.0452256 ], [ 39.1036251, -3.0401569 ], [ 39.1080825, -3.0357 ], [ 39.1126274, -3.0280096 ], [ 39.1187454, -3.0251257 ], [ 39.1259123, -3.0224166 ], [ 39.1297579, -3.0222418 ], [ 39.1311563, -3.0234653 ], [ 39.1327295, -3.0337774 ], [ 39.1347397, -3.0391082 ], [ 39.1343027, -3.0407686 ], [ 39.1347397, -3.0444391 ], [ 39.137624, -3.044876 ], [ 39.1416444, -3.0440895 ], [ 39.1429554, -3.0472356 ], [ 39.1432176, -3.050469 ], [ 39.1448782, -3.0512555 ], [ 39.1470632, -3.0502942 ], [ 39.1505593, -3.0472356 ], [ 39.1526569, -3.0473229 ], [ 39.1580757, -3.0552755 ], [ 39.1641938, -3.0625289 ], [ 39.1650678, -3.0684715 ], [ 39.1687386, -3.0689959 ], [ 39.1717102, -3.0668111 ], [ 39.1752062, -3.0599946 ], [ 39.1788771, -3.0597324 ], [ 39.1807125, -3.0611307 ], [ 39.1824605, -3.0648011 ], [ 39.1849077, -3.0659372 ], [ 39.192162, -3.0648011 ], [ 39.1989792, -3.063665 ], [ 39.2050099, -3.0679471 ], [ 39.2083311, -3.0686463 ], [ 39.2120019, -3.0675976 ], [ 39.220305, -3.0686463 ], [ 39.2203076, -3.0701081 ], [ 39.2211377, -3.0702302 ], [ 39.2285834, -3.0633922 ], [ 39.2688131, -3.0173687 ], [ 39.2683814, -3.0097115 ], [ 39.2693737, -3.0124974 ], [ 39.435792, -2.825978 ], [ 39.54038220000001, -2.7099498 ], [ 39.6437282, -2.5936556 ], [ 39.800562, -2.4144384 ], [ 39.8460612, -2.3633213 ], [ 39.8929018, -2.3090893 ], [ 40.1954191, -2.7397662 ], [ 40.2019583, -2.7255506 ], [ 40.2232817, -2.6937078 ], [ 40.2431835, -2.6706785 ], [ 40.2485854, -2.6661295 ], [ 40.2508599, -2.668404 ], [ 40.2556932, -2.6649923 ], [ 40.2613794, -2.6590217 ], [ 40.2986242, -2.6251887 ], [ 40.328255, -2.604668 ], [ 40.328116099999988, -2.599206 ], [ 40.336114599999988, -2.5949073 ], [ 40.3377273, -2.5946923 ], [ 40.3395551, -2.5922197 ], [ 40.3390175, -2.5911446 ], [ 40.3414904, -2.5910371 ], [ 40.3420692, -2.5921261 ], [ 40.3433384, -2.5914915 ], [ 40.3440216, -2.58925 ], [ 40.3479856, -2.5847632 ], [ 40.350817, -2.5774015 ], [ 40.3511367, -2.5758071 ], [ 40.3468662, -2.5719014 ], [ 40.3437482, -2.5717939 ], [ 40.3415979, -2.5678162 ], [ 40.3404152, -2.5619035 ], [ 40.3412786, -2.5607193 ], [ 40.3424714, -2.5628702 ], [ 40.3454005, -2.562321 ], [ 40.3451564, -2.5560966 ], [ 40.3438139, -2.5554253 ], [ 40.3427765, -2.5557304 ], [ 40.3448234, -2.5538407 ], [ 40.3468662, -2.5535182 ], [ 40.3468662, -2.5517981 ], [ 40.3456835, -2.5508306 ], [ 40.3458985, -2.549648 ], [ 40.3485864, -2.548573 ], [ 40.3500917, -2.5493255 ], [ 40.3511668, -2.550723 ], [ 40.352027, -2.550293 ], [ 40.352027, -2.549003 ], [ 40.3539623, -2.5474979 ], [ 40.3538547, -2.5462079 ], [ 40.3564351, -2.5459929 ], [ 40.3560051, -2.5491105 ], [ 40.3584779, -2.5499705 ], [ 40.3619185, -2.5484655 ], [ 40.3619185, -2.5454553 ], [ 40.3605207, -2.5433053 ], [ 40.3626711, -2.5397576 ], [ 40.364283800000024, -2.5386826 ], [ 40.367724299999971, -2.5384676 ], [ 40.365789, -2.53707 ], [ 40.3668642, -2.536425 ], [ 40.3678318, -2.53664 ], [ 40.3664341, -2.5325548 ], [ 40.365359, -2.5325548 ], [ 40.3647139, -2.5316948 ], [ 40.3623485, -2.5306198 ], [ 40.362563499999972, -2.5295447 ], [ 40.3676168, -2.5306197 ], [ 40.3692295, -2.536855 ], [ 40.371164799999988, -2.5349199 ], [ 40.3749279, -2.5333073 ], [ 40.3763, -2.5334924 ], [ 40.3773018, -2.5352784 ], [ 40.3757337, -2.5363239 ], [ 40.3748189, -2.5345814 ], [ 40.3739041, -2.5352348 ], [ 40.373947699999988, -2.5369773 ], [ 40.3715954, -2.538197 ], [ 40.369199599999973, -2.5382405 ], [ 40.3715954, -2.5456458 ], [ 40.3716523, -2.5466134 ], [ 40.37311840000001, -2.5465709 ], [ 40.3733152, -2.5493255 ], [ 40.375573, -2.5497555 ], [ 40.37621810000001, -2.5517981 ], [ 40.3776158, -2.5531956 ], [ 40.3812714, -2.5544857 ], [ 40.3815939, -2.5582483 ], [ 40.3794436, -2.5588934 ], [ 40.3770782, -2.563086 ], [ 40.3801962, -2.5627635 ], [ 40.3808413, -2.5621185 ], [ 40.3844969, -2.5586783 ], [ 40.3877224, -2.5586783 ], [ 40.389765200000014, -2.5600759 ], [ 40.3909478, -2.562656 ], [ 40.3909478, -2.5658811 ], [ 40.3896576, -2.5643761 ], [ 40.3891201, -2.5644836 ], [ 40.3891201, -2.5670637 ], [ 40.3880449, -2.5660961 ], [ 40.3862171, -2.5673862 ], [ 40.3842818, -2.5676012 ], [ 40.3836367, -2.5681387 ], [ 40.3798737, -2.5669562 ], [ 40.3783684, -2.5663111 ], [ 40.375143, -2.5682462 ], [ 40.375143, -2.5707188 ], [ 40.3740678, -2.5721164 ], [ 40.3739603, -2.575449 ], [ 40.37181, -2.576094 ], [ 40.3690145, -2.5787816 ], [ 40.3672943, -2.5792117 ], [ 40.3663266, -2.5802867 ], [ 40.3654665, -2.5801792 ], [ 40.3649289, -2.5810392 ], [ 40.3599832, -2.5831893 ], [ 40.358478, -2.5831893 ], [ 40.3538548, -2.586952 ], [ 40.3526721, -2.5864145 ], [ 40.3476188, -2.5909296 ], [ 40.3467587, -2.5912521 ], [ 40.346670300000014, -2.5926021 ], [ 40.3487328, -2.5926021 ], [ 40.3739595, -2.5765776 ], [ 40.4061672, -2.5611877 ], [ 40.4373807, -2.5476661 ], [ 40.438161300000012, -2.5503782 ], [ 40.4648138, -2.5413396 ], [ 40.487366, -2.535842 ], [ 40.5070293, -2.5338852 ], [ 40.5158824, -2.5332329 ], [ 40.522033, -2.5333261 ], [ 40.5236172, -2.5332329 ], [ 40.5238968, -2.531742 ], [ 40.5206756, -2.5297044 ], [ 40.519645, -2.5306204 ], [ 40.5169349, -2.5308494 ], [ 40.5159568, -2.5284818 ], [ 40.5145683, -2.5290555 ], [ 40.512049, -2.5253152 ], [ 40.5102931, -2.5253152 ], [ 40.5059416, -2.5260404 ], [ 40.5003687, -2.5230252 ], [ 40.4935361, -2.5216894 ], [ 40.49200920000002, -2.52459 ], [ 40.490406, -2.5248954 ], [ 40.4900625, -2.5242847 ], [ 40.489299100000011, -2.5240939 ], [ 40.4886502, -2.5248572 ], [ 40.4890701, -2.5265365 ], [ 40.483917, -2.5295517 ], [ 40.4827337, -2.5304677 ], [ 40.48193210000003, -2.5313837 ], [ 40.4812832, -2.5309639 ], [ 40.4795655, -2.5317654 ], [ 40.47796230000003, -2.5337501 ], [ 40.4722691, -2.5354693 ], [ 40.4708712, -2.5349102 ], [ 40.4704053, -2.5357488 ], [ 40.4672368, -2.5355625 ], [ 40.4664913, -2.5360284 ], [ 40.4642547, -2.5375192 ], [ 40.4619249, -2.5377056 ], [ 40.4615522, -2.5385442 ], [ 40.4583213, -2.5389743 ], [ 40.455215200000012, -2.5408737 ], [ 40.452699, -2.5413397 ], [ 40.4513944, -2.5404078 ], [ 40.449344200000013, -2.5412465 ], [ 40.4486918, -2.5381715 ], [ 40.4477599, -2.5376124 ], [ 40.44608250000001, -2.5382647 ], [ 40.4446846, -2.5354693 ], [ 40.4433799, -2.5336057 ], [ 40.444405, -2.5295057 ], [ 40.449251, -2.526524 ], [ 40.4551972, -2.5267999 ], [ 40.456666199999987, -2.5256924 ], [ 40.4566662, -2.5200018 ], [ 40.4580109, -2.5176718 ], [ 40.4588496, -2.5137582 ], [ 40.4610862, -2.5123605 ], [ 40.4616453, -2.5112424 ], [ 40.4610862, -2.5102174 ], [ 40.463509099999989, -2.5088197 ], [ 40.4662117, -2.5081674 ], [ 40.46695720000001, -2.5093788 ], [ 40.4681687, -2.5086333 ], [ 40.46863459999998, -2.5107765 ], [ 40.4750648, -2.5108696 ], [ 40.4736669, -2.5098447 ], [ 40.4717099, -2.5095651 ], [ 40.4713372, -2.5089128 ], [ 40.4702189, -2.5088197 ], [ 40.466584399999988, -2.5055584 ], [ 40.4644951, -2.5047376 ], [ 40.465277, -2.5032405 ], [ 40.4716513, -2.5031911 ], [ 40.473792, -2.5020948 ], [ 40.4738965, -2.5015727 ], [ 40.4760358, -2.501956 ], [ 40.4778848, -2.5020753 ], [ 40.478183, -2.5014789 ], [ 40.4787197, -2.5002266 ], [ 40.4802108, -2.499332 ], [ 40.4812844, -2.5016578 ], [ 40.4841472, -2.5025523 ], [ 40.4849225, -2.5020156 ], [ 40.4823579, -2.4999284 ], [ 40.4852804, -2.4998091 ], [ 40.483014, -2.4982586 ], [ 40.4859364, -2.4958135 ], [ 40.4882625, -2.4946805 ], [ 40.48534, -2.4931299 ], [ 40.4814036, -2.4908042 ], [ 40.4802108, -2.4903271 ], [ 40.4811651, -2.4897307 ], [ 40.4808669, -2.4880609 ], [ 40.4831333, -2.4875838 ], [ 40.4847436, -2.4888958 ], [ 40.4849225, -2.4902674 ], [ 40.4910657, -2.4951575 ], [ 40.4916024, -2.4946208 ], [ 40.490171, -2.4900885 ], [ 40.4894553, -2.4876435 ], [ 40.4908271, -2.4856755 ], [ 40.4913639, -2.4859737 ], [ 40.4908271, -2.487882 ], [ 40.4926164, -2.4919372 ], [ 40.4929146, -2.4940245 ], [ 40.4945845, -2.4950383 ], [ 40.4939881, -2.4968273 ], [ 40.495181, -2.4996898 ], [ 40.4951213, -2.500644 ], [ 40.4944653, -2.5027909 ], [ 40.494823099999984, -2.5036258 ], [ 40.5000716, -2.5030294 ], [ 40.499713799999988, -2.5013 ], [ 40.4982227, -2.4992724 ], [ 40.4987595, -2.4982586 ], [ 40.5004891, -2.498676 ], [ 40.4997734, -2.4957539 ], [ 40.4988191, -2.495575 ], [ 40.5004295, -2.4915794 ], [ 40.5026362, -2.4922354 ], [ 40.503173, -2.4911023 ], [ 40.5026959, -2.4902078 ], [ 40.5025766, -2.4893729 ], [ 40.50370980000001, -2.4886573 ], [ 40.5054991, -2.4908638 ], [ 40.5074076, -2.4921161 ], [ 40.5052605, -2.4917583 ], [ 40.5045448, -2.4924143 ], [ 40.5075865, -2.4965888 ], [ 40.5059762, -2.4970062 ], [ 40.5054394, -2.49802 ], [ 40.5074673, -2.5007633 ], [ 40.5076462, -2.5021349 ], [ 40.5086005, -2.5025523 ], [ 40.5099722, -2.5011211 ], [ 40.5140875, -2.5007036 ], [ 40.5148629, -2.4988549 ], [ 40.5207078, -2.4974237 ], [ 40.5262123, -2.5017287 ], [ 40.5271492, -2.5042221 ], [ 40.5279841, -2.5041625 ], [ 40.5278361, -2.5069431 ], [ 40.5255985, -2.5069057 ], [ 40.5254195, -2.5181172 ], [ 40.5241074, -2.5143005 ], [ 40.5241074, -2.5121536 ], [ 40.521900699999989, -2.5108416 ], [ 40.52148320000002, -2.5144794 ], [ 40.521781399999988, -2.5176401 ], [ 40.519336, -2.5171034 ], [ 40.5171889, -2.5179383 ], [ 40.5165329, -2.5168648 ], [ 40.5167714, -2.515851 ], [ 40.5139086, -2.5166263 ], [ 40.5132525, -2.5176401 ], [ 40.510866900000011, -2.5167456 ], [ 40.5098529, -2.5191906 ], [ 40.5141472, -2.52092 ], [ 40.5156445, -2.5212747 ], [ 40.5153058, -2.5220987 ], [ 40.5172402, -2.5231015 ], [ 40.5227368, -2.5243228 ], [ 40.525218, -2.526422 ], [ 40.5250653, -2.5277197 ], [ 40.5272233, -2.5276575 ], [ 40.540766, -2.5346024 ], [ 40.555090100000015, -2.5397244 ], [ 40.560993300000014, -2.5405925 ], [ 40.56550750000001, -2.5425892 ], [ 40.5751437, -2.5505759 ], [ 40.5905094, -2.5536143 ], [ 40.5922457, -2.5544824 ], [ 40.597628, -2.5546561 ], [ 40.6017082, -2.5576945 ], [ 40.6083059, -2.5587362 ], [ 40.6107367, -2.560212 ], [ 40.6130806, -2.5594307 ], [ 40.621675, -2.5532671 ], [ 40.6256684, -2.5517044 ], [ 40.6438989, -2.5392903 ], [ 40.6502362, -2.5341684 ], [ 40.6715848, -2.5073977 ], [ 40.6755235, -2.5080541 ], [ 40.6828624, -2.4989688 ], [ 40.7055779, -2.4818467 ], [ 40.7377292, -2.461929 ], [ 40.7475909, -2.4584572 ], [ 40.7408087, -2.4552573 ], [ 40.6674769, -2.4671379 ], [ 40.4423607, -2.3995416 ], [ 40.4426328, -2.4008702 ], [ 40.4453647, -2.4023165 ], [ 40.4450433, -2.4068161 ], [ 40.4416686, -2.4103515 ], [ 40.4358834, -2.4134048 ], [ 40.433955, -2.4167795 ], [ 40.432348, -2.4177437 ], [ 40.4312231, -2.4162974 ], [ 40.4304196, -2.4177437 ], [ 40.4264021, -2.4180651 ], [ 40.4251165, -2.4220826 ], [ 40.4231881, -2.4216005 ], [ 40.4112963, -2.4248145 ], [ 40.4093679, -2.4259394 ], [ 40.408243, -2.4296355 ], [ 40.4064753, -2.4302783 ], [ 40.400529400000011, -2.4273857 ], [ 40.3984403, -2.4248145 ], [ 40.3900839, -2.4269036 ], [ 40.3879948, -2.4254573 ], [ 40.387352, -2.4265822 ], [ 40.3860664, -2.4270643 ], [ 40.3844594, -2.4265822 ], [ 40.3828524, -2.4249752 ], [ 40.3810847, -2.4214398 ], [ 40.3794777, -2.4216005 ], [ 40.3785135, -2.4228861 ], [ 40.3735318, -2.4232075 ], [ 40.3711213, -2.4219219 ], [ 40.3706392, -2.4232075 ], [ 40.3685501, -2.4217612 ], [ 40.3672645, -2.4174223 ], [ 40.363247, -2.4164581 ], [ 40.360836500000019, -2.4146904 ], [ 40.3569797, -2.4145297 ], [ 40.3545692, -2.4129227 ], [ 40.3494268, -2.4061733 ], [ 40.347819800000011, -2.4044056 ], [ 40.3486233, -2.4027986 ], [ 40.3489092, -2.3987985 ], [ 40.250078, -2.3971299 ], [ 40.249681, -2.2501297 ], [ 40.2485584, -2.236998 ], [ 40.2132446, -2.0385385 ], [ 40.2139578, -2.0381951 ], [ 40.2130875, -2.0379429 ], [ 40.2126183, -2.034346 ], [ 40.203768, -2.0108496 ], [ 40.1963151, -2.0008393 ], [ 40.1963151, -1.9967535 ], [ 40.1984782, -1.9895431 ], [ 40.1987186, -1.9840152 ], [ 40.1963826, -1.9777716 ], [ 40.190401, -1.9695326 ], [ 40.1863726, -1.9606833 ], [ 40.18661680000001, -1.9591575 ], [ 40.1858462, -1.9594112 ], [ 40.185577, -1.955778 ], [ 40.1882771, -1.9478208 ], [ 40.1901245, -1.9368795 ], [ 40.1902666, -1.9320483 ], [ 40.1887419, -1.9284906 ], [ 40.1878887, -1.9178945 ], [ 40.1863896, -1.9036904 ], [ 40.1871661, -1.8833588 ], [ 40.1875222, -1.8744667 ], [ 40.1869607, -1.8712851 ], [ 40.1846763, -1.8612209 ], [ 40.17868, -1.8494437 ], [ 40.1726323, -1.8421629 ], [ 40.1672071, -1.8357557 ], [ 40.1643315, -1.8308856 ], [ 40.1621186, -1.8238906 ], [ 40.1613333, -1.8114709 ], [ 40.1611645, -1.8039593 ], [ 40.1591935, -1.7806448 ], [ 40.1583436, -1.7690187 ], [ 40.1593689, -1.7579128 ], [ 40.1650079, -1.7433897 ], [ 40.1689381, -1.7363845 ], [ 40.1705641, -1.7297049 ], [ 40.170563, -1.7270011 ], [ 40.167938, -1.7186109 ], [ 40.15942050000001, -1.7010601 ], [ 40.1562808, -1.6925793 ], [ 40.15508830000001, -1.6793777 ], [ 40.1566348, -1.6704327 ], [ 40.1566348, -1.6666737 ], [ 40.1565867, -1.6623707 ], [ 40.1506525, -1.6512923 ], [ 40.142039100000019, -1.6323172 ], [ 40.134901599999978, -1.6119221 ], [ 40.1307683, -1.5998764 ], [ 40.1281934, -1.5878832 ], [ 40.1223917, -1.5757157 ], [ 40.1151894, -1.5569332 ], [ 40.1101132, -1.5396449 ], [ 40.1101858, -1.5352297 ], [ 40.1058613, -1.5150555 ] ] ] } },
{ "type": "Feature", "properties": { "ADM1_EN": "Tharaka-Nithi", "pop2009": 365330.0, "ADM0_EN": "Kenya", "longitude": 37.87272416420268, "latitude": -0.20384673177016749, "area": 2652.0, "landscape": "Mid-Tana" }, "geometry": { "type": "Polygon", "coordinates": [ [ [ 37.948403299999988, 0.0626592 ], [ 37.946108, 0.0646638 ], [ 37.9303454, 0.0571389 ], [ 37.9271715, 0.0639743 ], [ 37.9177989, 0.0647688 ], [ 37.9014995, 0.0359669 ], [ 37.8982618, 0.0310251 ], [ 37.9099313, 0.0261683 ], [ 37.9111742, 0.0255087 ], [ 37.906115, 0.0158242 ], [ 37.9081544, 0.015582 ], [ 37.9112334, 0.0166421 ], [ 37.9118384, 0.0166616 ], [ 37.9156239, 0.0174675 ], [ 37.9185776, 0.018105 ], [ 37.9191358, 0.0177212 ], [ 37.91991, 0.0177683 ], [ 37.9242058, 0.016523 ], [ 37.9247104, 0.0167154 ], [ 37.9275335, 0.0165068 ], [ 37.928812, 0.0172034 ], [ 37.9295654, 0.0167875 ], [ 37.9361822, 0.0151487 ], [ 37.9382641, 0.0157649 ], [ 37.9394648, 0.0158036 ], [ 37.9373208, 0.0101582 ], [ 37.938794699999988, 0.0057797 ], [ 37.9407175, 0.004139 ], [ 37.9410888, 0.0023495 ], [ 37.9448019, 0.0015567 ], [ 37.9462092, 0.0015743 ], [ 37.9475135, 0.001636 ], [ 37.9504389, 0.0044618 ], [ 37.9528018, 0.0045637 ], [ 37.9536119, 0.0054018 ], [ 37.954332, 0.0048581 ], [ 37.951525, -0.000229 ], [ 37.9463369, -0.0010224 ], [ 37.9363269, -0.000229 ], [ 37.9306322, 0.0021512 ], [ 37.9075178, 0.0005644 ], [ 37.8997057, -0.0022718 ], [ 37.8982845, -0.0037402 ], [ 37.8969623, -0.0079127 ], [ 37.8972403, -0.0118657 ], [ 37.8969536, -0.0131058 ], [ 37.8946801, -0.0224988 ], [ 37.8940591, -0.0225323 ], [ 37.8941682, -0.0258974 ], [ 37.8949487, -0.0268289 ], [ 37.8952581, -0.0283168 ], [ 37.8910444, -0.0336599 ], [ 37.8878903, -0.0408186 ], [ 37.8855439, -0.0398161 ], [ 37.8840579, -0.0525251 ], [ 37.8834926, -0.054015 ], [ 37.8857089, -0.055841 ], [ 37.8881692, -0.0563182 ], [ 37.8887297, -0.0569131 ], [ 37.889797, -0.0581296 ], [ 37.8937267, -0.059507 ], [ 37.9001307, -0.0610703 ], [ 37.9010177, -0.0616334 ], [ 37.9021838, -0.0617977 ], [ 37.9024378, -0.0628715 ], [ 37.9008095, -0.0646584 ], [ 37.8996209, -0.0645715 ], [ 37.897976, -0.0663078 ], [ 37.896254, -0.0651896 ], [ 37.8950963, -0.0662513 ], [ 37.8918119, -0.0637958 ], [ 37.8910005, -0.0634902 ], [ 37.8906956, -0.0650096 ], [ 37.8863576, -0.0656257 ], [ 37.8856648, -0.0666594 ], [ 37.8854019, -0.0729515 ], [ 37.8890545, -0.0718726 ], [ 37.8925442, -0.0726343 ], [ 37.8938013, -0.073117 ], [ 37.89431, -0.0737241 ], [ 37.8926193, -0.0744753 ], [ 37.8923573, -0.0750122 ], [ 37.8907892, -0.0766098 ], [ 37.8898797, -0.0777742 ], [ 37.8891877, -0.0780015 ], [ 37.8875535, -0.0787643 ], [ 37.8836376, -0.0818776 ], [ 37.8791246, -0.0827532 ], [ 37.8763951, -0.0861341 ], [ 37.8784461, -0.0885017 ], [ 37.8673603, -0.0922392 ], [ 37.86880810000001, -0.0940689 ], [ 37.8689471, -0.096663 ], [ 37.8703887, -0.101559 ], [ 37.8693813, -0.1021679 ], [ 37.8652516, -0.101436 ], [ 37.8645694, -0.1014287 ], [ 37.8644162, -0.1008892 ], [ 37.8634804, -0.1027425 ], [ 37.8635926, -0.1039992 ], [ 37.8564333, -0.1091605 ], [ 37.8565455, -0.1115392 ], [ 37.8558521, -0.1120812 ], [ 37.8542512, -0.1147642 ], [ 37.8526968, -0.1150279 ], [ 37.8530413, -0.117455 ], [ 37.8542109, -0.118272 ], [ 37.85483570000001, -0.1192333 ], [ 37.8579761, -0.1213559 ], [ 37.8577598, -0.1219006 ], [ 37.8583366, -0.1234546 ], [ 37.8574153, -0.1245119 ], [ 37.8592498, -0.1270031 ], [ 37.8598106, -0.1282046 ], [ 37.8425318, -0.1396588 ], [ 37.8400683, -0.1408722 ], [ 37.8148768, -0.1549532 ], [ 37.8147031, -0.154251 ], [ 37.7969684, -0.1652616 ], [ 37.791189, -0.1704593 ], [ 37.788476, -0.170222 ], [ 37.787877200000011, -0.1685029 ], [ 37.7861916, -0.1675628 ], [ 37.7849175, -0.1657667 ], [ 37.782803, -0.1659917 ], [ 37.7832136, -0.1653735 ], [ 37.7818746, -0.1644537 ], [ 37.7812613, -0.1642461 ], [ 37.7781528, -0.1618094 ], [ 37.77317510000001, -0.1616389 ], [ 37.7714742, -0.1599388 ], [ 37.7703625, -0.1590194 ], [ 37.769318, -0.1585129 ], [ 37.7664265, -0.1605248 ], [ 37.764364, -0.1625321 ], [ 37.7628678, -0.1659516 ], [ 37.7597405, -0.1716315 ], [ 37.7583689, -0.1749304 ], [ 37.756591500000013, -0.17587 ], [ 37.7555968, -0.1807257 ], [ 37.7549664, -0.1814763 ], [ 37.7537485, -0.1842923 ], [ 37.7527962, -0.1863743 ], [ 37.7521707, -0.1867448 ], [ 37.7504721, -0.1883807 ], [ 37.7493749, -0.1887367 ], [ 37.7495626, -0.1904255 ], [ 37.7468391, -0.1919459 ], [ 37.7445149, -0.1908393 ], [ 37.7416999, -0.193678 ], [ 37.7399195, -0.19401 ], [ 37.7385, -0.1949531 ], [ 37.7372633, -0.1954101 ], [ 37.7374654, -0.1962425 ], [ 37.733769800000019, -0.2002216 ], [ 37.7312099, -0.2019681 ], [ 37.7306084, -0.2021509 ], [ 37.727475, -0.2016473 ], [ 37.7261242, -0.2028291 ], [ 37.723592900000014, -0.2031742 ], [ 37.7234779, -0.2047273 ], [ 37.7181278, -0.2044397 ], [ 37.7109368, -0.2042096 ], [ 37.708693299999986, -0.2037494 ], [ 37.7057594, -0.2047848 ], [ 37.6959796, -0.2057052 ], [ 37.693621, -0.206568 ], [ 37.6880983, -0.2058202 ], [ 37.6841865, -0.209444 ], [ 37.6739465, -0.2087538 ], [ 37.6718755, -0.209329 ], [ 37.666870599999989, -0.2081786 ], [ 37.6655475, -0.2092715 ], [ 37.6659502, -0.2165767 ], [ 37.6604275, -0.2158289 ], [ 37.6588168, -0.2181873 ], [ 37.6549624, -0.2143334 ], [ 37.6467359, -0.2153687 ], [ 37.6413283, -0.2131829 ], [ 37.6401202, -0.2101343 ], [ 37.6390272, -0.2090989 ], [ 37.6335621, -0.2099042 ], [ 37.6319513, -0.2085237 ], [ 37.6293626, -0.2088113 ], [ 37.6274642, -0.2067405 ], [ 37.6257959, -0.2070857 ], [ 37.6244727, -0.2059928 ], [ 37.6230345, -0.2072007 ], [ 37.6214813, -0.2027716 ], [ 37.6171092, -0.2004132 ], [ 37.6163038, -0.1985725 ], [ 37.6126795, -0.1956964 ], [ 37.6051434, -0.1965017 ], [ 37.602036900000016, -0.1956389 ], [ 37.598125, -0.1928204 ], [ 37.5930626, -0.1911523 ], [ 37.5917395, -0.1902319 ], [ 37.5895031, -0.1851782 ], [ 37.586466699999981, -0.1852692 ], [ 37.5815807, -0.1833096 ], [ 37.5795887, -0.1837272 ], [ 37.5770506, -0.1820888 ], [ 37.5724402, -0.1844339 ], [ 37.5695327, -0.183936 ], [ 37.5662396, -0.1862971 ], [ 37.564087, -0.1867308 ], [ 37.5606975, -0.1855583 ], [ 37.553549, -0.1834862 ], [ 37.5513161, -0.1830365 ], [ 37.5501916, -0.1824422 ], [ 37.5491153, -0.182908 ], [ 37.5423524, -0.183952 ], [ 37.533967, -0.1840002 ], [ 37.531461, -0.1844821 ], [ 37.527894800000013, -0.1864096 ], [ 37.5224652, -0.1866023 ], [ 37.5210998, -0.1859277 ], [ 37.5142565, -0.1866023 ], [ 37.50840920000001, -0.1866666 ], [ 37.5007788, -0.1860401 ], [ 37.30916710000001, -0.1527972 ], [ 37.5545232, -0.3640557 ], [ 37.5587039, -0.3656596 ], [ 37.5626512, -0.3685503 ], [ 37.5634344, -0.3685025 ], [ 37.567461900000012, -0.3664893 ], [ 37.568548, -0.3660043 ], [ 37.572017, -0.3676023 ], [ 37.5737006, -0.3695938 ], [ 37.5792249, -0.3729326 ], [ 37.580324199999986, -0.3736321 ], [ 37.5829911, -0.3719489 ], [ 37.58438020000002, -0.3724758 ], [ 37.5861848, -0.3741016 ], [ 37.5863209, -0.3751268 ], [ 37.587198, -0.3770472 ], [ 37.593866, -0.3816764 ], [ 37.600104, -0.386502 ], [ 37.6031896, -0.3871653 ], [ 37.6061419, -0.387339 ], [ 37.6102227, -0.3880218 ], [ 37.6129826, -0.3873396 ], [ 37.6152697, -0.3908698 ], [ 37.62031, -0.3918244 ], [ 37.6241913, -0.3930021 ], [ 37.6291946, -0.3927518 ], [ 37.6298775, -0.3917858 ], [ 37.6318734, -0.392748 ], [ 37.633975, -0.3956497 ], [ 37.6377894, -0.3976816 ], [ 37.6377727, -0.4004629 ], [ 37.6380392, -0.4025614 ], [ 37.6425032, -0.4071248 ], [ 37.6463842, -0.4117215 ], [ 37.6499653, -0.4133537 ], [ 37.653713, -0.4163682 ], [ 37.657743899999979, -0.419416 ], [ 37.6580438, -0.4199989 ], [ 37.660409, -0.4243458 ], [ 37.6646731, -0.4256782 ], [ 37.6676546, -0.4263777 ], [ 37.6706195, -0.4289758 ], [ 37.6723851, -0.4283096 ], [ 37.6767491, -0.4298751 ], [ 37.6811797, -0.4297086 ], [ 37.6825289, -0.4309077 ], [ 37.6846928, -0.4321104 ], [ 37.6850607, -0.4329729 ], [ 37.6882255, -0.4338723 ], [ 37.690165799999981, -0.4359652 ], [ 37.6907906, -0.4378694 ], [ 37.6928393, -0.4391185 ], [ 37.6951328, -0.441645 ], [ 37.6971918, -0.4411456 ], [ 37.7018087, -0.4427083 ], [ 37.703936, -0.4465982 ], [ 37.7047235, -0.4461107 ], [ 37.7076863, -0.4468232 ], [ 37.708682499999988, -0.4463052 ], [ 37.7111714, -0.4470426 ], [ 37.7117113, -0.4467427 ], [ 37.7132709, -0.4478224 ], [ 37.7171747, -0.4492607 ], [ 37.7184873, -0.4529731 ], [ 37.7221391, -0.4545283 ], [ 37.724044, -0.4537304 ], [ 37.7276756, -0.455148 ], [ 37.7298133, -0.4538731 ], [ 37.73311360000001, -0.4546231 ], [ 37.7336761, -0.4522981 ], [ 37.7352513, -0.4503106 ], [ 37.7375497, -0.450583 ], [ 37.7420167, -0.4493831 ], [ 37.7535702, -0.4495267 ], [ 37.7568929, -0.450615 ], [ 37.7591272, -0.4527917 ], [ 37.770564500000027, -0.4521514 ], [ 37.7718892, -0.4512242 ], [ 37.7730814, -0.4515333 ], [ 37.7755984, -0.4500321 ], [ 37.7778063, -0.4506061 ], [ 37.7814272, -0.4487958 ], [ 37.7844299, -0.4506061 ], [ 37.7861079, -0.4498555 ], [ 37.7867261, -0.4493698 ], [ 37.7881392, -0.4480894 ], [ 37.7881392, -0.4465882 ], [ 37.7893756, -0.44597 ], [ 37.7907886, -0.4465882 ], [ 37.7925549, -0.4455285 ], [ 37.7938355, -0.4437183 ], [ 37.7952927, -0.4443364 ], [ 37.8005466, -0.4404188 ], [ 37.8019788, -0.4404188 ], [ 37.802609, -0.4399033 ], [ 37.8033537, -0.4377839 ], [ 37.8070202, -0.4351489 ], [ 37.8076503, -0.4334304 ], [ 37.8105147, -0.4333159 ], [ 37.8113373, -0.4322022 ], [ 37.8123271, -0.4329794 ], [ 37.8124625, -0.431311 ], [ 37.8149259, -0.431311 ], [ 37.816874, -0.4290741 ], [ 37.8168737, -0.4243799 ], [ 37.8197382, -0.4228333 ], [ 37.8201392, -0.4211721 ], [ 37.82157140000001, -0.4195682 ], [ 37.8226599, -0.4204847 ], [ 37.8246077, -0.4187662 ], [ 37.8251805, -0.4175633 ], [ 37.82649820000001, -0.4172196 ], [ 37.8254097, -0.4168187 ], [ 37.8260399, -0.4161886 ], [ 37.8278731, -0.4168187 ], [ 37.8281022, -0.415673 ], [ 37.8287324, -0.4162458 ], [ 37.829419899999984, -0.4151575 ], [ 37.8277012, -0.4138973 ], [ 37.8275294, -0.4117206 ], [ 37.8289616, -0.4126371 ], [ 37.8302797, -0.4119101 ], [ 37.8315033, -0.4121788 ], [ 37.8312596, -0.4115407 ], [ 37.8301856, -0.4113842 ], [ 37.831242, -0.4088089 ], [ 37.8323989, -0.4097157 ], [ 37.8321697, -0.40794 ], [ 37.8348623, -0.4071953 ], [ 37.8362372, -0.4085701 ], [ 37.8363518, -0.4077108 ], [ 37.8392735, -0.4081691 ], [ 37.8420233, -0.4074817 ], [ 37.8425389, -0.4060496 ], [ 37.8443148, -0.407138 ], [ 37.8466064, -0.4065079 ], [ 37.8460335, -0.4050186 ], [ 37.8454033, -0.4043885 ], [ 37.8485351, -0.4026386 ], [ 37.8484969, -0.3996341 ], [ 37.8501582, -0.399004 ], [ 37.8502155, -0.3970564 ], [ 37.8510748, -0.3971137 ], [ 37.8504447, -0.3963117 ], [ 37.8528508, -0.3942496 ], [ 37.8527362, -0.3925884 ], [ 37.8557725, -0.3907554 ], [ 37.8562308, -0.3920156 ], [ 37.8570328, -0.3913855 ], [ 37.8594962, -0.3900107 ], [ 37.8604128, -0.3892088 ], [ 37.8633345, -0.3873184 ], [ 37.8656042, -0.3861669 ], [ 37.865706, -0.3856799 ], [ 37.8666909, -0.3858014 ], [ 37.8669997, -0.3838411 ], [ 37.8662536, -0.3830656 ], [ 37.866084400000013, -0.3779242 ], [ 37.8661806, -0.3771409 ], [ 37.8658891, -0.3748459 ], [ 37.865739, -0.3733417 ], [ 37.8651453, -0.3728326 ], [ 37.8687548, -0.3705961 ], [ 37.8693644, -0.37037 ], [ 37.8699387, -0.3696917 ], [ 37.869845600000019, -0.3691748 ], [ 37.871514, -0.3685289 ], [ 37.8709601, -0.365056 ], [ 37.873436, -0.3597972 ], [ 37.8738276, -0.3573473 ], [ 37.873186, -0.3564319 ], [ 37.8739706, -0.3549371 ], [ 37.8737001, -0.352778 ], [ 37.879355300000022, -0.3508721 ], [ 37.8803342, -0.3508113 ], [ 37.8815182, -0.3502966 ], [ 37.8850365, -0.3479941 ], [ 37.8866878, -0.3455964 ], [ 37.8881277, -0.346362 ], [ 37.8888278, -0.348424 ], [ 37.891291200000012, -0.3491687 ], [ 37.8917495, -0.3519755 ], [ 37.8950149, -0.3554124 ], [ 37.8946651, -0.3584738 ], [ 37.892856, -0.3636621 ], [ 37.8923144, -0.3639668 ], [ 37.8915341, -0.3644815 ], [ 37.8897146, -0.3671568 ], [ 37.8906408, -0.369758 ], [ 37.893709199999989, -0.3721206 ], [ 37.8953133, -0.3721445 ], [ 37.8970409, -0.3726882 ], [ 37.8971504, -0.3744324 ], [ 37.895557, -0.3766082 ], [ 37.8955277, -0.3775904 ], [ 37.895998100000014, -0.3794178 ], [ 37.8972562, -0.3800968 ], [ 37.8972648, -0.3816462 ], [ 37.892354, -0.3847699 ], [ 37.8914058, -0.3873184 ], [ 37.8922678, -0.3907769 ], [ 37.89006340000001, -0.3928979 ], [ 37.8906735, -0.3967758 ], [ 37.8967707, -0.3983428 ], [ 37.9011648, -0.3992916 ], [ 37.9028061, -0.4016389 ], [ 37.9010875, -0.4080545 ], [ 37.9022202, -0.4089789 ], [ 37.9030498, -0.4090711 ], [ 37.906233, -0.4107987 ], [ 37.9091651, -0.4132099 ], [ 37.9088214, -0.4163604 ], [ 37.9105973, -0.4172769 ], [ 37.911598, -0.4171262 ], [ 37.9149002, -0.4169269 ], [ 37.9164041, -0.4161038 ], [ 37.9208939, -0.4176586 ], [ 37.9216117, -0.417833 ], [ 37.9234696, -0.4190982 ], [ 37.9211957, -0.4237498 ], [ 37.921654, -0.4266139 ], [ 37.9268672, -0.4308527 ], [ 37.9275547, -0.4309673 ], [ 37.9313617, -0.4282981 ], [ 37.9334152, -0.4297994 ], [ 37.9343147, -0.4309673 ], [ 37.9366215, -0.4302655 ], [ 37.9390181, -0.4295312 ], [ 37.9409245, -0.4276784 ], [ 37.9454941, -0.4299836 ], [ 37.9471221, -0.4289719 ], [ 37.9484893, -0.4271202 ], [ 37.951568699999989, -0.4284537 ], [ 37.9535185, -0.4274337 ], [ 37.9586112, -0.4218062 ], [ 37.9606536, -0.4205485 ], [ 37.9608887, -0.419648 ], [ 37.9618318, -0.4157161 ], [ 37.965559, -0.4143004 ], [ 37.9662066, -0.4085085 ], [ 37.9654266, -0.4047554 ], [ 37.9659135, -0.4025318 ], [ 37.9699435, -0.4005073 ], [ 37.9702865, -0.3985658 ], [ 37.9694705, -0.3957309 ], [ 37.9700514, -0.3885954 ], [ 37.9709199, -0.383454 ], [ 37.9748228, -0.38068 ], [ 37.973604, -0.3712504 ], [ 37.9683057, -0.367135 ], [ 37.9692911, -0.3646293 ], [ 37.9758133, -0.3595058 ], [ 37.9786056, -0.3579252 ], [ 37.9780126, -0.3556444 ], [ 37.9720066, -0.3480227 ], [ 37.9740431, -0.3429031 ], [ 37.9791287, -0.333803 ], [ 37.9807373, -0.3287007 ], [ 37.9830445, -0.3275553 ], [ 37.9838341, -0.3275262 ], [ 37.9861058, -0.326989 ], [ 37.986876, -0.3231774 ], [ 37.9847566, -0.3190337 ], [ 37.9806339, -0.3161216 ], [ 37.9801182, -0.3136139 ], [ 37.983185, -0.3085984 ], [ 37.984783, -0.3012053 ], [ 37.9897091, -0.2933042 ], [ 37.9906269, -0.2923696 ], [ 37.9930765, -0.2893524 ], [ 37.9939372, -0.2770935 ], [ 37.9983526, -0.2689208 ], [ 38.0005407, -0.2668756 ], [ 38.0135069, -0.2692461 ], [ 38.0217095, -0.2696482 ], [ 38.0226949, -0.270474 ], [ 38.0233461, -0.2690859 ], [ 38.0291977, -0.2714013 ], [ 38.0322999, -0.2754133 ], [ 38.0400303, -0.2769564 ], [ 38.0456375, -0.2782054 ], [ 38.0591505, -0.2776933 ], [ 38.0646177, -0.2768807 ], [ 38.0714433, -0.2768208 ], [ 38.0739976, -0.2759952 ], [ 38.0747547, -0.2760869 ], [ 38.081981, -0.2772029 ], [ 38.09127, -0.2769752 ], [ 38.1039989, -0.2820478 ], [ 38.1048902, -0.2805535 ], [ 38.1050231, -0.2799823 ], [ 38.1062851, -0.2782488 ], [ 38.115267, -0.2790244 ], [ 38.1169822, -0.2760232 ], [ 38.1266468, -0.2697788 ], [ 38.1271383, -0.2689906 ], [ 38.129710700000025, -0.2637395 ], [ 38.1313714, -0.2627229 ], [ 38.1310003, -0.262403 ], [ 38.1342475, -0.2607067 ], [ 38.1368462, -0.259178 ], [ 38.1393046, -0.2526022 ], [ 38.1390229, -0.2508384 ], [ 38.1414734, -0.2459534 ], [ 38.1424623, -0.2450336 ], [ 38.1462487, -0.2421362 ], [ 38.1479646, -0.2420017 ], [ 38.1512311, -0.2446014 ], [ 38.1550765, -0.2423073 ], [ 38.161547699999986, -0.2402704 ], [ 38.1640495, -0.2357466 ], [ 38.1639322, -0.2312743 ], [ 38.1634991, -0.2273153 ], [ 38.1694598, -0.2163572 ], [ 38.1775425, -0.2030473 ], [ 38.1797859, -0.1982537 ], [ 38.1828459, -0.1924489 ], [ 38.1844189, -0.1831541 ], [ 38.185088700000023, -0.172743 ], [ 38.184530100000011, -0.1682537 ], [ 38.1865201, -0.1553284 ], [ 38.1891014, -0.1539863 ], [ 38.1944861, -0.1531982 ], [ 38.1967479, -0.1490177 ], [ 38.201837, -0.1484009 ], [ 38.202968, -0.148418 ], [ 38.2059591, -0.1476047 ], [ 38.207536, -0.1447413 ], [ 38.2064946, -0.1373929 ], [ 38.2080716, -0.1301486 ], [ 38.2105114, -0.1290925 ], [ 38.2121023, -0.1283265 ], [ 38.2130568, -0.1272044 ], [ 38.2138141, -0.1180848 ], [ 38.2232896, -0.1064107 ], [ 38.2305115, -0.1019927 ], [ 38.2327471, -0.0984405 ], [ 38.236846399999983, -0.0960806 ], [ 38.2385437, -0.0958229 ], [ 38.2439367, -0.0937107 ], [ 38.2507156, -0.0884785 ], [ 38.2551802, -0.0895095 ], [ 38.2604685, -0.0922474 ], [ 38.2614599, -0.0943203 ], [ 38.2682484, -0.0957272 ], [ 38.272382, -0.0971574 ], [ 38.2745472, -0.0950551 ], [ 38.2753672, -0.0907758 ], [ 38.27616170000001, -0.0895971 ], [ 38.282284499999989, -0.0862303 ], [ 38.287002, -0.0876497 ], [ 38.2883188, -0.0862137 ], [ 38.2884247, -0.084872 ], [ 38.2901903, -0.0797701 ], [ 38.294533600000022, -0.0775987 ], [ 38.2949781, -0.0770138 ], [ 38.3015076, -0.0705725 ], [ 38.3036087, -0.0632991 ], [ 38.3039712, -0.0627105 ], [ 38.3086229, -0.0565377 ], [ 38.3091444, -0.0562729 ], [ 38.3103178, -0.0557761 ], [ 38.3061298, -0.0550496 ], [ 38.3035622, -0.0538413 ], [ 38.300582, -0.0530333 ], [ 38.3012941, -0.0512928 ], [ 38.3027435, -0.0501921 ], [ 38.3036106, -0.0477572 ], [ 38.3034812, -0.047044 ], [ 38.3023721, -0.0448819 ], [ 38.3012882, -0.0442462 ], [ 38.2983613, -0.0433683 ], [ 38.2974987, -0.0387374 ], [ 38.2951251, -0.0391462 ], [ 38.2945449, -0.038804 ], [ 38.29392210000001, -0.0383434 ], [ 38.2915151, -0.0349211 ], [ 38.2912017, -0.0339279 ], [ 38.289665, -0.0290039 ], [ 38.286405, -0.0264514 ], [ 38.2840606, -0.0259694 ], [ 38.2823587, -0.0241145 ], [ 38.2790465, -0.0247287 ], [ 38.2778141, -0.0238013 ], [ 38.277506700000011, -0.0221772 ], [ 38.2736334, -0.0220509 ], [ 38.2717185, -0.0212855 ], [ 38.2692851, -0.021538 ], [ 38.2644713, -0.0180818 ], [ 38.2612614, -0.0190188 ], [ 38.2545018, -0.0166447 ], [ 38.2535683, -0.0167676 ], [ 38.2501077, -0.0175811 ], [ 38.2490332, -0.0232822 ], [ 38.2465979, -0.0238037 ], [ 38.2436837, -0.021001 ], [ 38.2419582, -0.0191262 ], [ 38.2406927, -0.0186429 ], [ 38.2386029, -0.0167293 ], [ 38.2381431, -0.0131346 ], [ 38.2332345, -0.0120324 ], [ 38.2315854, -0.0121095 ], [ 38.2290862, -0.0002494 ], [ 38.2221822, 0.0016581 ], [ 38.2213865, 0.0030125 ], [ 38.2233254, 0.005394 ], [ 38.2233254, 0.0059753 ], [ 38.2231909, 0.0068444 ], [ 38.2200079, 0.0099482 ], [ 38.2170939, 0.0109753 ], [ 38.2125884, 0.0107835 ], [ 38.2103692, 0.0125668 ], [ 38.207578500000011, 0.0150047 ], [ 38.2043395, 0.0143614 ], [ 38.2028488, 0.0135036 ], [ 38.1977045, 0.0123298 ], [ 38.195832800000012, 0.0124201 ], [ 38.1946448, 0.0114608 ], [ 38.1937593, 0.0114946 ], [ 38.1914281, 0.0113535 ], [ 38.19053150000002, 0.013182 ], [ 38.182742100000027, 0.0154055 ], [ 38.18182310000001, 0.0162972 ], [ 38.1789315, 0.0198976 ], [ 38.1727112, 0.0221099 ], [ 38.1707274, 0.0216245 ], [ 38.1656839, 0.0236787 ], [ 38.161806, 0.0238989 ], [ 38.1607301, 0.0247905 ], [ 38.1592731, 0.0267036 ], [ 38.1579057, 0.0293899 ], [ 38.1539942, 0.0307669 ], [ 38.1534563, 0.0312691 ], [ 38.1508449, 0.0338425 ], [ 38.1499594, 0.0342827 ], [ 38.1424839, 0.042189 ], [ 38.1356471, 0.0457331 ], [ 38.1298415, 0.0474939 ], [ 38.128900099999981, 0.0484081 ], [ 38.124865299999989, 0.0468505 ], [ 38.1226704, 0.0481524 ], [ 38.1208193, 0.0462749 ], [ 38.1174794, 0.0479454 ], [ 38.1175354, 0.0501011 ], [ 38.1163474, 0.0503946 ], [ 38.1152378, 0.0525052 ], [ 38.11146, 0.0512984 ], [ 38.1106134, 0.0484818 ], [ 38.1095708, 0.047351 ], [ 38.1070113, 0.0468901 ], [ 38.1056664, 0.0442378 ], [ 38.1013626, 0.0463823 ], [ 38.0981124, 0.0461565 ], [ 38.0969468, 0.0451972 ], [ 38.0963062, 0.0452663 ], [ 38.094926099999988, 0.0414945 ], [ 38.0943017, 0.0406769 ], [ 38.0921835, 0.0405189 ], [ 38.091558700000014, 0.0399257 ], [ 38.0893367, 0.039029 ], [ 38.0889238, 0.0382679 ], [ 38.0882374, 0.0357866 ], [ 38.0864787, 0.0325956 ], [ 38.0843156, 0.0301634 ], [ 38.084797499999986, 0.0277593 ], [ 38.082085200000023, 0.0253609 ], [ 38.0807739, 0.0277932 ], [ 38.0792214, 0.0276452 ], [ 38.074688099999989, 0.0301747 ], [ 38.0740157, 0.0296668 ], [ 38.0751175, 0.0289813 ], [ 38.0758201, 0.0281092 ], [ 38.0741373, 0.0277908 ], [ 38.0729845, 0.0278271 ], [ 38.0743967, 0.0253666 ], [ 38.0727043, 0.0246894 ], [ 38.073005200000011, 0.0228092 ], [ 38.0714379, 0.0242153 ], [ 38.070799, 0.023809 ], [ 38.0705637, 0.021721 ], [ 38.0686359, 0.0221217 ], [ 38.068098, 0.0241307 ], [ 38.06687070000001, 0.0227255 ], [ 38.0645171, 0.0238321 ], [ 38.0645827, 0.0244623 ], [ 38.0637853, 0.0249924 ], [ 38.0616564, 0.0235547 ], [ 38.0609875, 0.0218047 ], [ 38.06038, 0.02156 ], [ 38.0580602, 0.0219428 ], [ 38.0571888, 0.0225045 ], [ 38.0541299, 0.0238466 ], [ 38.0544124, 0.0250847 ], [ 38.053145, 0.02595 ], [ 38.0515396, 0.0262807 ], [ 38.052036, 0.0247359 ], [ 38.0504818, 0.02374 ], [ 38.0506102, 0.022885 ], [ 38.0494316, 0.0229576 ], [ 38.0490459, 0.0244976 ], [ 38.0481282, 0.024803 ], [ 38.0463404, 0.025471 ], [ 38.0448147, 0.0242558 ], [ 38.0457767, 0.0222706 ], [ 38.0448475, 0.0211496 ], [ 38.0369433, 0.0273742 ], [ 38.0357596, 0.0278447 ], [ 38.0129937, 0.0405791 ], [ 38.005703, 0.0480159 ], [ 38.0006964, 0.0523663 ], [ 37.9931294, 0.0570022 ], [ 37.9876184, 0.0573194 ], [ 37.9787617, 0.0574253 ], [ 37.977806799999989, 0.0577816 ], [ 37.9749474, 0.0584816 ], [ 37.9707149, 0.0576891 ], [ 37.969678, 0.0578388 ], [ 37.9661178, 0.059373 ], [ 37.9657225, 0.0603097 ], [ 37.9631711, 0.0626363 ], [ 37.962459399999986, 0.0629065 ], [ 37.9594501, 0.0549064 ], [ 37.9574487, 0.0542441 ], [ 37.9564248, 0.055422 ], [ 37.9557947, 0.0553993 ], [ 37.9554966, 0.0541875 ], [ 37.9538763, 0.0546745 ], [ 37.9531393, 0.0555919 ], [ 37.9521942, 0.0552861 ], [ 37.9520826, 0.0570076 ], [ 37.9493154, 0.0579514 ], [ 37.9479982, 0.0611755 ], [ 37.948403299999988, 0.0626592 ] ] ] } }
]
}
